Modality,Model,Layer,Mean Norm,Feature Std,Mean Correlation,AGOP Ratio,Chaotic,Eff. Rank,Spectral Decay,Alpha
Vision,efficientnet_b0,avgpool,9.42613,0.11184373,0.3910496497766747,97157595000.0,True,3.2492878,6.15364050738837,
Vision,efficientnet_b0,block_1,16.97176,3.417194,0.40249877894600283,1903714300.0,True,3.507746,9.038507116838966,
Vision,efficientnet_b0,block_2,34.640186,5.3748784,0.42154345286890726,1334739800.0,True,3.2706327,9.166700225643575,
Vision,efficientnet_b0,block_4,51.379883,3.080675,0.39045100692669427,66352624000.0,True,3.3888605,6.954895022097486,
Vision,efficientnet_b0,block_6,39.831093,1.5653416,0.45601876048946605,55528194000.0,True,2.5085404,6.03338610955306,
Vision,efficientnet_b0,stem,30.665567,1.629531,0.38061228516645,78529544000.0,True,2.0457032,10.645489614920212,
Vision,mobilenet_v2,block_13,2.8026717,0.17305286,0.38543126858324334,4703211500.0,True,3.367965,6.5145827371923755,
Vision,mobilenet_v2,block_17,2.103913,0.08045577,0.34646016513846184,3633415700.0,True,4.9745073,6.229255075896861,
Vision,mobilenet_v2,block_3,2.8945224,0.51520854,0.3946226986560122,301735900.0,True,3.8285315,9.009818332244754,
Vision,mobilenet_v2,block_6,4.4840655,0.57128644,0.3716685517049318,1309154400.0,True,4.5132027,9.039261807472114,
Vision,mobilenet_v2,final,15.066193,0.2039208,,163131520000.0,True,4.8686056,6.277644876165385,
Vision,mobilenet_v2,stem,3.755133,0.2413422,,8804732000.0,True,2.6556916,10.506270938624509,
Vision,resnet18,avgpool,16.502453,0.34170634,0.35839825527562597,272000900000.0,True,3.3545725,6.321421071257686,
Vision,resnet18,conv1,4.20327,0.21770374,,9697998000.0,True,2.5070977,8.459706675439362,
Vision,resnet18,layer1,5.4810357,0.27583495,0.3998312158757686,7168639000.0,True,2.8161952,7.806256410003152,
Vision,resnet18,layer2,2.7229521,0.092737705,0.3958890654133176,3830954200.0,True,3.4674516,6.721696778825155,
Vision,resnet18,layer3,2.8618164,0.06406422,0.3886507199759547,4718462000.0,True,3.088676,6.327182098014148,
Vision,resnet18,layer4,16.502453,0.34170634,0.35839825527562597,272000900000.0,True,3.3545725,6.321421071257686,
Vision,squeezenet,conv1,14.578211,1.2655177,0.4531074867148687,631730540000.0,True,1.8023361,7.689336431170271,
Vision,squeezenet,conv10,56.230602,0.8182579,,4079696000000.0,True,3.4417672,6.669807504922124,
Vision,squeezenet,fire2,31.31847,1.4632162,,61248037000.0,True,4.351606,6.483319015627762,
Vision,squeezenet,fire4,75.934326,3.9309406,0.4344941115400543,56752902000.0,True,3.3623438,6.399838428022763,
Vision,squeezenet,fire7,294.0985,8.829798,0.40858542221171584,9013336000000.0,True,3.4104178,6.158527427600042,
Vision,squeezenet,fire9,409.76752,9.398069,,31083503000000.0,True,3.4797146,6.168372862302898,
Language,albert,embeddings,12.30404,0.13898246,0.36121801045191554,29768727000.0,True,4.7585306,5.745003666826872,
Language,albert,final,18.03694,0.21448936,0.38072131581149676,43651887000.0,True,4.2122746,5.732812814682691,
Language,albert,layer_0,10.835502,0.1443607,0.3659355967238734,32775156000.0,True,4.5454483,5.7292609612525585,
Language,albert,layer_1,11.381369,0.15301047,0.36846582730811733,37812950000.0,True,4.557376,5.735810150357049,
Language,albert,layer_2,10.847802,0.14872448,0.3667854382961512,38353998000.0,True,4.4201612,5.749324863245275,
Language,albert,layer_3,10.971872,0.14913546,0.36227497647542806,35849810000.0,True,4.342897,5.77331478774079,
Language,albert,layer_4,11.301757,0.14784133,0.36223577427602577,43263840000.0,True,4.1891556,5.792336653560292,
Language,albert,layer_5,11.593792,0.14823571,0.35805335192625454,43822990000.0,True,3.8000298,5.832129823218076,
Language,distilbert,embeddings,6.7475376,0.13135248,0.3418403838752894,19695114000.0,True,5.4381566,5.726483444609674,
Language,distilbert,final,7.578431,0.09599346,0.364482553025475,12072487000.0,True,4.6388874,5.6738499170983685,
Language,distilbert,layer_0,9.722121,0.13344572,0.3484628248828652,18095788000.0,True,5.0684814,5.720296544566332,
Language,distilbert,layer_1,10.6545515,0.122273006,0.34805872784995584,19891500000.0,True,5.101174,5.715858568400907,
Language,distilbert,layer_2,12.846086,0.12490899,0.3539143593024235,20625570000.0,True,4.9062467,5.7061606116236865,
Language,distilbert,layer_3,14.445991,0.117578775,0.3607423434538829,19476620000.0,True,4.742211,5.700512932756481,
Language,distilbert,layer_4,15.868086,0.1302756,0.36653644980531974,18972709000.0,True,4.6702256,5.686896716265298,
Language,distilbert,layer_5,7.578431,0.09599346,0.364482553025475,12072487000.0,True,4.6388874,5.6738499170983685,
