encoder,pair,factor,metric,value,ceiling,value_norm,acc,partial,stratified
dinov2_b,ref|human,au_vs_human,au,0.3605754918212637,0.698809030790897,0.5159857356353454,0.9846,,
dinov2_b,retest|human,au_vs_human,au,0.3610644753259718,0.698809030790897,0.5166854740233205,0.9843,,
dinov2_b,frac0.1|human,au_vs_human,au,0.37238009199725686,0.698809030790897,0.5328781907351786,0.9792,,
dinov2_b,frac0.25|human,au_vs_human,au,0.3543414864969297,0.698809030790897,0.5070648358620862,0.9812,,
dinov2_b,halfA|human,au_vs_human,au,0.3680478150832317,0.698809030790897,0.5266786759562668,0.9828,,
dinov2_b,halfB|human,au_vs_human,au,0.35583778762738666,0.698809030790897,0.509206051937619,0.9837,,
dinov2_b,wd/10|human,au_vs_human,au,0.3539921227303114,0.698809030790897,0.5065648941738357,0.9836,,
dinov2_b,wdx10|human,au_vs_human,au,0.36391188882977754,0.698809030790897,0.520760140174362,0.9839,,
dinov2_b,ref|retest,noise_floor,width_sum,0.9976592641005926,,,,0.6078210187788486,0.9968922716922718
dinov2_b,ref|retest,noise_floor,mi,0.9927605440984916,,,,0.7838676400108211,0.990556415869067
dinov2_b,ref|retest,noise_floor,au,0.999233891012339,,,,0.749333692489055,0.9990010806010808
dinov2_b,ref|frac0.1,data_fraction,width_sum,0.9382662606226626,,,,0.3957490654888671,0.9226577998577999
dinov2_b,ref|frac0.1,data_fraction,mi,0.9273347272177132,,,,0.4150755028135474,0.9089467060378864
dinov2_b,ref|frac0.1,data_fraction,au,0.9430125732849548,,,,0.41711699439334343,0.9293095961095961
dinov2_b,ref|frac0.25,data_fraction,width_sum,0.9626257758742578,,,,0.4797570067156529,0.9536543408543409
dinov2_b,ref|frac0.25,data_fraction,mi,0.9531374795728136,,,,0.5361608904339389,0.941818565330643
dinov2_b,ref|frac0.25,data_fraction,au,0.9668547174685471,,,,0.5057310771955453,0.9593000897000898
dinov2_b,halfA|halfB,disjoint_data,width_sum,0.9429525889175259,,,,0.45077511545491933,0.9292165264165264
dinov2_b,halfA|halfB,disjoint_data,mi,0.93225640724939,,,,0.548509152713828,0.9154471113325787
dinov2_b,halfA|halfB,disjoint_data,au,0.9488258266642583,,,,0.4587973177176883,0.9370273066273066
dinov2_b,ref|wd/10,weight_decay,width_sum,0.9892832789088327,,,,0.2777825561531617,0.9864836184836185
dinov2_b,ref|wd/10,weight_decay,mi,0.9637094113039083,,,,0.19285028946162547,0.9533928913737635
dinov2_b,ref|wd/10,weight_decay,au,0.9892196979221323,,,,0.15163990323912538,0.9866607506607508
dinov2_b,ref|wdx10,weight_decay,width_sum,0.9837660494616604,,,,0.5515077642387165,0.9795243207243208
dinov2_b,ref|wdx10,weight_decay,mi,0.9767378338823354,,,,0.526037100416161,0.9699252954223944
dinov2_b,ref|wdx10,weight_decay,au,0.9839479407594794,,,,0.403463794662922,0.9798669402669404
clip_b16,ref|human,au_vs_human,au,0.4288669386796329,0.698809030790897,0.6137112140555061,0.9544,,
clip_b16,retest|human,au_vs_human,au,0.4277959833735132,0.698809030790897,0.6121786704578545,0.9547,,
clip_b16,frac0.1|human,au_vs_human,au,0.42284683329674194,0.698809030790897,0.605096406407589,0.9392,,
clip_b16,frac0.25|human,au_vs_human,au,0.4145653621091064,0.698809030790897,0.5932455704527891,0.9446,,
clip_b16,halfA|human,au_vs_human,au,0.42753485307074546,0.698809030790897,0.6118049913963916,0.9501,,
clip_b16,halfB|human,au_vs_human,au,0.4155330676099871,0.698809030790897,0.5946303629472214,0.952,,
clip_b16,wd/10|human,au_vs_human,au,0.4154896062233432,0.698809030790897,0.5945681694369362,0.9541,,
clip_b16,wdx10|human,au_vs_human,au,0.4261153862178368,0.698809030790897,0.6097737256422812,0.949,,
clip_b16,ref|retest,noise_floor,width_sum,0.9965053246970532,,,,0.5174293698388168,0.9944569736569736
clip_b16,ref|retest,noise_floor,mi,0.993258246343115,,,,0.7331552080612794,0.9897161531246486
clip_b16,ref|retest,noise_floor,au,0.9989145913041427,,,,0.9654357806576257,0.9984110808110808
clip_b16,ref|frac0.1,data_fraction,width_sum,0.896080204448802,,,,0.21418893254727406,0.8556926376926377
clip_b16,ref|frac0.1,data_fraction,mi,0.8918189874349078,,,,0.38992948704846175,0.8508854015022187
clip_b16,ref|frac0.1,data_fraction,au,0.9041755778817557,,,,0.563268876875561,0.8686049722049722
clip_b16,ref|frac0.25,data_fraction,width_sum,0.945405499426055,,,,0.3287364583581528,0.9232236340236343
clip_b16,ref|frac0.25,data_fraction,mi,0.9409060013344329,,,,0.501611693421796,0.9180958604069256
clip_b16,ref|frac0.25,data_fraction,au,0.951164498167645,,,,0.6537599342838833,0.9324615120615121
clip_b16,halfA|halfB,disjoint_data,width_sum,0.9149485246134852,,,,0.3001208179466895,0.8824578364578365
clip_b16,halfA|halfB,disjoint_data,mi,0.9081108372718636,,,,0.5241208968549401,0.8746127294583536
clip_b16,halfA|halfB,disjoint_data,au,0.9239243741632437,,,,0.6370261478034703,0.8954008970008971
clip_b16,ref|wd/10,weight_decay,width_sum,0.9763423309274234,,,,0.11028336288253562,0.9667257763257762
clip_b16,ref|wd/10,weight_decay,mi,0.9702575488069658,,,,0.34634027677176965,0.9592370270310724
clip_b16,ref|wd/10,weight_decay,au,0.974912389649124,,,,0.2057622184421587,0.965409387009387
clip_b16,ref|wdx10,weight_decay,width_sum,0.965745697377457,,,,0.4505958176978967,0.9512455736455738
clip_b16,ref|wdx10,weight_decay,mi,0.964358290679835,,,,0.576533596488864,0.9495903874045293
clip_b16,ref|wdx10,weight_decay,au,0.9636377057403771,,,,0.7844572555543391,0.9491417363417364
vit_sup_b16,ref|human,au_vs_human,au,0.34800498134962726,0.698809030790897,0.49799725821482693,0.9811,,
vit_sup_b16,retest|human,au_vs_human,au,0.3487039835341023,0.698809030790897,0.49899753461893115,0.9805,,
vit_sup_b16,frac0.1|human,au_vs_human,au,0.3557604069923188,0.698809030790897,0.5090953197752422,0.9756,,
vit_sup_b16,frac0.25|human,au_vs_human,au,0.3440690823507355,0.698809030790897,0.4923649626584327,0.9779,,
vit_sup_b16,halfA|human,au_vs_human,au,0.34806367039200214,0.698809030790897,0.4980812425936614,0.9788,,
vit_sup_b16,halfB|human,au_vs_human,au,0.3484061588335936,0.698809030790897,0.4985713456497193,0.9798,,
vit_sup_b16,wd/10|human,au_vs_human,au,0.33830727625692414,0.698809030790897,0.484119782874064,0.9792,,
vit_sup_b16,wdx10|human,au_vs_human,au,0.3552227143065595,0.698809030790897,0.5083258782510668,0.9796,,
vit_sup_b16,ref|retest,noise_floor,width_sum,0.9970345028263451,,,,0.5520066356513872,0.9961621513621515
vit_sup_b16,ref|retest,noise_floor,mi,0.9911942811557289,,,,0.7189991576492679,0.9884262672322859
vit_sup_b16,ref|retest,noise_floor,au,0.998765908659659,,,,0.7865341427682856,0.9984014172014174
vit_sup_b16,ref|frac0.1,data_fraction,width_sum,0.9290462075664621,,,,0.2463001764919087,0.9128924588924587
vit_sup_b16,ref|frac0.1,data_fraction,mi,0.9193941606878883,,,,0.304136732778144,0.899939725341334
vit_sup_b16,ref|frac0.1,data_fraction,au,0.9340669340566693,,,,0.3528945353062698,0.919680088080088
vit_sup_b16,ref|frac0.25,data_fraction,width_sum,0.9542383232183832,,,,0.4275314765559236,0.9446600918600918
vit_sup_b16,ref|frac0.25,data_fraction,mi,0.9473985542500066,,,,0.4943347294315997,0.9359474346866508
vit_sup_b16,ref|frac0.25,data_fraction,au,0.9578301024591745,,,,0.5153520813645963,0.9495648135648136
vit_sup_b16,halfA|halfB,disjoint_data,width_sum,0.9412610486926104,,,,0.38895802840125443,0.9279639435639437
vit_sup_b16,halfA|halfB,disjoint_data,mi,0.9305599490292329,,,,0.4781423209445198,0.9139614407671519
vit_sup_b16,halfA|halfB,disjoint_data,au,0.9463478089663171,,,,0.4856349668489436,0.9345351894183022
vit_sup_b16,ref|wd/10,weight_decay,width_sum,0.9874123448381235,,,,0.27646840727056543,0.9847755403755404
vit_sup_b16,ref|wd/10,weight_decay,mi,0.9718855513883686,,,,0.20522651719256294,0.9658614024017407
vit_sup_b16,ref|wd/10,weight_decay,au,0.9863012875819718,,,,0.167963333682227,0.9834895854895855
vit_sup_b16,ref|wdx10,weight_decay,width_sum,0.9804673875726738,,,,0.4291343275435943,0.9759643539643541
vit_sup_b16,ref|wdx10,weight_decay,mi,0.9741189817189666,,,,0.47532971045076755,0.9672831721549588
vit_sup_b16,ref|wdx10,weight_decay,au,0.9802563663615044,,,,0.31444172422357597,0.9758520509445432
convnext_s,ref|human,au_vs_human,au,0.3382749202193333,0.698809030790897,0.48407348118624205,0.9704,,
convnext_s,retest|human,au_vs_human,au,0.33878766529106,0.698809030790897,0.4848072225220494,0.97,,
convnext_s,frac0.1|human,au_vs_human,au,0.35412854780112973,0.698809030790897,0.5067601192851424,0.9618,,
convnext_s,frac0.25|human,au_vs_human,au,0.3206759886711922,0.698809030790897,0.4588893024296753,0.966,,
convnext_s,halfA|human,au_vs_human,au,0.34106008048166236,0.698809030790897,0.4880590625677203,0.9678,,
convnext_s,halfB|human,au_vs_human,au,0.32923656658040545,0.698809030790897,0.4711395418112766,0.9685,,
convnext_s,wd/10|human,au_vs_human,au,0.3215875627814477,0.698809030790897,0.46019377056058053,0.9693,,
convnext_s,wdx10|human,au_vs_human,au,0.35407574489474475,0.698809030790897,0.5066845580029347,0.9706,,
convnext_s,ref|retest,noise_floor,width_sum,0.9954721683787215,,,,0.5534879991227781,0.9941961821961824
convnext_s,ref|retest,noise_floor,mi,0.9916478404770577,,,,0.7776664338947192,0.9893890311576662
convnext_s,ref|retest,noise_floor,au,0.9981994071939833,,,,0.917488737895925,0.9977668889668891
convnext_s,ref|frac0.1,data_fraction,width_sum,0.8837229455332295,,,,0.2825065424975043,0.8598842334842335
convnext_s,ref|frac0.1,data_fraction,mi,0.8802834197206939,,,,0.405151739075607,0.8551496832566985
convnext_s,ref|frac0.1,data_fraction,au,0.8885388554780541,,,,0.5824487479564467,0.8666063054063053
convnext_s,ref|frac0.25,data_fraction,width_sum,0.9321822123338221,,,,0.38758086086254745,0.9174905274905276
convnext_s,ref|frac0.25,data_fraction,mi,0.929397042622783,,,,0.5357837287548021,0.9139654140880124
convnext_s,ref|frac0.25,data_fraction,au,0.9358987134826026,,,,0.6581356165469465,0.9226560994560996
convnext_s,halfA|halfB,disjoint_data,width_sum,0.880353511891535,,,,0.40255995976312486,0.8561713493713494
convnext_s,halfA|halfB,disjoint_data,mi,0.8762613178283307,,,,0.5938428355954799,0.8516807585737581
convnext_s,halfA|halfB,disjoint_data,au,0.888509100281091,,,,0.5816853161828938,0.8667607335607336
convnext_s,ref|wd/10,weight_decay,width_sum,0.9799184469551845,,,,0.12450618099843641,0.9758727686727686
convnext_s,ref|wd/10,weight_decay,mi,0.9720951354978201,,,,0.3507180639338505,0.9662433170637638
convnext_s,ref|wd/10,weight_decay,au,0.9777246041941792,,,,0.028524367795846058,0.9733447225447227
convnext_s,ref|wdx10,weight_decay,width_sum,0.9674258483062586,,,,0.5022377140922578,0.9591835659835661
convnext_s,ref|wdx10,weight_decay,mi,0.9651210401895743,,,,0.633485147367965,0.9565407750359654
convnext_s,ref|wdx10,weight_decay,au,0.9688102229799151,,,,0.7689201134343427,0.9610064566064566
mae_b16,ref|human,au_vs_human,au,0.3827922035370989,0.698809030790897,0.5477779860741968,0.8975,,
mae_b16,retest|human,au_vs_human,au,0.38358001421564847,0.698809030790897,0.5489053479768584,0.897,,
mae_b16,frac0.1|human,au_vs_human,au,0.3376818978585572,0.698809030790897,0.48322486255848196,0.8489,,
mae_b16,frac0.25|human,au_vs_human,au,0.3531035349958053,0.698809030790897,0.505293319687312,0.8702,,
mae_b16,halfA|human,au_vs_human,au,0.37531976787817456,0.698809030790897,0.5370848849125429,0.886,,
mae_b16,halfB|human,au_vs_human,au,0.36703982766191506,0.698809030790897,0.5252362397871523,0.8885,,
mae_b16,wd/10|human,au_vs_human,au,0.37694457252185737,0.698809030790897,0.5394099903019851,0.8963,,
mae_b16,wdx10|human,au_vs_human,au,0.3837531305052978,0.698809030790897,0.5491530784468746,0.8954,,
mae_b16,ref|retest,noise_floor,width_sum,0.9940619428006195,,,,0.5845320508842163,0.9913125925125925
mae_b16,ref|retest,noise_floor,mi,0.9891649659011411,,,,0.7621448074165557,0.9850957429635482
mae_b16,ref|retest,noise_floor,au,0.9981130328761246,,,,0.9520689198244933,0.9973820689820689
mae_b16,ref|frac0.1,data_fraction,width_sum,0.8353257550212575,,,,0.16589116680539326,0.7965824517824518
mae_b16,ref|frac0.1,data_fraction,mi,0.8351111475230462,,,,0.3522191035780661,0.7982507839574136
mae_b16,ref|frac0.1,data_fraction,au,0.8456528567245286,,,,0.40147734266704344,0.8076613152613152
mae_b16,ref|frac0.25,data_fraction,width_sum,0.9048336384723363,,,,0.18712692326698088,0.8783485259485261
mae_b16,ref|frac0.25,data_fraction,mi,0.9013588012853334,,,,0.4149074868590263,0.8757066561055671
mae_b16,ref|frac0.25,data_fraction,au,0.9130920551989206,,,,0.4671733504224343,0.8885808113808114
mae_b16,halfA|halfB,disjoint_data,width_sum,0.8773637531296375,,,,0.24127693687239085,0.8439341091341092
mae_b16,halfA|halfB,disjoint_data,mi,0.8743596107709273,,,,0.476503202903509,0.8421308740099549
mae_b16,halfA|halfB,disjoint_data,au,0.8896999512436686,,,,0.47434426111860517,0.8579130107130108
mae_b16,ref|wd/10,weight_decay,width_sum,0.9897802136138022,,,,0.43539072839188997,0.9856960816960818
mae_b16,ref|wd/10,weight_decay,mi,0.984378055533975,,,,0.6762419141937027,0.979376944173778
mae_b16,ref|wd/10,weight_decay,au,0.9935106218900868,,,,0.8188704607476345,0.9909531837531838
mae_b16,ref|wdx10,weight_decay,width_sum,0.9728358521123586,,,,0.5154851203772357,0.9625777753777754
mae_b16,ref|wdx10,weight_decay,mi,0.9690640162196164,,,,0.6567227897898233,0.9583101652394952
mae_b16,ref|wdx10,weight_decay,au,0.9760470869564708,,,,0.7589344480630332,0.9678317226317226
