source,share,phi,total,noise_floor
representation,0.6059268414306748,0.43440480860358843,0.7169261681458116,0.33007459096038816
head,0.09805322192250251,0.07029692066725061,0.7169261681458116,0.33007459096038816
data,0.2960199366468226,0.21222443887497242,0.7169261681458116,0.33007459096038816
"cell(0, 0, 0)",,0.0,0.7169261681458116,0.33007459096038816
"cell(0, 0, 1)",,0.5253679490002361,0.7169261681458116,0.33007459096038816
"cell(0, 1, 0)",,0.3681105954651439,0.7169261681458116,0.33007459096038816
"cell(0, 1, 1)",,0.5168646332688566,0.7169261681458116,0.33007459096038816
"cell(1, 0, 0)",,0.8226180630502297,0.7169261681458116,0.33007459096038816
"cell(1, 0, 1)",,0.7905729415564466,0.7169261681458116,0.33007459096038816
"cell(1, 1, 0)",,0.6639752586760952,0.7169261681458116,0.33007459096038816
"cell(1, 1, 1)",,0.7169261681458116,0.7169261681458116,0.33007459096038816
