encoder_a,encoder_b,metric,source,share,phi,total,noise_floor,cka
dinov2_b,vit_sup_b16,width_sum,representation,0.9265687491120934,0.302685599112856,0.32667365417073657,0.0025529079735291393,0.8369693163124918
dinov2_b,vit_sup_b16,width_sum,head,-0.016451177097167636,-0.005374166137741682,0.32667365417073657,0.0025529079735291393,0.8369693163124918
dinov2_b,vit_sup_b16,width_sum,data,0.08988242798507413,0.02936222119562224,0.32667365417073657,0.0025529079735291393,0.8369693163124918
dinov2_b,vit_sup_b16,width_sum,"cell(0, 0, 0)",,0.0,0.32667365417073657,0.0025529079735291393,0.8369693163124918
dinov2_b,vit_sup_b16,width_sum,"cell(0, 0, 1)",,0.055981884163818885,0.32667365417073657,0.0025529079735291393,0.8369693163124918
dinov2_b,vit_sup_b16,width_sum,"cell(0, 1, 0)",,0.01161522734015219,0.32667365417073657,0.0025529079735291393,0.8369693163124918
dinov2_b,vit_sup_b16,width_sum,"cell(0, 1, 1)",,0.0418327606903276,0.32667365417073657,0.0025529079735291393,0.8369693163124918
dinov2_b,vit_sup_b16,width_sum,"cell(1, 0, 0)",,0.3264247637282477,0.32667365417073657,0.0025529079735291393,0.8369693163124918
dinov2_b,vit_sup_b16,width_sum,"cell(1, 0, 1)",,0.3431427548034275,0.32667365417073657,0.0025529079735291393,0.8369693163124918
dinov2_b,vit_sup_b16,width_sum,"cell(1, 1, 0)",,0.3180366369603663,0.32667365417073657,0.0025529079735291393,0.8369693163124918
dinov2_b,vit_sup_b16,width_sum,"cell(1, 1, 1)",,0.32667365417073657,0.32667365417073657,0.0025529079735291393,0.8369693163124918
dinov2_b,vit_sup_b16,mi,representation,0.9137282307691261,0.2985382900154137,0.3267254747772438,0.007387449836836701,0.8369693163124918
dinov2_b,vit_sup_b16,mi,head,-0.01377544010499938,-0.0045007872085714076,0.3267254747772438,0.007387449836836701,0.8369693163124918
dinov2_b,vit_sup_b16,mi,data,0.10004720933587312,0.03268797197040144,0.3267254747772438,0.007387449836836701,0.8369693163124918
dinov2_b,vit_sup_b16,mi,"cell(0, 0, 0)",,1.1102230246251565e-16,0.3267254747772438,0.007387449836836701,0.8369693163124918
dinov2_b,vit_sup_b16,mi,"cell(0, 0, 1)",,0.06495612270897466,0.3267254747772438,0.007387449836836701,0.8369693163124918
dinov2_b,vit_sup_b16,mi,"cell(0, 1, 0)",,0.018707825817865342,0.3267254747772438,0.007387449836836701,0.8369693163124918
dinov2_b,vit_sup_b16,mi,"cell(0, 1, 1)",,0.051216853709483146,0.3267254747772438,0.007387449836836701,0.8369693163124918
dinov2_b,vit_sup_b16,mi,"cell(1, 0, 0)",,0.33029570098012484,0.3267254747772438,0.007387449836836701,0.8369693163124918
dinov2_b,vit_sup_b16,mi,"cell(1, 0, 1)",,0.34570713299519396,0.3267254747772438,0.007387449836836701,0.8369693163124918
dinov2_b,vit_sup_b16,mi,"cell(1, 1, 0)",,0.31757791152835757,0.3267254747772438,0.007387449836836701,0.8369693163124918
dinov2_b,vit_sup_b16,mi,"cell(1, 1, 1)",,0.3267254747772439,0.3267254747772438,0.007387449836836701,0.8369693163124918
