encoder,rho_a,rho_b,value
dinov2_b,0.0001,0.0001,1.0
dinov2_b,0.0001,0.001,0.999984801459848
dinov2_b,0.0001,0.01,0.9997542793335428
dinov2_b,0.0001,0.1,0.9972758361607584
dinov2_b,0.0001,1.0,0.9734044799660448
dinov2_b,0.0001,10.0,0.8667487411354875
dinov2_b,0.0001,100.0,0.6547467171074672
dinov2_b,0.001,0.0001,0.999984801459848
dinov2_b,0.001,0.001,1.0
dinov2_b,0.001,0.01,0.9998435253504353
dinov2_b,0.001,0.1,0.9974862130588622
dinov2_b,0.001,1.0,0.9738139891981399
dinov2_b,0.001,10.0,0.8672966975009669
dinov2_b,0.001,100.0,0.6552629761446298
dinov2_b,0.01,0.0001,0.9997542793335428
dinov2_b,0.01,0.001,0.9998435253504353
dinov2_b,0.01,0.01,1.0
dinov2_b,0.01,0.1,0.9983910416999103
dinov2_b,0.01,1.0,0.9761024710610248
dinov2_b,0.01,10.0,0.8705276547892766
dinov2_b,0.01,100.0,0.6582139153021391
dinov2_b,0.1,0.0001,0.9972758361607584
dinov2_b,0.1,0.001,0.9974862130588622
dinov2_b,0.1,0.01,0.9983910416999103
dinov2_b,0.1,0.1,1.0
dinov2_b,0.1,1.0,0.9857304743213049
dinov2_b,0.1,10.0,0.8877187711531876
dinov2_b,0.1,100.0,0.6760260758442607
dinov2_b,1.0,0.0001,0.9734044799660448
dinov2_b,1.0,0.001,0.9738139891981399
dinov2_b,1.0,0.01,0.9761024710610248
dinov2_b,1.0,0.1,0.9857304743213049
dinov2_b,1.0,1.0,1.0
dinov2_b,1.0,10.0,0.9434781599907817
dinov2_b,1.0,100.0,0.7484401384524014
dinov2_b,10.0,0.0001,0.8667487411354875
dinov2_b,10.0,0.001,0.8672966975009669
dinov2_b,10.0,0.01,0.8705276547892766
dinov2_b,10.0,0.1,0.8877187711531876
dinov2_b,10.0,1.0,0.9434781599907817
dinov2_b,10.0,10.0,1.0
dinov2_b,10.0,100.0,0.9060181376881815
dinov2_b,100.0,0.0001,0.6547467171074672
dinov2_b,100.0,0.001,0.6552629761446298
dinov2_b,100.0,0.01,0.6582139153021391
dinov2_b,100.0,0.1,0.6760260758442607
dinov2_b,100.0,1.0,0.7484401384524014
dinov2_b,100.0,10.0,0.9060181376881815
dinov2_b,100.0,100.0,1.0
dinov2_b,0.0001,norm,0.5425236826092368
dinov2_b,0.001,norm,0.5429993990459939
dinov2_b,0.01,norm,0.5456894734528948
dinov2_b,0.1,norm,0.5626346040943461
dinov2_b,1.0,norm,0.6354758452147584
dinov2_b,10.0,norm,0.8156162380881624
dinov2_b,100.0,norm,0.981324390357244
dinov2_b,0.0001,leverage,0.9999993061959931
dinov2_b,0.001,leverage,0.9999789308917894
dinov2_b,0.01,leverage,0.9997375275973753
dinov2_b,0.1,leverage,0.9972438852484389
dinov2_b,1.0,leverage,0.9733497055094971
dinov2_b,10.0,leverage,0.8666787425787873
dinov2_b,100.0,leverage,0.6546805645388056
