encoder_a,encoder_b,rel_depth,s_rho,real_pearson,gauss_pearson,mean_excess_kurtosis_a
dinov2_b,clip_b16,0.5,0.2765150550204003,0.7919923547126217,0.2807315690226022,0.3053379128451592
dinov2_b,vit_sup_b16,0.5,0.30130933894385964,0.8706552870417898,0.28398183256278975,0.3053379128451592
dinov2_b,convnext_s,0.5,0.2903402567151944,0.7600735753941045,0.28221973780503307,0.3053379128451592
dinov2_b,mae_b16,0.5,0.21020319570830145,0.6067190469247283,0.20386712580048805,0.3053379128451592
clip_b16,vit_sup_b16,0.5,0.27903064182297715,0.8204545058517445,0.25239637476314847,0.2268863947201476
clip_b16,convnext_s,0.5,0.2636144670128194,0.7850320567583381,0.2757198248114637,0.2268863947201476
clip_b16,mae_b16,0.5,0.22144755764832497,0.6511317912529153,0.20680916598325877,0.2268863947201476
vit_sup_b16,convnext_s,0.5,0.28990498629702843,0.8129750038358861,0.2703887510068099,0.2145898085579847
vit_sup_b16,mae_b16,0.5,0.208580880092214,0.6091567674632574,0.17639378955195076,0.2145898085579847
convnext_s,mae_b16,0.5,0.20373356911282117,0.5445332031133185,0.18064000216217302,0.16202674760129732
dinov2_b,clip_b16,0.75,0.20937964276414478,0.6403869436400639,0.19208374704373213,0.17747474994494494
dinov2_b,vit_sup_b16,0.75,0.2738053607003893,0.847726044111827,0.26617340670582723,0.17747474994494494
dinov2_b,convnext_s,0.75,0.2539461433412471,0.7179616978065542,0.24352991347474984,0.17747474994494494
dinov2_b,mae_b16,0.75,0.18460670378397637,0.410794762875607,0.1747492426592918,0.17747474994494494
clip_b16,vit_sup_b16,0.75,0.22396831854369978,0.6771373784677508,0.18132188667942947,0.10953472453320812
clip_b16,convnext_s,0.75,0.21625433953773815,0.6092134575328144,0.1836979590796891,0.10953472453320812
clip_b16,mae_b16,0.75,0.17232393883836744,0.4135147737234265,0.13921570728179725,0.10953472453320812
vit_sup_b16,convnext_s,0.75,0.2860736310201569,0.7264079407129647,0.28767756807452416,0.1347640558348755
vit_sup_b16,mae_b16,0.75,0.18617501528155686,0.40038161231797575,0.16528019671662691,0.1347640558348755
convnext_s,mae_b16,0.75,0.1939743730406199,0.31131624841471717,0.19103320590535738,0.11074655047633097
dinov2_b,clip_b16,1.0,0.1630784212078804,0.24841660432658397,0.14328235279586282,0.17114117722361621
dinov2_b,vit_sup_b16,1.0,0.21706158601002998,0.5905255882007496,0.18187742698982962,0.17114117722361621
dinov2_b,convnext_s,1.0,0.1803674144406379,0.627893212075028,0.16240234853228558,0.17114117722361621
dinov2_b,mae_b16,1.0,0.13640979826040742,0.22443143316844158,0.11267524584619285,0.17114117722361621
clip_b16,vit_sup_b16,1.0,0.1694006636170554,0.3230347187246574,0.1467460447131073,0.21569567832369252
clip_b16,convnext_s,1.0,0.15169793257564446,0.22738466263089138,0.12908309618104163,0.21569567832369252
clip_b16,mae_b16,1.0,0.1321460638248697,0.3242711126701905,0.12348877802934541,0.21569567832369252
vit_sup_b16,convnext_s,1.0,0.21782580109241123,0.5704716665500433,0.18806047052211655,0.1773369248797434
vit_sup_b16,mae_b16,1.0,0.14019103649593284,0.272858690101363,0.13405488348396577,0.1773369248797434
convnext_s,mae_b16,1.0,0.1283734480251333,0.18731575165365896,0.10085837309845089,0.11531035052517469
