dropped,target,index,rho,n
none,eu_width_sum_partial,cka,0.6440489432703003,30
none,eu_width_sum_partial,mknn,0.7201334816462737,30
none,eu_width_sum_partial,lin_pred,0.8340378197997775,30
none,eu_width_sum_partial,s_rho_0,0.8300333704115684,30
none,eu_width_sum_partial,s_rho,0.8295884315906562,30
none,eu_blr,cka,0.7619577308120132,30
none,eu_blr,mknn,0.8963292547274748,30
none,eu_blr,lin_pred,0.5568409343715239,30
none,eu_blr,s_rho_0,0.9310344827586206,30
none,eu_blr,s_rho,0.9234705228031145,30
none,eu_au,cka,0.6800889877641824,30
none,eu_au,mknn,0.857174638487208,30
none,eu_au,lin_pred,0.5265850945494994,30
none,eu_au,s_rho_0,0.9283648498331479,30
none,eu_au,s_rho,0.9225806451612902,30
dinov2_b,eu_width_sum_partial,cka,0.6264189886480908,18
dinov2_b,eu_width_sum_partial,mknn,0.6883384932920537,18
dinov2_b,eu_width_sum_partial,lin_pred,0.9009287925696594,18
dinov2_b,eu_width_sum_partial,s_rho_0,0.8224974200206397,18
dinov2_b,eu_width_sum_partial,s_rho,0.8224974200206397,18
dinov2_b,eu_blr,cka,0.7481940144478844,18
dinov2_b,eu_blr,mknn,0.8844169246646028,18
dinov2_b,eu_blr,lin_pred,0.6759545923632612,18
dinov2_b,eu_blr,s_rho_0,0.954592363261094,18
dinov2_b,eu_blr,s_rho,0.954592363261094,18
dinov2_b,eu_au,cka,0.6099071207430341,18
dinov2_b,eu_au,mknn,0.8183694530443757,18
dinov2_b,eu_au,lin_pred,0.5087719298245614,18
dinov2_b,eu_au,s_rho_0,0.8926728586171312,18
dinov2_b,eu_au,s_rho,0.8926728586171312,18
clip_b16,eu_width_sum_partial,cka,0.6738906088751291,18
clip_b16,eu_width_sum_partial,mknn,0.7254901960784313,18
clip_b16,eu_width_sum_partial,lin_pred,0.7894736842105263,18
clip_b16,eu_width_sum_partial,s_rho_0,0.7708978328173374,18
clip_b16,eu_width_sum_partial,s_rho,0.7647058823529412,18
clip_b16,eu_blr,cka,0.894736842105263,18
clip_b16,eu_blr,mknn,0.954592363261094,18
clip_b16,eu_blr,lin_pred,0.3498452012383901,18
clip_b16,eu_blr,s_rho_0,0.8761609907120743,18
clip_b16,eu_blr,s_rho,0.869969040247678,18
clip_b16,eu_au,cka,0.8369453044375645,18
clip_b16,eu_au,mknn,0.87203302373581,18
clip_b16,eu_au,lin_pred,0.38906088751289986,18
clip_b16,eu_au,s_rho_0,0.9174406604747163,18
clip_b16,eu_au,s_rho,0.915376676986584,18
vit_sup_b16,eu_width_sum_partial,cka,0.6160990712074303,18
vit_sup_b16,eu_width_sum_partial,mknn,0.6986584107327141,18
vit_sup_b16,eu_width_sum_partial,lin_pred,0.8802889576883385,18
vit_sup_b16,eu_width_sum_partial,s_rho_0,0.8637770897832818,18
vit_sup_b16,eu_width_sum_partial,s_rho,0.87203302373581,18
vit_sup_b16,eu_blr,cka,0.762641898864809,18
vit_sup_b16,eu_blr,mknn,0.8761609907120743,18
vit_sup_b16,eu_blr,lin_pred,0.6037151702786379,18
vit_sup_b16,eu_blr,s_rho_0,0.8968008255933952,18
vit_sup_b16,eu_blr,s_rho,0.890608875128999,18
vit_sup_b16,eu_au,cka,0.541795665634675,18
vit_sup_b16,eu_au,mknn,0.7502579979360166,18
vit_sup_b16,eu_au,lin_pred,0.5892672858617131,18
vit_sup_b16,eu_au,s_rho_0,0.8864809081527348,18
vit_sup_b16,eu_au,s_rho,0.8740970072239421,18
convnext_s,eu_width_sum_partial,cka,0.6697626418988648,18
convnext_s,eu_width_sum_partial,mknn,0.7750257997936018,18
convnext_s,eu_width_sum_partial,lin_pred,0.8452012383900928,18
convnext_s,eu_width_sum_partial,s_rho_0,0.8968008255933952,18
convnext_s,eu_width_sum_partial,s_rho,0.8968008255933952,18
convnext_s,eu_blr,cka,0.6491228070175438,18
convnext_s,eu_blr,mknn,0.8555211558307534,18
convnext_s,eu_blr,lin_pred,0.6738906088751291,18
convnext_s,eu_blr,s_rho_0,0.9587203302373581,18
convnext_s,eu_blr,s_rho,0.9463364293085655,18
convnext_s,eu_au,cka,0.5892672858617131,18
convnext_s,eu_au,mknn,0.8204334365325078,18
convnext_s,eu_au,lin_pred,0.543859649122807,18
convnext_s,eu_au,s_rho_0,0.9050567595459237,18
convnext_s,eu_au,s_rho,0.8885448916408669,18
mae_b16,eu_width_sum_partial,cka,0.6264189886480908,18
mae_b16,eu_width_sum_partial,mknn,0.890608875128999,18
mae_b16,eu_width_sum_partial,lin_pred,0.869969040247678,18
mae_b16,eu_width_sum_partial,s_rho_0,0.8575851393188855,18
mae_b16,eu_width_sum_partial,s_rho,0.8513931888544891,18
mae_b16,eu_blr,cka,0.6181630546955624,18
mae_b16,eu_blr,mknn,0.8534571723426212,18
mae_b16,eu_blr,lin_pred,0.7378740970072238,18
mae_b16,eu_blr,s_rho_0,0.8658410732714137,18
mae_b16,eu_blr,s_rho,0.8431372549019607,18
mae_b16,eu_au,cka,0.6264189886480908,18
mae_b16,eu_au,mknn,0.9091847265221877,18
mae_b16,eu_au,lin_pred,0.7770897832817338,18
mae_b16,eu_au,s_rho_0,0.9174406604747163,18
mae_b16,eu_au,s_rho,0.9091847265221877,18
