wd,dropped,target,diff_s0,diff_cka
0.001,none,eu_blr,-0.022691879866518216,0.1463848720800891
0.001,none,eu_width_sum_partial,0.050278086763069996,0.23047830923248047
0.001,dinov2_b,eu_blr,-0.012383900928792713,0.1940144478844169
0.001,dinov2_b,eu_width_sum_partial,0.05572755417956665,0.21671826625386992
0.001,clip_b16,eu_blr,-0.03508771929824572,-0.05366357069143446
0.001,clip_b16,eu_width_sum_partial,0.06191950464396301,0.1486068111455109
0.001,vit_sup_b16,eu_blr,-0.016511867905056765,0.11764705882352944
0.001,vit_sup_b16,eu_width_sum_partial,0.04540763673890613,0.32404540763673895
0.001,convnext_s,eu_blr,-0.02063983488132104,0.28895768833849333
0.001,convnext_s,eu_width_sum_partial,0.04334365325077394,0.24974200206398345
0.001,mae_b16,eu_blr,-0.02270381836945301,0.22497420020639824
0.001,mae_b16,eu_width_sum_partial,-0.014447884416924572,0.1609907120743035
0.01,none,eu_blr,-0.04182424916573957,0.1325917686318131
0.01,none,eu_width_sum_partial,0.01868743047830923,0.10901001112347053
0.01,dinov2_b,eu_blr,-0.03095975232198156,0.16305469556243546
0.01,dinov2_b,eu_width_sum_partial,0.049535603715170295,0.14447884416924672
0.01,clip_b16,eu_blr,-0.047471620227038214,-0.037151702786377805
0.01,clip_b16,eu_width_sum_partial,-0.012383900928792602,-0.0350877192982455
0.01,vit_sup_b16,eu_blr,-0.06811145510835914,0.06604747162022706
0.01,vit_sup_b16,eu_width_sum_partial,0.0041279669762641635,0.1836945304437565
0.01,convnext_s,eu_blr,-0.02270381836945301,0.2972136222910218
0.01,convnext_s,eu_width_sum_partial,0.026831785345717285,0.16511867905056765
0.01,mae_b16,eu_blr,0.0,0.26212590299277616
0.01,mae_b16,eu_width_sum_partial,0.014447884416924794,0.10526315789473695
0.1,none,eu_blr,-0.019577308120133474,0.16106785317018912
0.1,none,eu_width_sum_partial,0.027141268075639546,0.18553948832035583
0.1,dinov2_b,eu_blr,0.0041279669762641635,0.19195046439628483
0.1,dinov2_b,eu_width_sum_partial,0.028895768833849367,0.18782249742002066
0.1,clip_b16,eu_blr,-0.03302373581011364,0.008255933952528438
0.1,clip_b16,eu_width_sum_partial,-0.014447884416924683,-0.0020639834881320818
0.1,vit_sup_b16,eu_blr,-0.02063983488132115,0.09287925696594423
0.1,vit_sup_b16,eu_width_sum_partial,0.03921568627450989,0.2456140350877194
0.1,convnext_s,eu_blr,0.0,0.33436532507739936
0.1,convnext_s,eu_width_sum_partial,-0.0020639834881318597,0.27450980392156876
0.1,mae_b16,eu_blr,0.018575851393188847,0.2827657378740971
0.1,mae_b16,eu_width_sum_partial,0.08875128998967996,0.24561403508771928
1.0,none,eu_blr,0.05161290322580658,0.24694104560622931
1.0,none,eu_width_sum_partial,0.08320355951056735,0.2469410456062292
1.0,dinov2_b,eu_blr,0.057791537667698734,0.2435500515995872
1.0,dinov2_b,eu_width_sum_partial,0.09907120743034059,0.18782249742002066
1.0,clip_b16,eu_blr,0.08255933952528371,0.1589267285861713
1.0,clip_b16,eu_width_sum_partial,0.06811145510835903,0.15067079463364297
1.0,vit_sup_b16,eu_blr,0.047471620227038214,0.2538699690402477
1.0,vit_sup_b16,eu_width_sum_partial,0.06398348813209509,0.2538699690402477
1.0,convnext_s,eu_blr,0.02063983488132093,0.3137254901960784
1.0,convnext_s,eu_width_sum_partial,0.04127966976264186,0.2724458204334367
1.0,mae_b16,eu_blr,0.0474716202270381,0.33436532507739936
1.0,mae_b16,eu_width_sum_partial,0.11351909184726516,0.34468524251806
