encoder_a,encoder_b,rel_depth,cka,mknn,lin_pred,s_rho,s_rho_0,s_rho_grid_0.001,s_rho_grid_0.01,s_rho_grid_0.1,s_rho_grid_1,s_rho_grid_10,blr_pearson,eu_width_sum,eu_width_sum_partial,eu_mi,eu_mi_partial,eu_blr,eu_blr_partial,eu_au,eu_au_partial,s_rho_eff
dinov2_b,clip_b16,0.5,0.82344950247741,0.33851,0.7844443257834144,0.2765150550204003,0.2719847945898756,0.2765150550204003,0.3051385106244567,0.4158901171390191,0.6073963958435458,0.7747506589583455,0.7919923547126217,0.7716312150243122,0.3245870915343746,0.7766743278731574,0.4241651070289371,0.7197891943658921,0.7218886564381413,0.7822251778325985,0.4112168817105981,0.38279138409856206
dinov2_b,vit_sup_b16,0.5,0.8983037306442944,0.4077199999999999,0.7892304511651633,0.3013093389438596,0.2966189229471477,0.3013093389438596,0.3306122004423336,0.4455392197498224,0.6382955894916085,0.7968546182800975,0.8706552870417898,0.7982614228106143,0.3924370315932287,0.8022366561074296,0.5064017023600439,0.8451444143194442,0.8425823991478755,0.8114208635195115,0.4532916161463364,0.41332845686669356
dinov2_b,convnext_s,0.5,0.8078011462228407,0.30672,0.7655492093734326,0.2903402567151944,0.2869594672434555,0.2925528567685801,0.3219280553234874,0.421047965270292,0.5832090656139478,0.7239325878175497,0.7600735753941045,0.7408472738924727,0.292632415221703,0.7361527845921225,0.3704587222918749,0.708494600392946,0.7091573721911714,0.7634869668494506,0.3589994007944899,0.36253609231904493
dinov2_b,mae_b16,0.5,0.6199813058970491,0.1243,0.7878390064162505,0.2102031957083014,0.2066657693891279,0.2234097304072516,0.2611309482670065,0.331020406592468,0.4600493632650198,0.6116889933394408,0.6067190469247283,0.5811125112871252,0.3181937460293592,0.5844380118488919,0.403077891112943,0.5426924419229244,0.5486245487538205,0.6095371536150288,0.2975410041096119,0.2747481822187457
clip_b16,vit_sup_b16,0.5,0.8073181751455579,0.38074,0.8089249070669299,0.2790306418229771,0.2746303746922057,0.2790306418229771,0.3103967363530645,0.4330922238587749,0.6363747050412739,0.8041782840474739,0.8204545058517445,0.7742685769706856,0.3656749595465441,0.7784271056899044,0.4725009395667176,0.753365189805652,0.7537542044127046,0.7865176536218955,0.430856817797685,0.3964373500557379
clip_b16,convnext_s,0.5,0.7461091427637703,0.2724899999999999,0.7806240265564277,0.2636144670128194,0.2605895126313726,0.2658352102878065,0.2983632568332525,0.4119774383679774,0.5944078664107673,0.7279132316391423,0.7850320567583381,0.71478199158782,0.294022501684625,0.7116753825516172,0.3602670025961498,0.7370624667146246,0.7350069689182179,0.7387196528554126,0.343462783518632,0.3417830268851974
clip_b16,mae_b16,0.5,0.6560500239807655,0.1997,0.8525499385234545,0.2214475576483249,0.2171873696836725,0.2352215807419956,0.2790458310279698,0.3678466707186659,0.516293372274185,0.6886049095846263,0.6511317912529153,0.5988443243044432,0.3452798912333007,0.6035370974753113,0.4190298949691619,0.6838093622860936,0.6864616629674657,0.6313832644237267,0.3239093330733735,0.29942599603305814
vit_sup_b16,convnext_s,0.5,0.8210730956423419,0.33518,0.7955802338745291,0.2899049862970284,0.2869604266001039,0.2924075487986867,0.3259598552328053,0.4438299219374027,0.6266462270897698,0.7609202847185877,0.8129750038358861,0.7486383572143835,0.3200406473239337,0.7468267684189407,0.4091844172067677,0.7553692847096929,0.7557788975325564,0.7678581701994924,0.3740633310106265,0.3735304007746922
vit_sup_b16,mae_b16,0.5,0.554150991253034,0.13538,0.8085065547725432,0.208580880092214,0.2048372061896768,0.2216752445575995,0.2614289462867893,0.3386371106625493,0.4650528834449027,0.5989989837296579,0.6091567674632574,0.576348297027483,0.333525302024827,0.5804730637842501,0.4116722004728747,0.5836582953645829,0.5902277546174948,0.6049625282890699,0.2867137464578143,0.27865737687363074
convnext_s,mae_b16,0.5,0.4768601738453075,0.10962,0.7904214068159102,0.2037335691128211,0.2007500538407071,0.221874490511273,0.2762941904448845,0.3694006412723433,0.4963538963177594,0.5824965298581828,0.5445332031133185,0.563235300172353,0.3169257643849948,0.5637141579998923,0.3692964166847257,0.5892345274083453,0.5914028807890259,0.6016624580482346,0.2490934140688391,0.24787024449837716
dinov2_b,clip_b16,0.75,0.3343960180488565,0.17974,0.6268519185854058,0.2093796427641447,0.2076392393223347,0.2093796427641447,0.2229473743205068,0.2955155368425763,0.4718787921915907,0.6566908936861866,0.6403869436400639,0.7234621920706219,0.2736339674307551,0.7272743023026803,0.38305512552167,0.6479709102837091,0.653610020281156,0.7214553907727183,0.369683848883557,0.31597108643939903
dinov2_b,vit_sup_b16,0.75,0.7520363288970178,0.30923,0.6241764991236819,0.2738053607003893,0.2721632058151886,0.2738053607003893,0.2866252373810454,0.3574491866480254,0.5263305762066226,0.704820173593167,0.847726044111827,0.802897514112975,0.3322954358221249,0.8037295524688907,0.4845527722976646,0.8568764506207646,0.8541496685460481,0.8056675323130922,0.4693185670225955,0.38550038950713744
dinov2_b,convnext_s,0.75,0.70840833385927,0.2368199999999999,0.5967910519289877,0.2539461433412471,0.2519817678048207,0.2539461433412471,0.2655020345491313,0.3148706414990286,0.4403268144972859,0.6242103223878348,0.7179616978065542,0.7540592288685923,0.2713017377183989,0.7524958781968755,0.3756301891837113,0.7146328160703281,0.7103801414935109,0.7599754842503147,0.4141117707039336,0.33099750046266707
dinov2_b,mae_b16,0.75,0.3341102713631606,0.07636,0.6462451506834105,0.1846067037839763,0.1833718544431966,0.1896041689689235,0.2156773389690306,0.2797095653476403,0.3915364410704421,0.4688262600838664,0.410794762875607,0.6269478676254786,0.138099370231114,0.6322085442037269,0.2360471444444938,0.3688433395124333,0.389138367514775,0.6293193161590811,0.2356820345489568,0.24442654207162304
clip_b16,vit_sup_b16,0.75,0.3760757240666907,0.2236,0.6304060613099939,0.2239683185436997,0.2223548510946252,0.2239683185436997,0.2369307681172263,0.3084243634749448,0.4781426834609233,0.6635222628334507,0.6771373784677508,0.7260320622123208,0.2391274566469272,0.729509704432713,0.3719439224745183,0.6758839637308397,0.6816662492689526,0.7251960899679609,0.378803411544353,0.3304431605815549
clip_b16,convnext_s,0.75,0.4003658299409553,0.18378,0.6254118926380954,0.2162543395377381,0.2140692300258088,0.2162543395377381,0.2302913032734216,0.2923796984027431,0.4337337098135467,0.6149361882395117,0.6092134575328144,0.70553301136733,0.1918687127937398,0.7055104973169334,0.2906389425148494,0.5976732711607328,0.59689930806375,0.7086697273288233,0.3645230505562853,0.30356607428355276
clip_b16,mae_b16,0.75,0.4106746651608791,0.09831,0.7291739215005992,0.1723239388383674,0.1709505694985038,0.1767987212909214,0.2027745996896208,0.2764312829014362,0.4157131335362914,0.5517609241984094,0.4135147737234265,0.645342698013427,0.1331088574621959,0.6467746428220499,0.2079512704265323,0.4172120512041205,0.4230298322976878,0.6536653654886536,0.2373214688643956,0.23678905506131773
vit_sup_b16,convnext_s,0.75,0.8067629284550065,0.3087,0.6206215283986543,0.2860736310201569,0.2842586981997136,0.2860736310201569,0.2966429218266362,0.3448317205880827,0.4649123502689493,0.635916455641666,0.7264079407129647,0.7786153194701532,0.2722460204289181,0.7772967138419026,0.3946665892698887,0.709459101218591,0.704837504862774,0.7849431834757866,0.4106110646189199,0.3640321339787259
vit_sup_b16,mae_b16,0.75,0.399774231257671,0.0963,0.6416875509972952,0.1861750152815568,0.1850968901563921,0.1909859924623362,0.2148917104307456,0.2713176417567637,0.3737236106149847,0.4726443679064004,0.4003816123179757,0.6358095232540952,0.1594657700280292,0.63913561630652,0.2295836648046134,0.3718703523947035,0.386615889223978,0.6403140505871404,0.2541479948829179,0.24444215071230216
convnext_s,mae_b16,0.75,0.3375012235688303,0.07464,0.6457715390364113,0.1939743730406199,0.1924390058000963,0.2002280451996226,0.2319799524908742,0.29050813952513,0.3656188418667754,0.4241475164964628,0.3113162484147171,0.6411364695153647,0.1805141510816158,0.6440826791691728,0.2476524867950554,0.3188791583367916,0.325472890349488,0.6482287566882322,0.2491541814058828,0.23439681451472905
dinov2_b,clip_b16,1.0,0.6397137667882172,0.16446,0.5435707056369524,0.1630784212078804,0.161143739137803,0.1630784212078804,0.174599949238454,0.2209554579962606,0.3462462319215669,0.5713333684855216,0.2484166043265839,0.5811302171193021,0.1133606745962362,0.5835223504286938,0.148091305228576,0.181209298164093,0.2365137914343066,0.5747515184515152,0.1473045384445594,0.2700507021641239
dinov2_b,vit_sup_b16,1.0,0.8369693163124918,0.282,0.5826504369568934,0.2170615860100299,0.2154879607290572,0.2170615860100299,0.2263905900579618,0.2773586233881376,0.4250550331307563,0.6654895452782936,0.5905255882007496,0.6778390444903905,0.2050853208203612,0.6763554441139276,0.2806014812588145,0.6029279675812796,0.59128320361334,0.6751285301592853,0.1046636253439722,0.3610547952961149
dinov2_b,convnext_s,1.0,0.7009308633636389,0.172,0.4864957643755679,0.1803674144406379,0.179101961196134,0.1803674144406379,0.1877786373976349,0.2256025660773585,0.3340383758346381,0.5538274466455543,0.627893212075028,0.5928548617565487,0.1545362285420748,0.5915403469307172,0.1921964207239243,0.6612867881888679,0.6394517789600644,0.5889561310133282,0.1339105372794687,0.2795170030417202
dinov2_b,mae_b16,1.0,0.3251863355999621,0.07096,0.4835271459850292,0.1364097982604074,0.1359232884557623,0.1388887982568832,0.1516350576283165,0.1891745998642985,0.2697721077014055,0.3529260658124932,0.2244314331684415,0.4435316203633161,0.0257802179388817,0.4515728497735005,0.071370650040067,0.1700443374564433,0.2181903050026198,0.4356503321165033,0.0491826292663007,0.1811287457791562
clip_b16,vit_sup_b16,1.0,0.6180441014754424,0.1648,0.5449052636122393,0.1694006636170554,0.1677394803699779,0.1694006636170554,0.1806620160344423,0.2263701768840381,0.3495345717139683,0.5789627980222302,0.3230347187246574,0.555724498837245,0.0921990710267612,0.5616031907976244,0.1430621526933638,0.274299497706995,0.3179861117714623,0.5509911517699114,0.1438852506060897,0.26778144363690154
clip_b16,convnext_s,1.0,0.531318659928855,0.12743,0.4802797842283475,0.1516979325756444,0.1501842411124649,0.1516979325756444,0.1619314538802988,0.2015885470374829,0.30320320737869,0.5032949480554659,0.2273846626308913,0.5367619428396194,0.0864024305068157,0.5411680757748805,0.1298362850351115,0.1950119110381191,0.2287061333581915,0.5306122434697144,0.1935821468338059,0.22820471388075314
clip_b16,mae_b16,1.0,0.3910745652146146,0.0732299999999999,0.5566215473633334,0.1321460638248697,0.1309624085105739,0.1344503362216777,0.1506643986978921,0.1942954883705149,0.2804155460023062,0.397035031208922,0.3242711126701905,0.582657694422577,0.1078342372466116,0.5791504691804584,0.1568118894536992,0.3418105863701058,0.3409247187681332,0.5934286626782866,0.2196015491735918,0.16929156065578202
vit_sup_b16,convnext_s,1.0,0.7306987235125112,0.23946,0.5414037766606687,0.2178258010924112,0.2167628281027867,0.2178258010924112,0.2262754881371987,0.2725260082835845,0.3993864926604729,0.621461995242305,0.5704716665500433,0.6627959350359593,0.1465903473091853,0.6600095696531486,0.2444934163519514,0.6010241902302419,0.5812757439121877,0.6606777158667593,0.1455453637242975,0.32981573492934907
vit_sup_b16,mae_b16,1.0,0.3222330638243857,0.0648,0.4884422388223947,0.1401910364959328,0.1396099123679612,0.1426151816058077,0.1552405151720708,0.189623051685306,0.2594928523502365,0.3392985003239521,0.272858690101363,0.4445687113016871,-0.0006748578733352,0.4511073862560167,0.0543049007336497,0.2446313428663134,0.2811129041955096,0.4410226856102268,0.0647231538943999,0.1804900062364551
convnext_s,mae_b16,1.0,0.2730763473359378,0.05313,0.4370886774389504,0.1283734480251333,0.1278103520834514,0.1305676241539843,0.1422385021646817,0.1726990850517838,0.2312685957999947,0.3036400822080795,0.1873157516536589,0.4661116306731163,0.0519777091367931,0.4696389487607274,0.0981384135579547,0.147462306598623,0.1750174392680954,0.4638022253834136,0.1199752088369987,0.1589810798796804
