encoder,li,wd,hbar,rho_eff
dinov2_b,0,0.001,0.0160082895308733,0.0624676357877847
dinov2_b,1,0.001,0.006343291141092777,0.15764687096290636
dinov2_b,2,0.001,0.0019380721496418118,0.5159766627804939
clip_b16,0,0.001,0.017139768227934837,0.05834384611865254
clip_b16,1,0.001,0.0077303447760641575,0.12936033630690685
clip_b16,2,0.001,0.0059895506128668785,0.16695743381010572
vit_sup_b16,0,0.001,0.01609499566257,0.06213111335752439
vit_sup_b16,1,0.001,0.00603576609864831,0.16567905111895354
vit_sup_b16,2,0.001,0.002493779407814145,0.4009977774563962
convnext_s,0,0.0001,0.01734786666929722,0.0057643975427239735
convnext_s,1,0.001,0.00833953358232975,0.1199107827947181
convnext_s,2,0.001,0.0033135702833533287,0.3017892830050375
mae_b16,0,0.0001,0.0314268060028553,0.003181996922974433
mae_b16,1,0.0001,0.014442965388298035,0.006923785892405579
mae_b16,2,0.0001,0.012356032617390156,0.008093212691852057
