wd,target,diff,est,ci_lo,ci_hi,p_le0
0.001,eu_blr,s_rho-s_rho_0,-0.022691879866518216,-0.06360424028268541,0.007915567282322011,0.943943943943944
0.001,eu_blr,s_rho-cka,0.1463848720800891,-0.1484098939929328,0.5017667844522968,0.2727727727727728
0.001,eu_width_sum_partial,s_rho-s_rho_0,0.050278086763069996,-0.04946996466431097,0.09102902374670163,0.41082164328657317
0.001,eu_width_sum_partial,s_rho-cka,0.23047830923248047,0.0,0.5,0.061122244488977955
0.01,eu_blr,s_rho-s_rho_0,-0.04182424916573957,-0.09894459102902364,0.04946996466431097,0.874749498997996
0.01,eu_blr,s_rho-cka,0.1325917686318131,-0.1766784452296819,0.5432058047493404,0.23346693386773548
0.01,eu_width_sum_partial,s_rho-s_rho_0,0.01868743047830923,-0.035335689045936425,0.07529843893480248,0.38877755511022044
0.01,eu_width_sum_partial,s_rho-cka,0.10901001112347053,-0.0508111417202326,0.4999999999999999,0.25250501002004005
0.1,eu_blr,s_rho-s_rho_0,-0.019577308120133474,-0.0848056537102474,0.08311345646437984,0.5697091273821464
0.1,eu_blr,s_rho-cka,0.16106785317018912,-0.2332155477031802,0.5699208443271766,0.20310932798395184
0.1,eu_width_sum_partial,s_rho-s_rho_0,0.027141268075639546,-0.035335689045936425,0.11325374961738588,0.3328328328328328
0.1,eu_width_sum_partial,s_rho-cka,0.18553948832035583,-0.0565371024734983,0.4999999999999999,0.17667667667667666
1.0,eu_blr,s_rho-s_rho_0,0.05161290322580658,-0.014134275618374548,0.13427561837455826,0.2050125313283208
1.0,eu_blr,s_rho-cka,0.24694104560622931,0.0,0.5224274406332452,0.08020050125313283
1.0,eu_width_sum_partial,s_rho-s_rho_0,0.08320355951056735,0.0,0.13427561837455826,0.17876815222834253
1.0,eu_width_sum_partial,s_rho-cka,0.2469410456062292,0.0,0.4999999999999999,0.08112168252378568
