encoder,M,metric,raw,partial
dinov2_b,10,width_sum,0.9896786636487866,0.44842858408706004
dinov2_b,10,mi,0.9802318168653268,0.49222269293548887
dinov2_b,10,au,0.996062078181609,0.7169312931005892
dinov2_b,25,width_sum,0.9955455174074551,0.5024570963262665
dinov2_b,25,mi,0.9902874926420381,0.682254518058303
dinov2_b,25,au,0.9984603135246032,0.7298394664827322
dinov2_b,50,width_sum,0.9976077509560776,0.6046066374471013
dinov2_b,50,mi,0.9929759923347636,0.7625644424526066
dinov2_b,50,au,0.9991928198089257,0.7641162411281097
dinov2_b,100,width_sum,0.9987155226751553,0.708565663510547
dinov2_b,100,mi,0.9943546121992896,0.8305811234355638
dinov2_b,100,au,0.9995785441347842,0.824382043926934
dinov2_b,200,width_sum,0.9993332596533326,0.8151975111189792
dinov2_b,200,mi,0.9951840777523159,0.8979802525007178
dinov2_b,200,au,0.9997928960989283,0.8862517063248759
