target,index,kind,est,ci_lo,ci_hi,p_le0
eu_width_sum_partial,cka,rho,0.6440489432703003,0.4840989399293286,1.0,
eu_width_sum_partial,mknn,rho,0.7201334816462737,0.6200527704485488,1.0,
eu_width_sum_partial,lin_pred,rho,0.8340378197997775,0.7649219467401287,1.0,
eu_width_sum_partial,s_rho_0,rho,0.8300333704115684,0.7173144876325088,1.0,
eu_width_sum_partial,s_rho,rho,0.8295884315906562,0.7173144876325088,1.0,
eu_width_sum_partial,s_rho-cka,diff,0.18553948832035594,0.0,0.4999999999999999,0.09009009009009009
eu_width_sum_partial,s_rho-mknn,diff,0.10945494994438254,-0.07067137809187296,0.21201413427561833,0.3533533533533533
eu_width_sum_partial,s_rho-lin_pred,diff,-0.00444938820912133,-0.21908127208480577,0.10600706713780927,0.6901901901901902
eu_width_sum_partial,s_rho-s_rho_0,diff,-0.0004449388209122329,-0.021201413427561766,0.021201413427561877,0.8508508508508509
eu_width_sum,cka,rho,0.657842046718576,0.21554770318021202,0.8169574533210897,
eu_width_sum,mknn,rho,0.8456062291434927,0.49116607773851595,0.9129287598944591,
eu_width_sum,lin_pred,rho,0.4117908787541713,0.23674911660777387,0.8641160949868073,
eu_width_sum,s_rho_0,rho,0.8820912124582869,0.5,0.9432717678100262,
eu_width_sum,s_rho,rho,0.8740823136818686,0.4696569920844327,0.9432717678100262,
eu_width_sum,s_rho-cka,diff,0.21624026696329257,0.0,0.5724381625441697,0.1111111111111111
eu_width_sum,s_rho-mknn,diff,0.028476084538375912,-0.1108179419525066,0.1424802110817942,0.3733733733733734
eu_width_sum,s_rho-lin_pred,diff,0.4622914349276973,-0.014134275618374548,0.6431095406360424,0.16016016016016016
eu_width_sum,s_rho-s_rho_0,diff,-0.008008898776418305,-0.10600706713780916,0.0,1.0
eu_blr,cka,rho,0.7619577308120132,0.14116094986807387,1.0,
eu_blr,mknn,rho,0.8963292547274748,0.618374558303887,1.0,
eu_blr,lin_pred,rho,0.5568409343715239,0.3232189973614775,1.0,
eu_blr,s_rho_0,rho,0.9310344827586206,0.6325088339222614,1.0,
eu_blr,s_rho,rho,0.9234705228031145,0.5971731448763251,1.0,
eu_blr,s_rho-cka,diff,0.16151279199110125,-0.1484098939929328,0.5017667844522968,0.23073073073073072
eu_blr,s_rho-mknn,diff,0.027141268075639657,-0.16961130742049468,0.12014134275618371,0.5215215215215215
eu_blr,s_rho-lin_pred,diff,0.36662958843159055,-0.09893992932862195,0.5580474934036939,0.17067067067067068
eu_blr,s_rho-s_rho_0,diff,-0.007563959955506072,-0.06360424028268541,0.0,1.0
eu_au,cka,rho,0.6800889877641824,0.30035335689045933,0.8727915194346288,
eu_au,mknn,rho,0.857174638487208,0.5000000000000001,1.0,
eu_au,lin_pred,rho,0.5265850945494994,0.2975593667546174,1.0,
eu_au,s_rho_0,rho,0.9283648498331479,0.5000000000000001,1.0,
eu_au,s_rho,rho,0.9225806451612902,0.5000000000000001,1.0,
eu_au,s_rho-cka,diff,0.24249165739710787,0.0,0.5,0.06306306306306306
eu_au,s_rho-mknn,diff,0.06540600667408225,-0.07067137809187296,0.17433267758747695,0.3088088088088088
eu_au,s_rho-lin_pred,diff,0.3959955506117908,0.0,0.5894792414481124,0.13513513513513514
eu_au,s_rho-s_rho_0,diff,-0.005784204671857696,-0.06360424028268541,0.0,1.0
