wd,encoder,li,deff_frac,acc
0.001,dinov2_b,0,0.9816058638798401,0.892
0.001,dinov2_b,1,0.9926105328602103,0.9554
0.001,dinov2_b,2,0.9873715716150279,0.9847
0.001,clip_b16,0,0.9838790142814883,0.891
0.001,clip_b16,1,0.9903173429634737,0.9469
0.001,clip_b16,2,0.9842838350113888,0.9544
0.001,vit_sup_b16,0,0.9864459158773368,0.8945
0.001,vit_sup_b16,1,0.9950251038837316,0.9531
0.001,vit_sup_b16,2,0.9945584741008937,0.9808
0.001,convnext_s,0,0.9790989069749877,0.8658
0.001,convnext_s,1,0.9874414530765202,0.9493
0.001,convnext_s,2,0.9937946651095917,0.9699
0.001,mae_b16,0,0.8398528733500648,0.7657
0.001,mae_b16,1,0.9408345140808647,0.8834
0.001,mae_b16,2,0.9563968353085442,0.8944
0.01,dinov2_b,0,0.8898530344458707,0.8759
0.01,dinov2_b,1,0.9357546043360675,0.9491
0.01,dinov2_b,2,0.9212830516580207,0.9843
0.01,clip_b16,0,0.8721521312222427,0.8746
0.01,clip_b16,1,0.9150468570174356,0.9396
0.01,clip_b16,2,0.8784437364614183,0.9492
0.01,vit_sup_b16,0,0.8893478101191198,0.8787
0.01,vit_sup_b16,1,0.9539440932808351,0.9513
0.01,vit_sup_b16,2,0.9502772310294061,0.98
0.01,convnext_s,0,0.8595037243746769,0.845
0.01,convnext_s,1,0.9120339320359353,0.944
0.01,convnext_s,2,0.9439752203720451,0.9699
0.01,mae_b16,0,0.49176515942748056,0.7071
0.01,mae_b16,1,0.6941196167123093,0.8487
0.01,mae_b16,2,0.7611829694345108,0.8704
0.1,dinov2_b,0,0.5728006437947872,0.8344
0.1,dinov2_b,1,0.6613599607579683,0.929
0.1,dinov2_b,2,0.6634273748315348,0.9787
0.1,clip_b16,0,0.5124800557531756,0.8169
0.1,clip_b16,1,0.5838969809979688,0.9211
0.1,clip_b16,2,0.5460428754522662,0.9393
0.1,vit_sup_b16,0,0.5495101842818353,0.8309
0.1,vit_sup_b16,1,0.7178591300296527,0.9361
0.1,vit_sup_b16,2,0.7033490202382172,0.9762
0.1,convnext_s,0,0.5357615445766005,0.7943
0.1,convnext_s,1,0.6623567482185456,0.9224
0.1,convnext_s,2,0.687022250065963,0.9636
0.1,mae_b16,0,0.19726521090134932,0.6107
0.1,mae_b16,1,0.3193081813519997,0.7667
0.1,mae_b16,2,0.39917340216685915,0.8156
1.0,dinov2_b,0,0.21418560607368065,0.7562
1.0,dinov2_b,1,0.24884487484831794,0.8868
1.0,dinov2_b,2,0.262966768888996,0.9724
1.0,clip_b16,0,0.1758368105773063,0.7223
1.0,clip_b16,1,0.19031636660297527,0.8719
1.0,clip_b16,2,0.20060050168638133,0.9162
1.0,vit_sup_b16,0,0.19972399124993992,0.7472
1.0,vit_sup_b16,1,0.2926914537026482,0.8977
1.0,vit_sup_b16,2,0.2723644528473794,0.9698
1.0,convnext_s,0,0.20863406142141624,0.6986
1.0,convnext_s,1,0.2851102827058642,0.8734
1.0,convnext_s,2,0.2725042554885743,0.9568
1.0,mae_b16,0,0.06450392579032739,0.5031
1.0,mae_b16,1,0.09973094430542236,0.6307
1.0,mae_b16,2,0.13586178181565287,0.7081
