encoder,pair,draw,metric,raw,top10_overlap,partial_plugin,partial_dirichlet,partial_split_halves,rel_x,rel_y,partial_corrected
dinov2_b,data_fraction_10pct,0,width_sum,0.9380253168202533,0.804,0.3880683468587227,0.3884411953300397,0.3875589617780203,0.6078210187788486,0.7240611309665154,0.5849688582482246
dinov2_b,data_fraction_10pct,0,mi,0.9283807691429248,0.796,0.4106393089352665,0.41107875246471,0.4100718097487688,0.7838676400108211,0.844023239031847,0.504849522809873
dinov2_b,data_fraction_10pct,0,au,0.9421505179335052,0.811,0.4083227389818616,0.4085880020853599,0.4082434381022764,0.749333692489055,0.8675870530345899,0.506418315755792
dinov2_b,disjoint_halves,0,width_sum,0.9427791569837916,0.809,0.4524600568009073,0.4532288781684859,0.4521635166943882,0.6152331249688062,0.6696312854636469,0.7049243662400142
dinov2_b,disjoint_halves,0,mi,0.9325284195200452,0.811,0.5672772159037069,0.5677225797136565,0.567011834475663,0.784007831658572,0.8019814118803692,0.7154066770851512
dinov2_b,disjoint_halves,0,au,0.949383889213839,0.816,0.4485237843734789,0.448544322418472,0.4485304631886194,0.7654860815946916,0.7738398986165033,0.5827620596992942
dinov2_b,data_fraction_10pct,1,width_sum,0.938012399084124,0.806,0.4242131020572702,0.4248093899665072,0.4240925192151094,0.6078210187788486,0.6855053690812142,0.6571897638658105
dinov2_b,data_fraction_10pct,1,mi,0.9282719873739436,0.813,0.4533470289812237,0.4539753509917027,0.4527950040976827,0.7838676400108211,0.8297799104249516,0.5621185895417959
dinov2_b,data_fraction_10pct,1,au,0.9431500716955008,0.807,0.4022369658225582,0.4023586612750121,0.4021745998585087,0.749333692489055,0.8769412942568895,0.4962026614474954
dinov2_b,disjoint_halves,1,width_sum,0.9485926626419268,0.813,0.4549145857688376,0.455061245560078,0.454746863120273,0.6210717884472535,0.6279583585553761,0.7284395841129842
dinov2_b,disjoint_halves,1,mi,0.9392329508910938,0.818,0.5637828501953265,0.5640718452429391,0.5635292568932728,0.7757817484436866,0.777127364074206,0.7260992382714982
dinov2_b,disjoint_halves,1,au,0.9532739230127392,0.815,0.4291280712104966,0.4292365715314418,0.429058837179217,0.7481168146912407,0.7476748514875267,0.5737805600146076
dinov2_b,data_fraction_10pct,2,width_sum,0.9328650816286508,0.793,0.4042409898839292,0.4047131861023285,0.4041891873015429,0.6078210187788486,0.6629355503036667,0.6368202093232147
dinov2_b,data_fraction_10pct,2,mi,0.9240598342312784,0.792,0.4296196410829233,0.4300726916664609,0.4291621686918189,0.7838676400108211,0.8127632104587877,0.5382459136350459
dinov2_b,data_fraction_10pct,2,au,0.93693300905733,0.784,0.3991369489394843,0.3993610861924173,0.3990632671657076,0.749333692489055,0.8637820385414927,0.4961148405032179
dinov2_b,disjoint_halves,2,width_sum,0.944073803084738,0.804,0.4625289598184469,0.4631046415216361,0.4622469180875771,0.6329859114507906,0.6425715961700557,0.7252389923113683
dinov2_b,disjoint_halves,2,mi,0.935879033520844,0.805,0.5671285489003027,0.567567539981812,0.5667972941935477,0.7851583032762883,0.7947435958614043,0.7179420280853415
dinov2_b,disjoint_halves,2,au,0.948958408806431,0.804,0.4615950965277073,0.4616082560870828,0.4614874795113552,0.7864086258293133,0.7621326812931614,0.5962408946754224
clip_b16,data_fraction_10pct,0,width_sum,0.9022582589745826,0.691,0.2371244336292697,0.2370690100298249,0.2374623069138838,0.5174293698388168,0.3538203588037293,0.5541908604538719
clip_b16,data_fraction_10pct,0,mi,0.8967670269889355,0.691,0.4100930974509539,0.409932223393784,0.4103413440721704,0.7331552080612794,0.7580101096344892,0.5501067811454081
clip_b16,data_fraction_10pct,0,au,0.9097960479499604,0.743,0.5598621122312835,0.5599150760494163,0.5599239350003291,0.9654357806576256,0.8908726576610566,0.6036866447106973
clip_b16,disjoint_halves,0,width_sum,0.9165571602815716,0.715,0.3134625157905051,0.3133482465471914,0.3136234036296624,0.4392751828225968,0.4083362444788214,0.7401305242911728
clip_b16,disjoint_halves,0,mi,0.9104409491873516,0.704,0.5405035328633496,0.5405579888054893,0.5405847682453813,0.7398262132897151,0.7271234090382884,0.7369357343211701
clip_b16,disjoint_halves,0,au,0.923770669170478,0.736,0.6372960415492118,0.6374933550577713,0.6373118614835069,0.9328056245412464,0.9352421661026626,0.6823129331553117
clip_b16,data_fraction_10pct,1,width_sum,0.9009286336292864,0.689,0.1960641300654718,0.1959970767337093,0.1961494965805597,0.5174293698388168,0.3585519641400871,0.4551940281446266
clip_b16,data_fraction_10pct,1,mi,0.8960779448264792,0.672,0.3793664782821158,0.3793403633743014,0.3797535381316089,0.7331552080612794,0.7450409951175709,0.5132995765208705
clip_b16,data_fraction_10pct,1,au,0.90953401293534,0.715,0.5579007584889781,0.5579650934431176,0.5579745468451589,0.9654357806576256,0.8843031230103502,0.6038021807584433
clip_b16,disjoint_halves,1,width_sum,0.9229195320971952,0.729,0.3114532522312253,0.3115795599948323,0.3115952654730691,0.4228217599766868,0.4052963488048623,0.7523637452953426
clip_b16,disjoint_halves,1,mi,0.9166041496029564,0.721,0.5359843498326278,0.5359954976663482,0.5360688802249486,0.7446664234230774,0.732027062142342,0.7259515794932075
clip_b16,disjoint_halves,1,au,0.9310569420705695,0.748,0.6463334464200946,0.64646383437489,0.6462735990189428,0.933247681522446,0.9337006946672636,0.6923956480969149
clip_b16,data_fraction_10pct,2,width_sum,0.8976706358167064,0.682,0.2164146723323663,0.2163000816601873,0.2166064717535638,0.5174293698388168,0.3390868259501489,0.5166610293159412
clip_b16,data_fraction_10pct,2,mi,0.8920906252011659,0.68,0.3880107466958068,0.3878931656653732,0.3883357160413296,0.7331552080612794,0.746762539390664,0.5243901560609332
clip_b16,data_fraction_10pct,2,au,0.9057907426659076,0.711,0.5720568842901871,0.5721312195106416,0.5721694085541689,0.9654357806576256,0.9134927035438594,0.6091510256120534
clip_b16,disjoint_halves,2,width_sum,0.9124220434242204,0.717,0.3253290791593913,0.325338299550904,0.3254339020986085,0.4016704010658993,0.4255490365394585,0.7868884362493019
clip_b16,disjoint_halves,2,mi,0.9063129341717804,0.724,0.5383659359203186,0.5384916883110676,0.5385516303728146,0.6961153467271988,0.7471199102516587,0.7465206294925011
clip_b16,disjoint_halves,2,au,0.9209590461623532,0.734,0.6336734794605599,0.6337948701827764,0.6338228169082373,0.931595717053199,0.9371370945775768,0.6781881941666619
vit_sup_b16,data_fraction_10pct,0,width_sum,0.926733212775332,0.814,0.3342908210698728,0.3343883969452687,0.3341822461615135,0.5520066356513872,0.6008213963031074,0.5804697704682741
vit_sup_b16,data_fraction_10pct,0,mi,0.9178403115679784,0.806,0.3923042507707728,0.3925816557688709,0.3918591716897868,0.7189991576492679,0.7903024041676733,0.520429818098357
vit_sup_b16,data_fraction_10pct,0,au,0.930848607488486,0.827,0.3743499864208417,0.3744891743476523,0.3741106228293287,0.7865341427682856,0.8449930950680268,0.4591900318806747
vit_sup_b16,disjoint_halves,0,width_sum,0.9413003801570038,0.807,0.3952776688431297,0.3953472429677395,0.3953573207650009,0.6140777735294253,0.560080325360946,0.6740085906955939
vit_sup_b16,disjoint_halves,0,mi,0.9276829374016076,0.803,0.4603874244516352,0.4605797991975846,0.4600907591866702,0.7354300846383003,0.7238261661070238,0.6310090922376477
vit_sup_b16,disjoint_halves,0,au,0.9473352438710364,0.815,0.4857665262875357,0.4857673385399627,0.4857606561655079,0.8339193838708332,0.7976192117090654,0.5956179085324831
vit_sup_b16,data_fraction_10pct,1,width_sum,0.9302299171462992,0.805,0.2815617381434528,0.2816376154159951,0.2815030852422112,0.5520066356513872,0.6232805421757793,0.4800204102535156
vit_sup_b16,data_fraction_10pct,1,mi,0.9217932362286808,0.792,0.3944457960478553,0.394750365740917,0.3940393618022822,0.7189991576492679,0.8119999864132597,0.5162322473138946
vit_sup_b16,data_fraction_10pct,1,au,0.9339840953198412,0.814,0.3417589983932719,0.3418526065017153,0.3415282282644669,0.7865341427682856,0.8367394878543283,0.4212753381701534
vit_sup_b16,disjoint_halves,1,width_sum,0.9405642350256423,0.811,0.4081144159496851,0.4083014718831417,0.4080746697069496,0.5740271389125285,0.5830532671384622,0.7054424769475204
vit_sup_b16,disjoint_halves,1,mi,0.9300366846111456,0.795,0.4855842517057491,0.4858710554959039,0.4853036419614707,0.7403078538404986,0.7283601987973449,0.6612798845754269
vit_sup_b16,disjoint_halves,1,au,0.9464171354210108,0.816,0.50140054794183,0.5014001119324987,0.5013850785247682,0.8160710953310538,0.8073276146123405,0.6177260303970744
vit_sup_b16,data_fraction_10pct,2,width_sum,0.9324313510923136,0.792,0.256308458827411,0.2564388153738494,0.2562241588342428,0.5520066356513872,0.5712542697034914,0.4564319744653433
vit_sup_b16,data_fraction_10pct,2,mi,0.9216341345108364,0.773,0.3544996503343995,0.354810348734873,0.3541632318529573,0.7189991576492679,0.7656723222402267,0.4777823983570768
vit_sup_b16,data_fraction_10pct,2,au,0.9386576646378404,0.797,0.3744207757355667,0.3744772449585583,0.3742942198029188,0.7865341427682856,0.8330876563935863,0.4625469259442122
vit_sup_b16,disjoint_halves,2,width_sum,0.9451904763319048,0.814,0.3892418267906126,0.3893601581916631,0.3891618780816033,0.5867877396844207,0.5412366575985145,0.6906935252876574
vit_sup_b16,disjoint_halves,2,mi,0.9334460425259732,0.808,0.4639503655614572,0.4641842076135187,0.4637013910585687,0.746682070240539,0.7238553098120499,0.6310703523773994
vit_sup_b16,disjoint_halves,2,au,0.950610785810108,0.825,0.4815567763186764,0.4815541989180582,0.4816016214611261,0.8119321136882363,0.7883050167272704,0.6019223837501131
convnext_s,data_fraction_10pct,0,width_sum,0.8873341952813419,0.766,0.3167594386318016,0.3171761155997506,0.3167422649788448,0.5534879991227781,0.5846431123414271,0.5568395084109876
convnext_s,data_fraction_10pct,0,mi,0.8867625231073484,0.761,0.4414378341715993,0.441768231806434,0.4413362848748942,0.7776664338947192,0.7809090548948744,0.5664644320792794
convnext_s,data_fraction_10pct,0,au,0.8905989210373328,0.777,0.5946488903701772,0.594648320755257,0.5946693680932108,0.917488737895925,0.9270385176570494,0.6447796946731273
convnext_s,disjoint_halves,0,width_sum,0.8880030353760304,0.764,0.3708496555877129,0.3711128996664153,0.3706561248627936,0.5239015326992091,0.5037394126672402,0.7218884275478729
convnext_s,disjoint_halves,0,mi,0.8854734407407235,0.761,0.5672767078149068,0.5673589987542724,0.5672011891292496,0.7735161672109355,0.7870914470532683,0.7270221753247421
convnext_s,disjoint_halves,0,au,0.8949741552784266,0.766,0.5837261252374341,0.5836990942480175,0.5837297340811035,0.8845831123900264,0.8960316692331668,0.6556591543627143
convnext_s,data_fraction_10pct,1,width_sum,0.8957286949012869,0.759,0.2720298818707763,0.272655567439977,0.2720022084837921,0.5534879991227781,0.6246409583166933,0.4626443678835625
convnext_s,data_fraction_10pct,1,mi,0.8905945291113396,0.753,0.3715512728753469,0.3720665871661214,0.3712772034314138,0.7776664338947192,0.8271356685149711,0.4632694925666835
convnext_s,data_fraction_10pct,1,au,0.9023833107772472,0.763,0.5984068951785801,0.5984070497257092,0.5984254179121506,0.917488737895925,0.932205765515872,0.6470537011854238
convnext_s,disjoint_halves,1,width_sum,0.8954177832261777,0.773,0.3676969739602405,0.3681576061447615,0.3676754390475349,0.4863721371873797,0.5059657602946407,0.7412166184603846
convnext_s,disjoint_halves,1,mi,0.89168161905702,0.765,0.5568747966743972,0.557175581180853,0.5568828434264429,0.7778202641586033,0.7674760745997292,0.7207514309668722
convnext_s,disjoint_halves,1,au,0.9021810623552238,0.776,0.5790639321042574,0.5790290563144928,0.5790651531669675,0.8982235414209282,0.8876880724815265,0.6484912285365148
convnext_s,data_fraction_10pct,2,width_sum,0.8915430546114306,0.771,0.2974202259982905,0.297971597343214,0.297371076936339,0.5534879991227781,0.6441847127168309,0.4980938594538985
convnext_s,data_fraction_10pct,2,mi,0.8856207314026354,0.771,0.3794108793664165,0.3800298563531138,0.3792386484875923,0.7776664338947192,0.816144310378624,0.4762441172354049
convnext_s,data_fraction_10pct,2,au,0.8975132290458248,0.773,0.5939389563191511,0.5939492829055736,0.5939877471466923,0.917488737895925,0.9259939808240852,0.6443730355583788
convnext_s,disjoint_halves,2,width_sum,0.8954292273502923,0.766,0.3828029221540926,0.3827476036402253,0.3828614899822979,0.4996836930699834,0.5131704923803121,0.7559565213511117
convnext_s,disjoint_halves,2,mi,0.891348950192222,0.768,0.5888181854551211,0.5885868707688243,0.5888138000243144,0.7666623978280417,0.7798757962661886,0.761493870629267
convnext_s,disjoint_halves,2,au,0.9034560159459808,0.783,0.5747323598322928,0.5746145988227618,0.5747809541601948,0.888828943531155,0.8968640630096668,0.6437144304847575
mae_b16,data_fraction_10pct,0,width_sum,0.8296092735520928,0.464,0.1579631564763388,0.1579973669536902,0.1582673276104965,0.5845320508842163,0.552814586182184,0.2778829444385961
mae_b16,data_fraction_10pct,0,mi,0.8277232547959833,0.468,0.331479197517551,0.3313043947066588,0.3320103427039154,0.7621448074165557,0.7808460203696642,0.4296895883977192
mae_b16,data_fraction_10pct,0,au,0.8408296214362962,0.52,0.3740587727813997,0.3742681978960528,0.3739619565742202,0.9520689198244932,0.8475381809954715,0.4164146640051848
mae_b16,disjoint_halves,0,width_sum,0.875880909238809,0.507,0.2370346255075799,0.2369943654871674,0.2368929766815155,0.4589967434940789,0.4679296154685689,0.5114659456999563
mae_b16,disjoint_halves,0,mi,0.8730880055569203,0.538,0.4793913838796611,0.4793891958191484,0.4792913520962715,0.7331892210075904,0.7372350536107791,0.6520474488975534
mae_b16,disjoint_halves,0,au,0.8876301394283015,0.58,0.4708772731414868,0.4714896756641964,0.4699951044226848,0.8938723872460509,0.8863687676774488,0.5290086173355716
mae_b16,data_fraction_10pct,1,width_sum,0.8379393158673931,0.438,0.1500876721961141,0.1501308716029246,0.1503302241794859,0.5845320508842163,0.5476493274792001,0.2652708798997708
mae_b16,data_fraction_10pct,1,mi,0.8356504117684341,0.466,0.3199202560391262,0.3197511493728026,0.3203453748244801,0.7621448074165557,0.7717777413368875,0.4171352261907398
mae_b16,data_fraction_10pct,1,au,0.8483672470522176,0.504,0.3738233724795605,0.3738798587074017,0.3736658665380665,0.9520689198244932,0.8505187122479256,0.4154227925023496
mae_b16,disjoint_halves,1,width_sum,0.8785324738813246,0.517,0.2463400532698958,0.2463199237616458,0.2462318038509018,0.4676911685787076,0.4612902000805066,0.5303570328813435
mae_b16,disjoint_halves,1,mi,0.8767348419881408,0.546,0.4711699006038946,0.4710818056683701,0.4711070423716608,0.7361924638494111,0.7369226401362464,0.6396919795462771
mae_b16,disjoint_halves,1,au,0.8899627137969668,0.577,0.4877565435191502,0.4881208467537798,0.4866623369764969,0.893792377509489,0.8868191897690785,0.5478570315368639
mae_b16,data_fraction_10pct,2,width_sum,0.8344349447203495,0.458,0.147133612818666,0.1470025637550251,0.1472528567195385,0.5845320508842163,0.5453170394100563,0.2606052738984107
mae_b16,data_fraction_10pct,2,mi,0.8356469186279172,0.471,0.3362009104173901,0.3360690086777302,0.3363731648944454,0.7621448074165557,0.7591857723003084,0.4419835515700361
mae_b16,data_fraction_10pct,2,au,0.8450379585623796,0.513,0.3895260928385242,0.3899521954699784,0.3893243866477474,0.9520689198244932,0.837546090572161,0.4362123959144565
mae_b16,disjoint_halves,2,width_sum,0.8753097731570978,0.502,0.225440813628617,0.2254406152422893,0.2253874545228497,0.4406689030660076,0.4649308232184128,0.4980605814818395
mae_b16,disjoint_halves,2,mi,0.8712088168538018,0.53,0.4777065978935548,0.4776316851946927,0.4775496206437661,0.7313133616349433,0.7345359542699263,0.6517828908242094
mae_b16,disjoint_halves,2,au,0.8873266705039288,0.561,0.4792419827849671,0.4796498801483988,0.4783044192289601,0.8887835112020472,0.8918899426907094,0.5382713051566917
dinov2_b,retest,0,width_sum,0.9976592641005926,0.96,0.6078210187788486,0.608166444997836,0.6077254150868797,,,
dinov2_b,retest,0,mi,0.9927605440984916,0.94,0.7838676400108211,0.7840287608172486,0.783875680907075,,,
dinov2_b,retest,0,au,0.999233891012339,0.978,0.749333692489055,0.7493340245253071,0.7493395360387919,,,
clip_b16,retest,0,width_sum,0.9965053246970532,0.935,0.5174293698388168,0.5174425174153546,0.5176134895472528,,,
clip_b16,retest,0,mi,0.993258246343115,0.899,0.7331552080612794,0.733255202588692,0.7331477317907055,,,
clip_b16,retest,0,au,0.9989145913041427,0.974,0.9654357806576257,0.9654542124569522,0.9654334143964123,,,
vit_sup_b16,retest,0,width_sum,0.9970345028263451,0.95,0.5520066356513872,0.5520412721081145,0.5519799386410658,,,
vit_sup_b16,retest,0,mi,0.9911942811557289,0.931,0.7189991576492679,0.7191244634117967,0.7188093033878412,,,
vit_sup_b16,retest,0,au,0.998765908659659,0.981,0.7865341427682856,0.7864932083908031,0.7865774987068836,,,
convnext_s,retest,0,width_sum,0.9954721683787215,0.949,0.5534879991227781,0.5535537320071217,0.5534709230105618,,,
convnext_s,retest,0,mi,0.9916478404770577,0.927,0.7776664338947192,0.7776514117216158,0.7775818072184344,,,
convnext_s,retest,0,au,0.9981994071939833,0.973,0.917488737895925,0.9174773044142738,0.9175233019748084,,,
mae_b16,retest,0,width_sum,0.9940619428006195,0.831,0.5845320508842163,0.5845504629671188,0.5843943828856355,,,
mae_b16,retest,0,mi,0.9891649659011411,0.806,0.7621448074165557,0.7621257988088281,0.7620926754482992,,,
mae_b16,retest,0,au,0.9981130328761246,0.944,0.9520689198244933,0.9521324703756315,0.9519497913251355,,,
