regime,k,m,cka,cka_theory,eu_pearson,eu_theory,eu_spearman
high_cka,9,0,1.0,1.0,0.9999999999999999,1.0,0.9999999999999999
high_cka,9,10,0.9998874479057835,0.9998889012331963,0.5163138961014002,0.5208031942595914,0.4994035029201401
high_cka,9,25,0.999727038430979,0.9997222993612885,0.2889136937874439,0.3030047975759616,0.2744149562245982
high_cka,9,50,0.9994436169313892,0.9994447529150472,0.19215248399129514,0.17855371490923516,0.1834620132904805
high_cka,9,100,0.9988960425860127,0.9988901220865705,0.10785458252653703,0.09802853719638381,0.10336528023061121
high_cka,9,200,0.9977767511455364,0.9977827050997783,0.061067776725169075,0.051540487916618936,0.0623635200945408
high_cka,9,400,0.9955847737523377,0.995575221238938,0.036375295165735455,0.026451916294380432,0.03796999735879989
low_cka,50,2,0.0026455482301142256,0.002493765586034913,0.9557710414106537,0.9539223591752102,0.9529191105647643
low_cka,100,2,0.005028346512395511,0.0049751243781094535,0.9776012566175574,0.9764178752505601,0.9771905502876218
low_cka,200,2,0.010129356539843948,0.009900990099009903,0.9872568928241654,0.9880682496122181,0.9853028559881141
low_cka,400,2,0.020173046936862053,0.019607843137254905,0.9942503583789601,0.9939983195294683,0.9935782413111296
