pair,k,mA,mB,alpha,gaussian,rho,cka,s_rho,s_rho_0,eu_pearson,eu_spearman
0,51,159,127,0.3491682287234336,True,0.01,0.6110684909458449,0.2715614789375524,0.26901290734999084,0.23758979462262236,0.23371674781266988
0,51,159,127,0.3491682287234336,True,0.1,0.6110684909458449,0.2929726474131255,0.26901290734999084,0.2598474490269049,0.25525837923433514
0,51,159,127,0.3491682287234336,True,1.0,0.6110684909458449,0.41839507463378967,0.26901290734999084,0.39201496569681893,0.3831894743675789
0,51,159,127,0.3491682287234336,True,10.0,0.6110684909458449,0.5760252812610608,0.26901290734999084,0.5613003220111283,0.5463766075830642
1,17,199,86,0.5583098116644897,True,0.01,0.6852840213088283,0.1218985035603031,0.11964694000286691,0.10977988126664778,0.09993443814137751
1,17,199,86,0.5583098116644897,True,0.1,0.6852840213088283,0.14125722349160488,0.11964694000286691,0.1300553991203334,0.11893819378152774
1,17,199,86,0.5583098116644897,True,1.0,0.6852840213088283,0.2759515998457758,0.11964694000286691,0.2695805873259949,0.24799821209592846
1,17,199,86,0.5583098116644897,True,10.0,0.6852840213088283,0.5659359219415094,0.11964694000286691,0.5643993316620555,0.5157779864551194
2,37,40,63,0.5485615258047959,False,0.01,0.7852125503087829,0.426619071242546,0.42308331476894195,0.4210780278591325,0.40147713679508545
2,37,40,63,0.5485615258047959,False,0.1,0.7852125503087829,0.4552811839208681,0.42308331476894195,0.44942773995307345,0.4263437587817503
2,37,40,63,0.5485615258047959,False,1.0,0.7852125503087829,0.5986258480797122,0.42308331476894195,0.591768655899207,0.5494685614987425
2,37,40,63,0.5485615258047959,False,10.0,0.7852125503087829,0.7544414162005656,0.42308331476894195,0.7475060523122609,0.6870438622337545
3,11,43,182,1.39301840377242,True,0.01,0.8774677244632769,0.12831658805161947,0.11161518529902603,0.12774256684768373,0.11803969844958793
3,11,43,182,1.39301840377242,True,0.1,0.8774677244632769,0.2356084155329869,0.11161518529902603,0.23313701830575473,0.2175900186876007
3,11,43,182,1.39301840377242,True,1.0,0.8774677244632769,0.5538120006665883,0.11161518529902603,0.5487022692461789,0.5088026945281077
3,11,43,182,1.39301840377242,True,10.0,0.8774677244632769,0.839112001235393,0.11161518529902603,0.8362382304855531,0.8062275235131008
4,38,237,141,0.5597055105435584,True,0.01,0.6692099079632308,0.18189070082063535,0.17889809321048658,0.19454915966205882,0.18844978036999116
4,38,237,141,0.5597055105435584,True,0.1,0.6692099079632308,0.20720246652214044,0.17889809321048658,0.21990417740330348,0.21212599126903964
4,38,237,141,0.5597055105435584,True,1.0,0.6692099079632308,0.36546749102020026,0.17889809321048658,0.3778405549479672,0.36324170048166793
4,38,237,141,0.5597055105435584,True,10.0,0.6692099079632308,0.6146352828490587,0.17889809321048658,0.6213123864183652,0.6004718837948754
5,31,222,194,0.5220744350140339,False,0.01,0.6530237719744864,0.14127316743901325,0.13899939716886273,0.130565253839794,0.12475218230208727
5,31,222,194,0.5220744350140339,False,0.1,0.6530237719744864,0.16076642421297843,0.13899939716886273,0.14890775393375139,0.1419142907645716
5,31,222,194,0.5220744350140339,False,1.0,0.6530237719744864,0.294709439272114,0.13899939716886273,0.28099825804430756,0.26234160530966416
5,31,222,194,0.5220744350140339,False,10.0,0.6530237719744864,0.5590604105752318,0.13899939716886273,0.5528666471122702,0.4972242244009689
6,34,147,179,1.087686786807867,True,0.01,0.9568476628352642,0.1926140427287549,0.1798849835759068,0.16047364142846846,0.15245892197035685
6,34,147,179,1.087686786807867,True,0.1,0.9568476628352642,0.28578336555143113,0.1798849835759068,0.26347884859767323,0.25189354031574157
6,34,147,179,1.087686786807867,True,1.0,0.9568476628352642,0.6215731310658613,0.1798849835759068,0.6246757700590369,0.6018900119796005
6,34,147,179,1.087686786807867,True,10.0,0.9568476628352642,0.9079287607834482,0.1798849835759068,0.9111784036695754,0.8886007144560284
7,51,194,28,0.7479134743383747,True,0.01,0.8574312615190298,0.37417707113067783,0.3685357664972668,0.35360730443741806,0.32980409716016384
7,51,194,28,0.7479134743383747,True,0.1,0.8574312615190298,0.4186048772649167,0.3685357664972668,0.398686224216232,0.37257732155909284
7,51,194,28,0.7479134743383747,True,1.0,0.8574312615190298,0.6134435980307309,0.3685357664972668,0.6013686364374429,0.5684041687521667
7,51,194,28,0.7479134743383747,True,10.0,0.8574312615190298,0.797723006353839,0.3685357664972668,0.7993878425887022,0.7648195943687837
8,29,114,199,0.8520420217265531,False,0.01,0.8282502920685744,0.17234457826277885,0.16688023165563645,0.16827542348504748,0.15687200288288008
8,29,114,199,0.8520420217265531,False,0.1,0.8282502920685744,0.21688421710957198,0.16688023165563645,0.21357752876383176,0.19604563427382535
8,29,114,199,0.8520420217265531,False,1.0,0.8282502920685744,0.4541056169119325,0.16688023165563645,0.4561956075393654,0.40415842304633687
8,29,114,199,0.8520420217265531,False,10.0,0.8282502920685744,0.7751419276772125,0.16688023165563645,0.7843802678457377,0.701733875845355
9,53,115,118,0.6800669610112479,True,0.01,0.85561422584881,0.3218909694488334,0.3167575475005452,0.31242636894124703,0.29933363536534535
9,53,115,118,0.6800669610112479,True,0.1,0.85561422584881,0.36341220518789497,0.3167575475005452,0.3551731692140215,0.33981679647267177
9,53,115,118,0.6800669610112479,True,1.0,0.85561422584881,0.5689287689830008,0.3167575475005452,0.5674038536244325,0.5430112129204484
9,53,115,118,0.6800669610112479,True,10.0,0.85561422584881,0.7986336584985422,0.3167575475005452,0.8036932274650166,0.7718687238347488
10,49,15,129,0.8901905841233558,True,0.01,0.9036827136187578,0.4672883650486699,0.4599781332416624,0.46074335482620604,0.44449540427581613
10,49,15,129,0.8901905841233558,True,0.1,0.9036827136187578,0.5217243059665626,0.4599781332416624,0.5145079783642316,0.497464577594583
10,49,15,129,0.8901905841233558,True,1.0,0.9036827136187578,0.7209398049642165,0.4599781332416624,0.7136042314882018,0.6957600296544011
10,49,15,129,0.8901905841233558,True,10.0,0.9036827136187578,0.881516798634483,0.4599781332416624,0.8781036948284824,0.8584011936640477
11,48,176,1,1.145119080176447,False,0.01,0.9669693588212431,0.47357841172799364,0.45824079719048033,0.46917435337088753,0.4434066040082641
11,48,176,1,1.145119080176447,False,0.1,0.9669693588212431,0.5662915090753415,0.45824079719048033,0.5583014617289159,0.5291232233729288
11,48,176,1,1.145119080176447,False,1.0,0.9669693588212431,0.7598891868325965,0.45824079719048033,0.7537864506184884,0.7271664735346589
11,48,176,1,1.145119080176447,False,10.0,0.9669693588212431,0.8932553570075003,0.45824079719048033,0.8945199857827827,0.8649979481679178
12,9,117,136,0.5416376316334875,True,0.01,0.6124594841453594,0.07374549073339294,0.07237745999240033,0.06717839879075294,0.0631479679019187
12,9,117,136,0.5416376316334875,True,0.1,0.6124594841453594,0.0856804678317091,0.07237745999240033,0.07820582510002579,0.07395393867015754
12,9,117,136,0.5416376316334875,True,1.0,0.6124594841453594,0.1773885704397949,0.07237745999240033,0.1662076497289369,0.15644277131371084
12,9,117,136,0.5416376316334875,True,10.0,0.6124594841453594,0.45127021070660267,0.07237745999240033,0.4379883548185952,0.3812318867372754
13,40,238,58,0.5042830034238678,True,0.01,0.7428847224968839,0.24960658350475423,0.24655496469714266,0.2623615879303093,0.2541887075435483
13,40,238,58,0.5042830034238678,True,0.1,0.7428847224968839,0.2751002937211306,0.24655496469714266,0.28769615263481463,0.27759995199999804
13,40,238,58,0.5042830034238678,True,1.0,0.7428847224968839,0.42445744778128125,0.24655496469714266,0.43621473845288317,0.4158691688907667
13,40,238,58,0.5042830034238678,True,10.0,0.7428847224968839,0.654684404444667,0.24655496469714266,0.6652326545095926,0.6317160526286419
14,54,188,11,0.574976047349706,False,0.01,0.8029130367994413,0.43515486344996585,0.43134786847157425,0.4427835514293237,0.4180227916009116
14,54,188,11,0.574976047349706,False,0.1,0.8029130367994413,0.4657924365291294,0.43134786847157425,0.4744256384738912,0.4473101371564054
14,54,188,11,0.574976047349706,False,1.0,0.8029130367994413,0.6167922782809316,0.43134786847157425,0.6255844443327173,0.5895673608626943
14,54,188,11,0.574976047349706,False,10.0,0.8029130367994413,0.780596859856733,0.43134786847157425,0.7857640681213052,0.7481356453174256
15,15,108,55,0.7110146544438316,True,0.01,0.6589406939491803,0.16865646258266662,0.16485773524210995,0.15573464959307268,0.13569976353999053
15,15,108,55,0.7110146544438316,True,0.1,0.6589406939491803,0.20037931068102433,0.16485773524210995,0.18835192755351213,0.16732290563691618
15,15,108,55,0.7110146544438316,True,1.0,0.6589406939491803,0.38622670659588065,0.16485773524210995,0.3826347763466522,0.3541581740703269
15,15,108,55,0.7110146544438316,True,10.0,0.6589406939491803,0.6539673678466091,0.16485773524210995,0.6584961686719071,0.6168219488648778
16,49,155,85,0.8321706188010293,True,0.01,0.9435454084249241,0.3077738550828329,0.30035619848692535,0.3086678203647386,0.29598316774332667
16,49,155,85,0.8321706188010293,True,0.1,0.9435454084249241,0.3653624587490881,0.30035619848692535,0.3681783273304594,0.3533378087255123
16,49,155,85,0.8321706188010293,True,1.0,0.9435454084249241,0.6131278386213457,0.30035619848692535,0.6199115918016667,0.600082701219308
16,49,155,85,0.8321706188010293,True,10.0,0.9435454084249241,0.8627919272830467,0.30035619848692535,0.8657578690757963,0.8430663246026529
17,25,200,111,1.016773885263777,False,0.01,0.9456575563860576,0.1575850646036926,0.14922172142796672,0.1515436454285841,0.13714927249397088
17,25,200,111,1.016773885263777,False,0.1,0.9456575563860576,0.22272316326299874,0.14922172142796672,0.2194936136320609,0.19768294899531794
17,25,200,111,1.016773885263777,False,1.0,0.9456575563860576,0.5125569011993567,0.14922172142796672,0.5138564349599518,0.4609962923598517
17,25,200,111,1.016773885263777,False,10.0,0.9456575563860576,0.8536009681309792,0.14922172142796672,0.8534163113156319,0.7791007420440295
18,41,28,91,0.8291567771889703,True,0.01,0.8235530524040539,0.4375438571865334,0.4309502990376475,0.4201863196330034,0.40665138647405535
18,41,28,91,0.8291567771889703,True,0.1,0.8235530524040539,0.4880621585797996,0.4309502990376475,0.47169406726128016,0.4557868232554729
18,41,28,91,0.8291567771889703,True,1.0,0.8235530524040539,0.6946786443478786,0.4309502990376475,0.6856518654022341,0.661469276794771
18,41,28,91,0.8291567771889703,True,10.0,0.8235530524040539,0.8602493150733797,0.4309502990376475,0.8604832516430583,0.8388226801449071
19,47,104,126,0.34368130132729086,True,0.01,0.6801156758552613,0.2975490002819831,0.29491671105983064,0.2942626226223777,0.2753704084548163
19,47,104,126,0.34368130132729086,True,0.1,0.6801156758552613,0.3196739699658746,0.29491671105983064,0.31722285521896887,0.2971857681434307
19,47,104,126,0.34368130132729086,True,1.0,0.6801156758552613,0.45017300331925775,0.29491671105983064,0.451731789806891,0.4257365320694612
19,47,104,126,0.34368130132729086,True,10.0,0.6801156758552613,0.6292727435527332,0.29491671105983064,0.6338754305789707,0.6039027336601093
20,55,55,157,0.7981004800643163,False,0.01,0.8409359565395175,0.37029039563985644,0.3630607750877741,0.34773099468485935,0.3337056135402245
20,55,55,157,0.7981004800643163,False,0.1,0.8409359565395175,0.42631338494453985,0.3630607750877741,0.40272524870262627,0.38359929646397173
20,55,55,157,0.7981004800643163,False,1.0,0.8409359565395175,0.6539718757523562,0.3630607750877741,0.6357743716843245,0.5950414727936588
20,55,55,157,0.7981004800643163,False,10.0,0.8409359565395175,0.8452690741147533,0.3630607750877741,0.8399829931185513,0.7989565394782615
21,10,133,225,0.6531928873998089,True,0.01,0.7197273917488338,0.06427847257220141,0.06270343517315193,0.06145308741877252,0.06083370876934834
21,10,133,225,0.6531928873998089,True,0.1,0.7197273917488338,0.07823988282207392,0.06270343517315193,0.07456656453175214,0.07233296074931843
21,10,133,225,0.6531928873998089,True,1.0,0.7197273917488338,0.19471127637446026,0.06270343517315193,0.19017882693143254,0.17581939039277558
21,10,133,225,0.6531928873998089,True,10.0,0.7197273917488338,0.529639659917536,0.06270343517315193,0.5266739533618242,0.4812744117629764
22,25,78,65,0.5152022190762716,True,0.01,0.719848073155966,0.26553749387780057,0.26229294741751125,0.2416378387167009,0.22798705401548214
22,25,78,65,0.5152022190762716,True,0.1,0.719848073155966,0.29265261377858703,0.26229294741751125,0.2696889327257335,0.25518662527946495
22,25,78,65,0.5152022190762716,True,1.0,0.719848073155966,0.44806908465397605,0.26229294741751125,0.43255860060666707,0.41088877960355114
22,25,78,65,0.5152022190762716,True,10.0,0.719848073155966,0.651856825441094,0.26229294741751125,0.6518598142977826,0.6082944789557791
23,47,156,60,0.9750655954023537,False,0.01,0.8793903889461624,0.33134391448561046,0.3220609220631779,0.3137371788669674,0.30783891813755665
23,47,156,60,0.9750655954023537,False,0.1,0.8793903889461624,0.39998163241007717,0.3220609220631779,0.38026339374773166,0.36919071905562867
23,47,156,60,0.9750655954023537,False,1.0,0.8793903889461624,0.6542303270014808,0.3220609220631779,0.6368337970129707,0.6035620121744805
23,47,156,60,0.9750655954023537,False,10.0,0.8793903889461624,0.8636061142921816,0.3220609220631779,0.8609348380163505,0.8164400024815999
24,36,36,167,0.8336735548074014,True,0.01,0.8310455660989506,0.30685359434357096,0.30016931899597393,0.3177064932751304,0.299609600624384
24,36,36,167,0.8336735548074014,True,0.1,0.8310455660989506,0.3596622116468693,0.30016931899597393,0.37064411547046716,0.3505800372552014
24,36,36,167,0.8336735548074014,True,1.0,0.8310455660989506,0.5976645134420224,0.30016931899597393,0.6044447064722515,0.5802016077840642
24,36,36,167,0.8336735548074014,True,10.0,0.8310455660989506,0.823501250293169,0.30016931899597393,0.8245462748603671,0.8053600078624001
25,28,45,216,0.4690590039772509,True,0.01,0.6397872025325969,0.21590197997216226,0.213296051796937,0.1951642092401717,0.18322730988909233
25,28,45,216,0.4690590039772509,True,0.1,0.6397872025325969,0.23783696702617457,0.213296051796937,0.216427540426294,0.20310793734031746
25,28,45,216,0.4690590039772509,True,1.0,0.6397872025325969,0.3725783235877944,0.213296051796937,0.3492992841950567,0.32675990631839624
25,28,45,216,0.4690590039772509,True,10.0,0.6397872025325969,0.5908263175011199,0.213296051796937,0.572389746441656,0.5393373062134922
26,18,135,7,0.47642819840715717,False,0.01,0.7404688603262167,0.294531580495787,0.2917742561999846,0.3088251326801134,0.26935812722232505
26,18,135,7,0.47642819840715717,False,0.1,0.7404688603262167,0.3174885264330996,0.2917742561999846,0.33227696456666855,0.2906366926174676
26,18,135,7,0.47642819840715717,False,1.0,0.7404688603262167,0.45176886985082815,0.2917742561999846,0.47121167384448126,0.41494945246997805
26,18,135,7,0.47642819840715717,False,10.0,0.7404688603262167,0.6637741342668976,0.2917742561999846,0.6871145181362899,0.6033598438463936
27,8,125,197,1.2231171222973005,True,0.01,0.9241392395071222,0.06178250277919933,0.05594684369507131,0.05048203353790333,0.04470530838021233
27,8,125,197,1.2231171222973005,True,0.1,0.9241392395071222,0.1072160366920811,0.05594684369507131,0.09394805467462505,0.08967126704285068
27,8,125,197,1.2231171222973005,True,1.0,0.9241392395071222,0.34492129395360344,0.05594684369507131,0.33743541279168254,0.31851250883650034
27,8,125,197,1.2231171222973005,True,10.0,0.9241392395071222,0.7346799870367677,0.05594684369507131,0.7329622907847342,0.6826902311476092
28,13,139,122,1.1385229727627557,True,0.01,0.8254063550908631,0.10369224131266763,0.0968195206920732,0.10733619207891684,0.11267327913093116
28,13,139,122,1.1385229727627557,True,0.1,0.8254063550908631,0.15818511386225484,0.0968195206920732,0.1595529420956477,0.16147873874714952
28,13,139,122,1.1385229727627557,True,1.0,0.8254063550908631,0.4262165082152177,0.0968195206920732,0.42636379660848817,0.4086744280589771
28,13,139,122,1.1385229727627557,True,10.0,0.8254063550908631,0.7767001839149449,0.0968195206920732,0.7771789437740959,0.7444347821933912
29,44,40,108,0.9665794204789251,False,0.01,0.7880046256102441,0.400655709928726,0.3913202972643144,0.40217365962339946,0.38035310615812423
29,44,40,108,0.9665794204789251,False,0.1,0.7880046256102441,0.4686356528266501,0.3913202972643144,0.46825367604672297,0.4421274388050975
29,44,40,108,0.9665794204789251,False,1.0,0.7880046256102441,0.7053650225883237,0.3913202972643144,0.7021034531040964,0.6612956906438275
29,44,40,108,0.9665794204789251,False,10.0,0.7880046256102441,0.858549848691016,0.3913202972643144,0.8528973337016788,0.8193256377970254
30,56,247,24,1.1107807093808062,True,0.01,0.716317282433383,0.3764805880427322,0.3615742132707797,0.36957618078706256,0.3611036474361458
30,56,247,24,1.1107807093808062,True,0.1,0.716317282433383,0.4739245017630986,0.3615742132707797,0.46585762850849344,0.4549300840852033
30,56,247,24,1.1107807093808062,True,1.0,0.716317282433383,0.7348335891875929,0.3615742132707797,0.725014750786456,0.7103150464286018
30,56,247,24,1.1107807093808062,True,10.0,0.716317282433383,0.8654908045243455,0.3615742132707797,0.8615108943835423,0.8673792748231709
31,40,204,58,0.68244056014787,True,0.01,0.8714157680452427,0.2674426165495448,0.2625446514873646,0.2666507349968539,0.2527734054069362
31,40,204,58,0.68244056014787,True,0.1,0.8714157680452427,0.30751030683520303,0.2625446514873646,0.30792040717649016,0.29171942875677714
31,40,204,58,0.68244056014787,True,1.0,0.8714157680452427,0.5178074378901646,0.2625446514873646,0.5195444484908252,0.493624376896975
31,40,204,58,0.68244056014787,True,10.0,0.8714157680452427,0.7815208349745012,0.2625446514873646,0.781982035540278,0.7504392621775703
32,43,157,5,0.5895580997140234,False,0.01,0.8846803009098733,0.4433908787935569,0.4392550022669996,0.4360449305536363,0.41294782368591293
32,43,157,5,0.5895580997140234,False,0.1,0.8846803009098733,0.4763243818924487,0.4392550022669996,0.468218883867924,0.44190985134039396
32,43,157,5,0.5895580997140234,False,1.0,0.8846803009098733,0.6336584601233336,0.4392550022669996,0.6220519687110968,0.5833571285822851
32,43,157,5,0.5895580997140234,False,10.0,0.8846803009098733,0.8199666185563231,0.4392550022669996,0.8114297617459748,0.7606862929874516
33,12,28,21,1.0058147857298352,True,0.01,0.9051522004841293,0.33935843519261777,0.3309924544075269,0.34385659569975846,0.33386950858678033
33,12,28,21,1.0058147857298352,True,0.1,0.9051522004841293,0.4029064471730627,0.3309924544075269,0.4086629469865465,0.39410372325214893
33,12,28,21,1.0058147857298352,True,1.0,0.9051522004841293,0.6552028546136129,0.3309924544075269,0.6638723643573408,0.6323294570371781
33,12,28,21,1.0058147857298352,True,10.0,0.9051522004841293,0.8689773816407852,0.3309924544075269,0.8745118669740413,0.8390843958353756
34,5,130,191,1.0021788479855216,True,0.01,0.7841999678560397,0.04042155581473656,0.03839305001050906,0.00931508493806172,0.015897038939881553
34,5,130,191,1.0021788479855216,True,0.1,0.7841999678560397,0.057864355012036746,0.03839305001050906,0.02597373851214051,0.030521171588846856
34,5,130,191,1.0021788479855216,True,1.0,0.7841999678560397,0.18974646795981656,0.03839305001050906,0.16529809748977276,0.15973050235722008
34,5,130,191,1.0021788479855216,True,10.0,0.7841999678560397,0.5590478433425234,0.03839305001050906,0.5441646950723854,0.49563708590548344
35,7,236,115,1.465197476585763,False,0.01,0.9330148496223944,0.058584041334578035,0.04855301704393486,0.053692637698542475,0.05212671280506851
35,7,236,115,1.465197476585763,False,0.1,0.9330148496223944,0.12372242733295015,0.04855301704393486,0.12726632843653174,0.11245764853030592
35,7,236,115,1.465197476585763,False,1.0,0.9330148496223944,0.37037619284254963,0.04855301704393486,0.38158767114095915,0.3083455776458231
35,7,236,115,1.465197476585763,False,10.0,0.9330148496223944,0.7239252566128825,0.04855301704393486,0.7236122302660632,0.6061139873805593
36,58,65,69,0.8339890959489499,True,0.01,0.8564381759528822,0.4722738502279004,0.46585557222319657,0.45999963763071594,0.4457532345341293
36,58,65,69,0.8339890959489499,True,0.1,0.8564381759528822,0.52187519465385,0.46585557222319657,0.5106578547617616,0.4971098693883947
36,58,65,69,0.8339890959489499,True,1.0,0.8564381759528822,0.7212904805663792,0.46585557222319657,0.7157264761806954,0.702249227961969
36,58,65,69,0.8339890959489499,True,10.0,0.8564381759528822,0.8649373244217992,0.46585557222319657,0.8650571866350936,0.8507588919823555
37,37,85,141,1.0546801146970244,True,0.01,0.9754018846475591,0.26678661848821017,0.2551127459811876,0.28292702111989587,0.2703317808612712
37,37,85,141,1.0546801146970244,True,0.1,0.9754018846475591,0.3518124160643247,0.2551127459811876,0.3655504332911159,0.3499757353750294
37,37,85,141,1.0546801146970244,True,1.0,0.9754018846475591,0.6497905940275064,0.2551127459811876,0.656428581129525,0.6336897948515917
37,37,85,141,1.0546801146970244,True,10.0,0.9754018846475591,0.8922776255076467,0.2551127459811876,0.8962870397124062,0.8689814143752563
38,25,108,12,1.2553537595916804,False,0.01,0.9273575532753797,0.3725037011673835,0.3572471448434853,0.3705391924514283,0.34538071199122844
38,25,108,12,1.2553537595916804,False,0.1,0.9273575532753797,0.47074686188652387,0.3572471448434853,0.46987372851668446,0.4337221611568864
38,25,108,12,1.2553537595916804,False,1.0,0.9273575532753797,0.7223968603782484,0.3572471448434853,0.7204589837178701,0.6649534308541373
38,25,108,12,1.2553537595916804,False,10.0,0.9273575532753797,0.8721264347151869,0.3572471448434853,0.8747483787099917,0.8433847370313894
39,41,222,241,1.4406993971312554,True,0.01,0.9888674063587681,0.19920184315179026,0.16033964253047164,0.1933679058899393,0.1892779861311194
39,41,222,241,1.4406993971312554,True,0.1,0.9888674063587681,0.3957819453484303,0.16033964253047164,0.3984777196611351,0.38747734852309385
39,41,222,241,1.4406993971312554,True,1.0,0.9888674063587681,0.7676582444675208,0.16033964253047164,0.7713293085640791,0.7462789663631586
39,41,222,241,1.4406993971312554,True,10.0,0.9888674063587681,0.9408986189632734,0.16033964253047164,0.9380320999612607,0.9248722576668902
40,34,167,171,1.1858608393523726,True,0.01,0.9605036263496602,0.1890553829261723,0.17454031015926358,0.1680600709670765,0.15470042942001716
40,34,167,171,1.1858608393523726,True,0.1,0.9605036263496602,0.291429715343166,0.17454031015926358,0.2764266993587006,0.26079710531188416
40,34,167,171,1.1858608393523726,True,1.0,0.9605036263496602,0.6313737327389903,0.17454031015926358,0.6302738509975734,0.6031420951976837
40,34,167,171,1.1858608393523726,True,10.0,0.9605036263496602,0.897211851142522,0.17454031015926358,0.9010274158145861,0.880467827794713
41,13,209,248,0.6748176918930268,False,0.01,0.7284891669241806,0.06641540906530355,0.06471838785574216,0.07170689107851702,0.06337739754309589
41,13,209,248,0.6748176918930268,False,0.1,0.7284891669241806,0.08141313484163915,0.06471838785574216,0.0877320740221176,0.07708615066744601
41,13,209,248,0.6748176918930268,False,1.0,0.7284891669241806,0.20566039782239814,0.06471838785574216,0.21795873730943177,0.18175031891801274
41,13,209,248,0.6748176918930268,False,10.0,0.7284891669241806,0.5667979256036881,0.06471838785574216,0.5841034894638913,0.4600054698882187
42,23,106,78,0.7965978464960786,True,0.01,0.8744165756527562,0.21035037296378298,0.2051113793607741,0.19823779295251068,0.18751453191658127
42,23,106,78,0.7965978464960786,True,0.1,0.8744165756527562,0.2529972568536192,0.2051113793607741,0.2419937993566621,0.2280153630726145
42,23,106,78,0.7965978464960786,True,1.0,0.8744165756527562,0.47692990524335827,0.2051113793607741,0.46829053143265187,0.44020741117629636
42,23,106,78,0.7965978464960786,True,10.0,0.8744165756527562,0.7834986378553263,0.2051113793607741,0.7800564801904963,0.7356884826755393
43,20,15,82,1.0511390733241168,True,0.01,0.9700599815091447,0.3466268552734116,0.33570611235333214,0.34728289019841607,0.3247018111960724
43,20,15,82,1.0511390733241168,True,0.1,0.9700599815091447,0.42512015896198935,0.33570611235333214,0.42707425965055523,0.39897629435905174
43,20,15,82,1.0511390733241168,True,1.0,0.9700599815091447,0.6852256470779834,0.33570611235333214,0.6876581254479261,0.6534141595445663
43,20,15,82,1.0511390733241168,True,10.0,0.9700599815091447,0.8756864284659094,0.33570611235333214,0.8728078827044949,0.84672600132504
44,34,69,150,0.4272865997345641,False,0.01,0.6276374558957662,0.2530843823079865,0.2506801782505062,0.26896749792751773,0.24811892163675683
44,34,69,150,0.4272865997345641,False,0.1,0.6276374558957662,0.2732911678689259,0.2506801782505062,0.28984164087614683,0.26679640945585636
44,34,69,150,0.4272865997345641,False,1.0,0.6276374558957662,0.3952138614640619,0.2506801782505062,0.4148878213141718,0.3771423826696952
44,34,69,150,0.4272865997345641,False,10.0,0.6276374558957662,0.5755608137611105,0.2506801782505062,0.5926719913400433,0.5344985101159403
45,55,200,190,0.6267791923987095,True,0.01,0.7752204464660328,0.23162545030697773,0.2276016396829809,0.23659760718722084,0.2277169038606761
45,55,200,190,0.6267791923987095,True,0.1,0.7752204464660328,0.2649106322840489,0.2276016396829809,0.2698196159114495,0.2599594826223792
45,55,200,190,0.6267791923987095,True,1.0,0.7752204464660328,0.4509133109240688,0.2276016396829809,0.45790235606908597,0.4421386421015457
45,55,200,190,0.6267791923987095,True,10.0,0.7752204464660328,0.7062288283685032,0.2276016396829809,0.7151278944813442,0.6889729363269174
46,53,164,110,1.0038902591227172,True,0.01,0.8609189122224874,0.29820884724492364,0.28665235664407696,0.2735907170205196,0.26133285358931413
46,53,164,110,1.0038902591227172,True,0.1,0.8609189122224874,0.38195567758294025,0.28665235664407696,0.3577383135900921,0.3413160566606422
46,53,164,110,1.0038902591227172,True,1.0,0.8609189122224874,0.6744365769670756,0.28665235664407696,0.6578300917466827,0.6342438870977554
46,53,164,110,1.0038902591227172,True,10.0,0.8609189122224874,0.9059507664746788,0.28665235664407696,0.903597618031291,0.8854296262971849
47,57,112,166,1.3874285926891547,False,0.01,0.9795629224067298,0.32987784826777966,0.29833152594923174,0.3437908076228499,0.3243143436605737
47,57,112,166,1.3874285926891547,False,0.1,0.9795629224067298,0.49939619381290007,0.29833152594923174,0.5142976538568543,0.4834566188582647
47,57,112,166,1.3874285926891547,False,1.0,0.9795629224067298,0.8260725051576037,0.29833152594923174,0.8370826337674888,0.7954256795930271
47,57,112,166,1.3874285926891547,False,10.0,0.9795629224067298,0.9669002334008119,0.29833152594923174,0.9685899705910855,0.948104902564196
48,24,229,140,0.706372080935903,True,0.01,0.8173303014370746,0.1288930258424482,0.12570074965393574,0.13486372332331925,0.12686897057875882
48,24,229,140,0.706372080935903,True,0.1,0.8173303014370746,0.15609207183484497,0.12570074965393574,0.16362520727154506,0.15433124038124957
48,24,229,140,0.706372080935903,True,1.0,0.8173303014370746,0.33272127916032185,0.12570074965393574,0.34586176268329205,0.32884756166590245
48,24,229,140,0.706372080935903,True,10.0,0.8173303014370746,0.6605282285268298,0.12570074965393574,0.6707469088345955,0.6371077811963111
49,20,85,115,1.4489436500136363,True,0.01,0.9819163439341694,0.19470258452510517,0.17214879865238952,0.2137088527638652,0.20792832562913302
49,20,85,115,1.4489436500136363,True,0.1,0.9819163439341694,0.3306215504837078,0.17214879865238952,0.3517227437937658,0.33542205933688235
49,20,85,115,1.4489436500136363,True,1.0,0.9819163439341694,0.6702878630333967,0.17214879865238952,0.6831597161909779,0.6533176534287061
49,20,85,115,1.4489436500136363,True,10.0,0.9819163439341694,0.9179978105108243,0.17214879865238952,0.9195871140428542,0.8953384497655378
50,4,27,22,1.3445212347537359,False,0.01,0.8692801343560351,0.15281345931735899,0.1418748222660281,0.12275296141481619,0.11991552642862104
50,4,27,22,1.3445212347537359,False,0.1,0.8692801343560351,0.23479265794221335,0.1418748222660281,0.20538529649026885,0.17745547401021894
50,4,27,22,1.3445212347537359,False,1.0,0.8692801343560351,0.5581080380969098,0.1418748222660281,0.5343891588922661,0.41224154032966154
50,4,27,22,1.3445212347537359,False,10.0,0.8692801343560351,0.838226723430061,0.1418748222660281,0.8269988221328625,0.6703885461435417
51,6,127,161,1.0327438482594702,True,0.01,0.9001254295443726,0.04988676077479305,0.04706005959612762,0.03962006976861957,0.040085547619421895
51,6,127,161,1.0327438482594702,True,0.1,0.9001254295443726,0.07384638630423718,0.04706005959612762,0.066309596356255,0.06435260657410424
51,6,127,161,1.0327438482594702,True,1.0,0.9001254295443726,0.2378892587019818,0.04706005959612762,0.24297315022180319,0.2283754130070165
51,6,127,161,1.0327438482594702,True,10.0,0.9001254295443726,0.6413066155922175,0.04706005959612762,0.6377144036393031,0.5834389194335566
52,3,123,46,0.6974006218011005,True,0.01,0.5677339473145201,0.04298859936544562,0.04181374196196843,0.03142321070964928,0.031091358523654335
52,3,123,46,0.6974006218011005,True,0.1,0.5677339473145201,0.05346962907404621,0.04181374196196843,0.04428216585496287,0.04291234530049381
52,3,123,46,0.6974006218011005,True,1.0,0.5677339473145201,0.14450805765189867,0.04181374196196843,0.14532723107779766,0.13524409433776377
52,3,123,46,0.6974006218011005,True,10.0,0.5677339473145201,0.42355080903297687,0.04181374196196843,0.4314751965074425,0.3786643413865736
53,46,203,51,0.5723736926203744,False,0.01,0.7738480088246024,0.3033501508307688,0.29935963755719125,0.3143488629489149,0.3118064049522561
53,46,203,51,0.5723736926203744,False,0.1,0.7738480088246024,0.3361274274767297,0.29935963755719125,0.34701713230506737,0.34143537026541476
53,46,203,51,0.5723736926203744,False,1.0,0.7738480088246024,0.510642136747922,0.29935963755719125,0.519771193992954,0.49558629719945185
53,46,203,51,0.5723736926203744,False,10.0,0.7738480088246024,0.7250198957176126,0.29935963755719125,0.728927216257778,0.6816460758738431
54,21,15,180,1.0422971143361004,True,0.01,0.9168469875008667,0.25791281571253,0.24845769526579345,0.26784277430442627,0.25967599998703994
54,21,15,180,1.0422971143361004,True,0.1,0.9168469875008667,0.3283178794350049,0.24845769526579345,0.33854238412237597,0.32773809806952386
54,21,15,180,1.0422971143361004,True,1.0,0.9168469875008667,0.5931457440324456,0.24845769526579345,0.6034604538065574,0.5809702625348103
54,21,15,180,1.0422971143361004,True,10.0,0.9168469875008667,0.8243081518443239,0.24845769526579345,0.8293907788276023,0.8172405228976208
55,45,16,38,0.48387046615046536,True,0.01,0.8544451176631029,0.6353657801368969,0.6328603619339334,0.634465766502982,0.6170389614815583
55,45,16,38,0.48387046615046536,True,0.1,0.8544451176631029,0.6557768122842466,0.6328603619339334,0.6538872423913185,0.6358806586512262
55,45,16,38,0.48387046615046536,True,1.0,0.8544451176631029,0.7537699463221301,0.6328603619339334,0.7485405856264246,0.7291292617731703
55,45,16,38,0.48387046615046536,True,10.0,0.8544451176631029,0.8407095109668625,0.6328603619339334,0.8328581645270561,0.8146977520759099
56,46,136,188,0.6557330155407214,False,0.01,0.795538079759156,0.2334250828512179,0.2291956443979382,0.21708917590960397,0.19947386420295454
56,46,136,188,0.6557330155407214,False,0.1,0.795538079759156,0.26830145591368526,0.2291956443979382,0.2517107868751491,0.231116350108654
56,46,136,188,0.6557330155407214,False,1.0,0.795538079759156,0.4587816375894974,0.2291956443979382,0.44557598684825706,0.4110714781708591
56,46,136,188,0.6557330155407214,False,10.0,0.795538079759156,0.7107614875318838,0.2291956443979382,0.7030081685925238,0.6508953748998149
57,15,152,169,1.4431244235427954,True,0.01,0.9521292549052469,0.1117610201783272,0.0929345842399408,0.08316591712810138,0.08529257717170308
57,15,152,169,1.4431244235427954,True,0.1,0.9521292549052469,0.2275336766302936,0.0929345842399408,0.2052292908568348,0.20236025609441022
57,15,152,169,1.4431244235427954,True,1.0,0.9521292549052469,0.5656472697137076,0.0929345842399408,0.5563103306343713,0.5295498963499958
57,15,152,169,1.4431244235427954,True,10.0,0.9521292549052469,0.8796381779293877,0.0929345842399408,0.8749516462414688,0.8422237042489481
58,39,22,56,0.9266161034221286,True,0.01,0.9019798502865783,0.5196772125018662,0.5131545360147602,0.5409490634928001,0.523735926549437
58,39,22,56,0.9266161034221286,True,0.1,0.9019798502865783,0.5683443682488002,0.5131545360147602,0.590270797754229,0.5719365944934637
58,39,22,56,0.9266161034221286,True,1.0,0.9019798502865783,0.743920512313246,0.5131545360147602,0.7644334305192892,0.7464086581443463
58,39,22,56,0.9266161034221286,True,10.0,0.9019798502865783,0.8850089434869685,0.5131545360147602,0.8943586034294553,0.8741126741965068
59,31,147,79,0.681827790372526,False,0.01,0.6750055860874395,0.22993210282115611,0.2257242553578507,0.22791327028646016,0.21859777075991083
59,31,147,79,0.681827790372526,False,0.1,0.6750055860874395,0.2644639515981647,0.2257242553578507,0.26307037375869124,0.2499499430539977
59,31,147,79,0.681827790372526,False,1.0,0.6750055860874395,0.4496270553690507,0.2257242553578507,0.450399436125049,0.414347176957887
59,31,147,79,0.681827790372526,False,10.0,0.6750055860874395,0.6649659357205878,0.2257242553578507,0.6698625761589029,0.607413327176533
