encoder,baseline,R_eu,cka,mknn,predictivity,cca_type,smoother_001,smoother_1
dinov2_b,norm_only,0.5306889306722327,,,,,,
dinov2_b,vit_rand_b16,-0.005765645941411485,0.15277481981440885,0.01378173828125,0.35202590769157693,0.11936859239795859,0.10219386118345672,0.11454654420066146
dinov2_b,colorhist,0.12055509163877291,0.13265202070457532,0.01290283203125,0.2145855562367584,0.055442066759268924,0.05865057484306967,0.0985062387603412
clip_b16,norm_only,0.3405482006370501,,,,,,
clip_b16,vit_rand_b16,0.12064444816111204,0.16054703777681906,0.015173339843749998,0.41105472621333666,0.12193951398380459,0.10832840239162013,0.1331848781121189
clip_b16,colorhist,-0.021405500351375086,0.1261456810180151,0.01446533203125,0.2536173838035479,0.05976333789401497,0.06732150314336328,0.11792880956942488
vit_sup_b16,norm_only,0.37096389424097354,,,,,,
vit_sup_b16,vit_rand_b16,-0.049729164432291105,0.14437674723626814,0.0142333984375,0.3542084097217555,0.12115916830202629,0.1057718827550056,0.11674208434621995
vit_sup_b16,colorhist,0.057082625270656315,0.13062366248905366,0.013647460937500001,0.22152235971861206,0.05930371852404567,0.0634814255556384,0.09970810965762614
convnext_s,norm_only,0.44300858825214706,,,,,,
convnext_s,vit_rand_b16,-0.06600571500142875,0.1062387352970284,0.01226806640625,0.29839679734690805,0.11887666099206756,0.10259632154545222,0.1065886862633297
convnext_s,colorhist,0.01758698539674635,0.09748593193306065,0.012524414062500001,0.1915129797001669,0.05811702889685819,0.061717236020722266,0.08981548965049276
mae_b16,norm_only,0.37240062310015576,,,,,,
mae_b16,vit_rand_b16,0.19898571024642756,0.5113342030454427,0.065087890625,0.7260556650312303,0.16620577593464034,0.18059877518377623,0.27361763595891125
mae_b16,colorhist,0.17775335193833797,0.3868503530150108,0.0501220703125,0.527291814509839,0.08272479504800337,0.09897087521575426,0.21843994263570754
deit_b16,norm_only,0.41198694399673597,,,,,,
deit_b16,vit_rand_b16,-0.058914244228561057,0.08672224537246409,0.0178466796875,0.39498216895467075,0.12847685228371308,0.11848660053283723,0.13884986809289224
deit_b16,colorhist,-0.014971269742817433,0.08351309594473338,0.01751708984375,0.2606178383000175,0.06538657642368122,0.0718768583669586,0.117351976817843
swin_b,norm_only,0.26900377475094367,,,,,,
swin_b,vit_rand_b16,-0.12473549968387491,0.04093615700015596,0.0142822265625,0.3626595805305915,0.13023242736696825,0.10975404597281185,0.13562373522654433
swin_b,colorhist,-0.04886313171578293,0.055921744697200536,0.013671875,0.21889863178233793,0.05817737688934674,0.06187427925592801,0.11490822112128907
resnet50,norm_only,0.5738615514653878,,,,,,
resnet50,vit_rand_b16,0.013808740952185237,0.17057849083338505,0.017846679687500002,0.3039577135243003,0.1749982959090379,0.13221637875198755,0.12804309582612644
resnet50,colorhist,0.039483492870873216,0.17116718435288192,0.017907714843750002,0.1690676523730556,0.06951020273782908,0.06946524193334735,0.10694962230524101
mixer_b16,norm_only,0.3802070540517635,,,,,,
mixer_b16,vit_rand_b16,-0.03218525004631251,0.06430496009761032,0.017810058593750004,0.2659986151593502,0.12445606966578161,0.10902988026355959,0.12304941319059258
mixer_b16,colorhist,0.047860294465073616,0.12728848572175594,0.01871337890625,0.19468563549239715,0.0615867513681109,0.06478059273477078,0.1050399177328613
siglip_b16,norm_only,0.5840057810014453,,,,,,
siglip_b16,vit_rand_b16,0.11293739373434841,0.15423609007727715,0.016491699218750003,0.4395224738002365,0.12305876567488934,0.10929182661596026,0.14884407317225298
siglip_b16,colorhist,0.05252213063053266,0.13927828961748695,0.015734863281249997,0.27176590296277503,0.06237171046461766,0.06885256370019875,0.1347989167479692
