encoder,seed,d,R_self
dinov2_b,0,768,0.9864339831084957
dinov2_b,1,768,0.9858028099507024
dinov2_b,2,768,0.9859877734969433
dinov2_b,3,768,0.9866045331511332
dinov2_b,4,768,0.9847459801864952
clip_b16,0,768,0.9775372693843174
clip_b16,1,768,0.9780828180207044
clip_b16,2,768,0.9766072436518108
clip_b16,3,768,0.9746055156513788
clip_b16,4,768,0.9754611428652858
vit_sup_b16,0,768,0.9774496498624125
vit_sup_b16,1,768,0.9785013841253459
vit_sup_b16,2,768,0.9797274979318744
vit_sup_b16,3,768,0.9773858878464721
vit_sup_b16,4,768,0.9749572777393193
convnext_s,0,768,0.9876107064026767
convnext_s,1,768,0.9885457706364426
convnext_s,2,768,0.9869441812360452
convnext_s,3,768,0.9875802293950573
convnext_s,4,768,0.9862692830673208
mae_b16,0,768,0.9861797900449475
mae_b16,1,768,0.985484347871087
mae_b16,2,768,0.9857470564367641
mae_b16,3,768,0.9853873788468446
mae_b16,4,768,0.9834131533532883
deit_b16,0,768,0.9833601658400414
deit_b16,1,768,0.9838263824565956
deit_b16,2,768,0.9828873477218367
deit_b16,3,768,0.9805125021281257
deit_b16,4,768,0.980705312176328
swin_b,0,1024,0.9932956703239176
swin_b,1,1024,0.9925445331361332
swin_b,2,1024,0.9918597664649417
swin_b,3,1024,0.9919068859767215
swin_b,4,1024,0.9922469975617494
resnet50,0,2048,0.9797342824335706
resnet50,1,2048,0.9804087276021818
resnet50,2,2048,0.978447568611892
resnet50,3,2048,0.9782613450653362
resnet50,4,2048,0.9789139532284883
mixer_b16,0,768,0.9890873757718439
mixer_b16,1,768,0.9878149299537327
mixer_b16,2,768,0.9879982644995661
mixer_b16,3,768,0.9888690147172536
mixer_b16,4,768,0.9879968649992161
siglip_b16,0,768,0.9844941421235354
siglip_b16,1,768,0.9845141866285466
siglip_b16,2,768,0.9823980550995138
siglip_b16,3,768,0.9815620583905146
siglip_b16,4,768,0.9803015990753997
