encoder,rho_rel,d,n,d_eff
dinov2_b,1e-06,768,4096,767.9849884235839
dinov2_b,1e-05,768,4096,767.850480286734
dinov2_b,0.0001,768,4096,766.5576183040245
dinov2_b,0.001,768,4096,756.2115124741008
dinov2_b,0.01,768,4096,697.6157560900836
dinov2_b,0.1,768,4096,490.40182652297995
dinov2_b,1.0,768,4096,195.7227502388667
dinov2_b,10.0,768,4096,44.11555714517104
dinov2_b,100.0,768,4096,6.709075565588375
clip_b16,1e-06,768,4096,767.9859301213421
clip_b16,1e-05,768,4096,767.8593609248289
clip_b16,0.0001,768,4096,766.5995420562579
clip_b16,0.001,768,4096,754.5530568476498
clip_b16,0.01,768,4096,668.5779062070285
clip_b16,0.1,768,4096,418.9076260574117
clip_b16,1.0,768,4096,159.22863868845704
clip_b16,10.0,768,4096,36.93069360211581
clip_b16,100.0,768,4096,6.169595635687305
vit_sup_b16,1e-06,768,4096,767.9947682945221
vit_sup_b16,1e-05,768,4096,767.9476905210574
vit_sup_b16,0.0001,768,4096,767.4776603370105
vit_sup_b16,0.001,768,4096,762.8497970357632
vit_sup_b16,0.01,768,4096,722.2798218961652
vit_sup_b16,0.1,768,4096,520.7479358704708
vit_sup_b16,1.0,768,4096,202.83239306287612
vit_sup_b16,10.0,768,4096,43.71351921969562
vit_sup_b16,100.0,768,4096,6.646017233811737
convnext_s,1e-06,768,4096,767.9938577252879
convnext_s,1e-05,768,4096,767.9385874118404
convnext_s,0.0001,768,4096,767.3868873297135
convnext_s,0.001,768,4096,761.9675952104096
convnext_s,0.01,768,4096,715.5744658677769
convnext_s,0.1,768,4096,506.62636547901116
convnext_s,1.0,768,4096,202.29611408664763
convnext_s,10.0,768,4096,45.26480072483084
convnext_s,100.0,768,4096,6.785356610041224
mae_b16,1e-06,768,4096,767.9527067261283
mae_b16,1e-05,768,4096,767.5279790294815
mae_b16,0.0001,768,4096,763.3678781719871
mae_b16,0.001,768,4096,728.3334050285625
mae_b16,0.01,768,4096,569.0021277090422
mae_b16,0.1,768,4096,298.5032720630653
mae_b16,1.0,768,4096,103.20741874023904
mae_b16,10.0,768,4096,25.857153667318013
mae_b16,100.0,768,4096,5.161726141872353
deit_b16,1e-06,768,4096,767.9945069442781
deit_b16,1e-05,768,4096,767.9450777521124
deit_b16,0.0001,768,4096,767.4516064740931
deit_b16,0.001,768,4096,762.5970360121204
deit_b16,0.01,768,4096,720.5669022640619
deit_b16,0.1,768,4096,523.8099706404638
deit_b16,1.0,768,4096,215.05175906216908
deit_b16,10.0,768,4096,45.84715254244191
deit_b16,100.0,768,4096,6.458333250791529
swin_b,1e-06,1024,4096,1023.9890529625001
swin_b,1e-05,1024,4096,1023.8905837123516
swin_b,0.0001,1024,4096,1022.9110375919158
swin_b,0.001,1024,4096,1013.5002448990275
swin_b,0.01,1024,4096,936.6953577005194
swin_b,0.1,1024,4096,618.6484459010269
swin_b,1.0,1024,4096,216.74325433553972
swin_b,10.0,1024,4096,43.286917957495824
swin_b,100.0,1024,4096,6.4938907307456395
resnet50,1e-06,2048,4096,2044.5758065969546
resnet50,1e-05,2048,4096,2042.9382235489386
resnet50,0.0001,2048,4096,2036.6860995815732
resnet50,0.001,2048,4096,1994.031215273806
resnet50,0.01,2048,4096,1757.4124775072337
resnet50,0.1,2048,4096,1142.1887315666181
resnet50,1.0,2048,4096,446.17089215583894
resnet50,10.0,2048,4096,102.39381222781722
resnet50,100.0,2048,4096,16.401478336287063
mixer_b16,1e-06,768,4096,767.9966121668804
mixer_b16,1e-05,768,4096,767.9661242138352
mixer_b16,0.0001,768,4096,767.6614963255638
mixer_b16,0.001,768,4096,764.6400713856945
mixer_b16,0.01,768,4096,736.6450471240886
mixer_b16,0.1,768,4096,567.3411549586883
mixer_b16,1.0,768,4096,231.3759721595642
mixer_b16,10.0,768,4096,46.86685218218249
mixer_b16,100.0,768,4096,6.48307031049136
siglip_b16,1e-06,768,4096,767.9926875097141
siglip_b16,1e-05,768,4096,767.926887171788
siglip_b16,0.0001,768,4096,767.2700762943001
siglip_b16,0.001,768,4096,760.8184109092742
siglip_b16,0.01,768,4096,705.743009356526
siglip_b16,0.1,768,4096,468.8470421651443
siglip_b16,1.0,768,4096,170.85614121183502
siglip_b16,10.0,768,4096,38.576291828801594
siglip_b16,100.0,768,4096,6.289759575348651
vit_rand_b16,1e-06,768,4096,765.5734278601385
vit_rand_b16,1e-05,768,4096,745.6694640994049
vit_rand_b16,0.0001,768,4096,633.2585018396132
vit_rand_b16,0.001,768,4096,403.62365716967884
vit_rand_b16,0.01,768,4096,199.35872831290538
vit_rand_b16,0.1,768,4096,82.62272499310184
vit_rand_b16,1.0,768,4096,30.868404787713146
vit_rand_b16,10.0,768,4096,10.620589828538828
vit_rand_b16,100.0,768,4096,3.13206694544646
