a,b,rho_rel,R_eu
dinov2_b,clip_b16,1e-06,0.30469467867366967
dinov2_b,clip_b16,1e-05,0.30469806267451566
dinov2_b,clip_b16,0.0001,0.30472498468124615
dinov2_b,clip_b16,0.001,0.304528660132165
dinov2_b,clip_b16,0.01,0.3038351649587912
dinov2_b,clip_b16,0.1,0.2942498685624671
dinov2_b,clip_b16,1.0,0.26656037614009404
dinov2_b,clip_b16,10.0,0.20057765164441294
dinov2_b,clip_b16,100.0,0.1662488380622095
dinov2_b,vit_sup_b16,1e-06,0.5961023465255867
dinov2_b,vit_sup_b16,1e-05,0.5961036125259032
dinov2_b,vit_sup_b16,0.0001,0.5960168570042143
dinov2_b,vit_sup_b16,0.001,0.5952533208133302
dinov2_b,vit_sup_b16,0.01,0.5910413737603434
dinov2_b,vit_sup_b16,0.1,0.5690683017670753
dinov2_b,vit_sup_b16,1.0,0.5048691437172859
dinov2_b,vit_sup_b16,10.0,0.3835292308823077
dinov2_b,vit_sup_b16,100.0,0.26842856660714165
dinov2_b,convnext_s,1e-06,0.6740599625149906
dinov2_b,convnext_s,1e-05,0.6740585165146291
dinov2_b,convnext_s,0.0001,0.6740417870104467
dinov2_b,convnext_s,0.001,0.6737365714341429
dinov2_b,convnext_s,0.01,0.6702550630637657
dinov2_b,convnext_s,0.1,0.6499637704909426
dinov2_b,convnext_s,1.0,0.5827157686789421
dinov2_b,convnext_s,10.0,0.45732251583062894
dinov2_b,convnext_s,100.0,0.3398268969567242
dinov2_b,mae_b16,1e-06,0.1826317356579339
dinov2_b,mae_b16,1e-05,0.18259506664876665
dinov2_b,mae_b16,0.0001,0.18251844662961164
dinov2_b,mae_b16,0.001,0.18168447492111875
dinov2_b,mae_b16,0.01,0.17866746266686567
dinov2_b,mae_b16,0.1,0.1785353276338319
dinov2_b,mae_b16,1.0,0.18142196735549185
dinov2_b,mae_b16,10.0,0.2046090691522673
dinov2_b,mae_b16,100.0,0.20502288175572042
dinov2_b,deit_b16,1e-06,0.6205658901414725
dinov2_b,deit_b16,1e-05,0.6205490196372548
dinov2_b,deit_b16,0.0001,0.6204680706170177
dinov2_b,deit_b16,0.001,0.6199499434874858
dinov2_b,deit_b16,0.01,0.6180943665235916
dinov2_b,deit_b16,0.1,0.6091216732804183
dinov2_b,deit_b16,1.0,0.5621450995362749
dinov2_b,deit_b16,10.0,0.443441603860401
dinov2_b,deit_b16,100.0,0.3339203349800837
dinov2_b,swin_b,1e-06,0.4873744143436036
dinov2_b,swin_b,1e-05,0.48736826134206523
dinov2_b,swin_b,0.0001,0.48732072333018084
dinov2_b,swin_b,0.001,0.4867632226908057
dinov2_b,swin_b,0.01,0.48334608683652164
dinov2_b,swin_b,0.1,0.4634353473588368
dinov2_b,swin_b,1.0,0.40079374319843575
dinov2_b,swin_b,10.0,0.27591935547983887
dinov2_b,swin_b,100.0,0.18019432804858201
dinov2_b,resnet50,1e-06,0.4726227536556884
dinov2_b,resnet50,1e-05,0.47406182401545593
dinov2_b,resnet50,0.0001,0.4747541821885456
dinov2_b,resnet50,0.001,0.4744225291056323
dinov2_b,resnet50,0.01,0.4679559569889893
dinov2_b,resnet50,0.1,0.4383596745899186
dinov2_b,resnet50,1.0,0.3751778512944628
dinov2_b,resnet50,10.0,0.28054929413732355
dinov2_b,resnet50,100.0,0.1415427803856951
dinov2_b,mixer_b16,1e-06,0.46699623724905925
dinov2_b,mixer_b16,1e-05,0.4669755177438794
dinov2_b,mixer_b16,0.0001,0.4669654632413658
dinov2_b,mixer_b16,0.001,0.46691178872794714
dinov2_b,mixer_b16,0.01,0.4641951980487995
dinov2_b,mixer_b16,0.1,0.44421894755473684
dinov2_b,mixer_b16,1.0,0.37671328617832156
dinov2_b,mixer_b16,10.0,0.2412590073147518
dinov2_b,mixer_b16,100.0,0.11723460830865208
dinov2_b,siglip_b16,1e-06,0.2127380436845109
dinov2_b,siglip_b16,1e-05,0.21274650818662705
dinov2_b,siglip_b16,0.0001,0.21276851619212903
dinov2_b,siglip_b16,0.001,0.21280705420176355
dinov2_b,siglip_b16,0.01,0.21235651258912813
dinov2_b,siglip_b16,0.1,0.20648385062096264
dinov2_b,siglip_b16,1.0,0.18889974072493518
dinov2_b,siglip_b16,10.0,0.13062602815650706
dinov2_b,siglip_b16,100.0,0.08356612039153008
clip_b16,vit_sup_b16,1e-06,0.3708280017070004
clip_b16,vit_sup_b16,1e-05,0.3708363072090768
clip_b16,vit_sup_b16,0.0001,0.3708418887104722
clip_b16,vit_sup_b16,0.001,0.370632244158061
clip_b16,vit_sup_b16,0.01,0.36938481984620497
clip_b16,vit_sup_b16,0.1,0.36311346677836664
clip_b16,vit_sup_b16,1.0,0.3408766272191568
clip_b16,vit_sup_b16,10.0,0.2998350554587638
clip_b16,vit_sup_b16,100.0,0.25689881222470307
clip_b16,convnext_s,1e-06,0.3112958938239735
clip_b16,convnext_s,1e-05,0.3112988293247073
clip_b16,convnext_s,0.0001,0.31128408432102106
clip_b16,convnext_s,0.001,0.3112037233009308
clip_b16,convnext_s,0.01,0.31021739805434945
clip_b16,convnext_s,0.1,0.29757847439461865
clip_b16,convnext_s,1.0,0.24856026664006667
clip_b16,convnext_s,10.0,0.14418238654559662
clip_b16,convnext_s,100.0,0.05364387291096822
clip_b16,mae_b16,1e-06,0.30199380499845124
clip_b16,mae_b16,1e-05,0.30199894849973713
clip_b16,mae_b16,0.0001,0.3019913854978464
clip_b16,mae_b16,0.001,0.3022168340542085
clip_b16,mae_b16,0.01,0.3001372905343226
clip_b16,mae_b16,0.1,0.2898442954610739
clip_b16,mae_b16,1.0,0.24900014775003687
clip_b16,mae_b16,10.0,0.19379030594757649
clip_b16,mae_b16,100.0,0.18413823553455888
clip_b16,deit_b16,1e-06,0.3524088341022085
clip_b16,deit_b16,1e-05,0.3524026646006661
clip_b16,deit_b16,0.0001,0.35234154258538564
clip_b16,deit_b16,0.001,0.35203195450798863
clip_b16,deit_b16,0.01,0.34918683929670985
clip_b16,deit_b16,0.1,0.3314931393732848
clip_b16,deit_b16,1.0,0.2780091980022995
clip_b16,deit_b16,10.0,0.18899630774907691
clip_b16,deit_b16,100.0,0.13389235997308999
clip_b16,swin_b,1e-06,0.2049794507448627
clip_b16,swin_b,1e-05,0.20496946074236516
clip_b16,swin_b,0.0001,0.2049033377258344
clip_b16,swin_b,0.001,0.20433177458294366
clip_b16,swin_b,0.01,0.19986241546560388
clip_b16,swin_b,0.1,0.17832266808066702
clip_b16,swin_b,1.0,0.10984350646087661
clip_b16,swin_b,10.0,-0.050277212069303016
clip_b16,swin_b,100.0,-0.17361034340258585
clip_b16,resnet50,1e-06,0.33724246381061596
clip_b16,resnet50,1e-05,0.33838728959682235
clip_b16,resnet50,0.0001,0.3384413031103258
clip_b16,resnet50,0.001,0.33847412011853
clip_b16,resnet50,0.01,0.33567046941761736
clip_b16,resnet50,0.1,0.31522176680544167
clip_b16,resnet50,1.0,0.2448718392179598
clip_b16,resnet50,10.0,0.11274647968661991
clip_b16,resnet50,100.0,0.031107556776889197
clip_b16,mixer_b16,1e-06,0.24552379938094987
clip_b16,mixer_b16,1e-05,0.24551725337931332
clip_b16,mixer_b16,0.0001,0.24541170585292646
clip_b16,mixer_b16,0.001,0.2447547536886884
clip_b16,mixer_b16,0.01,0.23945672836418208
clip_b16,mixer_b16,0.1,0.21288315222078807
clip_b16,mixer_b16,1.0,0.13734541333635333
clip_b16,mixer_b16,10.0,0.002254841063710266
clip_b16,mixer_b16,100.0,-0.05786724546681136
clip_b16,siglip_b16,1e-06,0.49886134821533695
clip_b16,siglip_b16,1e-05,0.4988708282177071
clip_b16,siglip_b16,0.0001,0.4988950967237741
clip_b16,siglip_b16,0.001,0.49917752129438026
clip_b16,siglip_b16,0.01,0.5007821406955352
clip_b16,siglip_b16,0.1,0.4990260917565229
clip_b16,siglip_b16,1.0,0.47834699208674797
clip_b16,siglip_b16,10.0,0.46726240631560156
clip_b16,siglip_b16,100.0,0.49079079719769925
vit_sup_b16,convnext_s,1e-06,0.5876178584044645
vit_sup_b16,convnext_s,1e-05,0.5876137589034397
vit_sup_b16,convnext_s,0.0001,0.5875947148986786
vit_sup_b16,convnext_s,0.001,0.587482499870625
vit_sup_b16,convnext_s,0.01,0.5863836025959006
vit_sup_b16,convnext_s,0.1,0.5758348604587151
vit_sup_b16,convnext_s,1.0,0.5312000858000215
vit_sup_b16,convnext_s,10.0,0.4224586461146615
vit_sup_b16,convnext_s,100.0,0.31134560983640247
vit_sup_b16,mae_b16,1e-06,0.24275715818928956
vit_sup_b16,mae_b16,1e-05,0.24276501069125267
vit_sup_b16,mae_b16,0.0001,0.24288528672132167
vit_sup_b16,mae_b16,0.001,0.24400527700131924
vit_sup_b16,mae_b16,0.01,0.24587885396971348
vit_sup_b16,mae_b16,0.1,0.24663498915874726
vit_sup_b16,mae_b16,1.0,0.2335778533944633
vit_sup_b16,mae_b16,10.0,0.19255718713929676
vit_sup_b16,mae_b16,100.0,0.10952317688079422
vit_sup_b16,deit_b16,1e-06,0.681857475964369
vit_sup_b16,deit_b16,1e-05,0.6818530764632691
vit_sup_b16,deit_b16,0.0001,0.681838172459543
vit_sup_b16,deit_b16,0.001,0.68169272042318
vit_sup_b16,deit_b16,0.01,0.6797965039491259
vit_sup_b16,deit_b16,0.1,0.6654537628634406
vit_sup_b16,deit_b16,1.0,0.6093246563311641
vit_sup_b16,deit_b16,10.0,0.4895183963795991
vit_sup_b16,deit_b16,100.0,0.37710279577569894
vit_sup_b16,swin_b,1e-06,0.3891164217791054
vit_sup_b16,swin_b,1e-05,0.38911336777834193
vit_sup_b16,swin_b,0.0001,0.38909432977358244
vit_sup_b16,swin_b,0.001,0.38886465421616356
vit_sup_b16,swin_b,0.01,0.38630496657624164
vit_sup_b16,swin_b,0.1,0.3689765872441468
vit_sup_b16,swin_b,1.0,0.3029410027352507
vit_sup_b16,swin_b,10.0,0.15729536582384143
vit_sup_b16,swin_b,100.0,0.06018908854727213
vit_sup_b16,resnet50,1e-06,0.49894670273667563
vit_sup_b16,resnet50,1e-05,0.4999504114876029
vit_sup_b16,resnet50,0.0001,0.5001470855367715
vit_sup_b16,resnet50,0.001,0.5002077170519292
vit_sup_b16,resnet50,0.01,0.49692653523163377
vit_sup_b16,resnet50,0.1,0.4765484631371158
vit_sup_b16,resnet50,1.0,0.41767590991897746
vit_sup_b16,resnet50,10.0,0.3013865643466411
vit_sup_b16,resnet50,100.0,0.15289821972455495
vit_sup_b16,mixer_b16,1e-06,0.36654123313530823
vit_sup_b16,mixer_b16,1e-05,0.36653240113310026
vit_sup_b16,mixer_b16,0.0001,0.36650334612583657
vit_sup_b16,mixer_b16,0.001,0.3660698970174743
vit_sup_b16,mixer_b16,0.01,0.36240253260063315
vit_sup_b16,mixer_b16,0.1,0.3395569613892403
vit_sup_b16,mixer_b16,1.0,0.2596866844216711
vit_sup_b16,mixer_b16,10.0,0.09931895032973757
vit_sup_b16,mixer_b16,100.0,-0.042714447178611795
vit_sup_b16,siglip_b16,1e-06,0.24922938230734556
vit_sup_b16,siglip_b16,1e-05,0.24922775630693908
vit_sup_b16,siglip_b16,0.0001,0.2492163173040793
vit_sup_b16,siglip_b16,0.001,0.24910268477567116
vit_sup_b16,siglip_b16,0.01,0.24929627482406871
vit_sup_b16,siglip_b16,0.1,0.24809528752382184
vit_sup_b16,siglip_b16,1.0,0.24827311856827963
vit_sup_b16,siglip_b16,10.0,0.23449789062447263
vit_sup_b16,siglip_b16,100.0,0.20073025268256317
convnext_s,mae_b16,1e-06,0.1493254768313692
convnext_s,mae_b16,1e-05,0.14929802382450594
convnext_s,mae_b16,0.0001,0.14921402830350705
convnext_s,mae_b16,0.001,0.14889702572425642
convnext_s,mae_b16,0.01,0.14666740716685178
convnext_s,mae_b16,0.1,0.14355778788944695
convnext_s,mae_b16,1.0,0.13514083128520782
convnext_s,mae_b16,10.0,0.1284719901179975
convnext_s,mae_b16,100.0,0.10125098981274744
convnext_s,deit_b16,1e-06,0.6491132342783086
convnext_s,deit_b16,1e-05,0.6491188982797246
convnext_s,deit_b16,0.0001,0.649121676280419
convnext_s,deit_b16,0.001,0.6491793752948438
convnext_s,deit_b16,0.01,0.6499885294971324
convnext_s,deit_b16,0.1,0.6470099592524898
convnext_s,deit_b16,1.0,0.606158748039687
convnext_s,deit_b16,10.0,0.48374495643623905
convnext_s,deit_b16,100.0,0.3535952128988032
convnext_s,swin_b,1e-06,0.5812755433188859
convnext_s,swin_b,1e-05,0.581271508317877
convnext_s,swin_b,0.0001,0.5812294768073691
convnext_s,swin_b,0.001,0.5808520722130182
convnext_s,swin_b,0.01,0.5778691939672984
convnext_s,swin_b,0.1,0.5586600736650184
convnext_s,swin_b,1.0,0.4987149181787295
convnext_s,swin_b,10.0,0.37153734288433565
convnext_s,swin_b,100.0,0.23942583885645968
convnext_s,resnet50,1e-06,0.5808202497050623
convnext_s,resnet50,1e-05,0.582338136084534
convnext_s,resnet50,0.0001,0.5830489382622345
convnext_s,resnet50,0.001,0.5835100698775174
convnext_s,resnet50,0.01,0.5814315373578843
convnext_s,resnet50,0.1,0.5620009555002389
convnext_s,resnet50,1.0,0.5093581528395382
convnext_s,resnet50,10.0,0.4130647572661893
convnext_s,resnet50,100.0,0.26249187862296963
convnext_s,mixer_b16,1e-06,0.5495138513784629
convnext_s,mixer_b16,1e-05,0.5495111393777847
convnext_s,mixer_b16,0.0001,0.549487016371754
convnext_s,mixer_b16,0.001,0.5491211137802784
convnext_s,mixer_b16,0.01,0.5458392809598202
convnext_s,mixer_b16,0.1,0.5234824818706204
convnext_s,mixer_b16,1.0,0.4500468630117157
convnext_s,mixer_b16,10.0,0.29929394532348635
convnext_s,mixer_b16,100.0,0.09520880230220057
convnext_s,siglip_b16,1e-06,0.2174564163641041
convnext_s,siglip_b16,1e-05,0.21745413186353293
convnext_s,siglip_b16,0.0001,0.21741178535294634
convnext_s,siglip_b16,0.001,0.21719774429943609
convnext_s,siglip_b16,0.01,0.21574607393651848
convnext_s,siglip_b16,0.1,0.2040142260035565
convnext_s,siglip_b16,1.0,0.16183711195927797
convnext_s,siglip_b16,10.0,0.07088825972206492
convnext_s,siglip_b16,100.0,0.020176094044023513
mae_b16,deit_b16,1e-06,0.19792547548136885
mae_b16,deit_b16,1e-05,0.19792415848103959
mae_b16,deit_b16,0.0001,0.1979251499812875
mae_b16,deit_b16,0.001,0.1985937631484408
mae_b16,deit_b16,0.01,0.19853917063479268
mae_b16,deit_b16,0.1,0.192505584126396
mae_b16,deit_b16,1.0,0.16841554360388591
mae_b16,deit_b16,10.0,0.14507085476771367
mae_b16,deit_b16,100.0,0.11900288375072092
mae_b16,swin_b,1e-06,-0.026337524084381017
mae_b16,swin_b,1e-05,-0.02635227058806765
mae_b16,swin_b,0.0001,-0.02635350208837552
mae_b16,swin_b,0.001,-0.026799225699806424
mae_b16,swin_b,0.01,-0.031176682794170695
mae_b16,swin_b,0.1,-0.042826527206631805
mae_b16,swin_b,1.0,-0.06179874944968736
mae_b16,swin_b,10.0,-0.06889291272322817
mae_b16,swin_b,100.0,0.025761213440303358
mae_b16,resnet50,1e-06,0.31102646975661746
mae_b16,resnet50,1e-05,0.3110809632702408
mae_b16,resnet50,0.0001,0.31046879961719986
mae_b16,resnet50,0.001,0.3098636574659144
mae_b16,resnet50,0.01,0.3051171762792941
mae_b16,resnet50,0.1,0.28861234515308626
mae_b16,resnet50,1.0,0.24768616842154212
mae_b16,resnet50,10.0,0.15987088896772222
mae_b16,resnet50,100.0,0.03220032805008201
mae_b16,mixer_b16,1e-06,0.23690883222720802
mae_b16,mixer_b16,1e-05,0.23686783571695894
mae_b16,mixer_b16,0.0001,0.23656899964224992
mae_b16,mixer_b16,0.001,0.23445662861415711
mae_b16,mixer_b16,0.01,0.2237038339259585
mae_b16,mixer_b16,0.1,0.20133925733481434
mae_b16,mixer_b16,1.0,0.1654281863570466
mae_b16,mixer_b16,10.0,0.10593905648476411
mae_b16,mixer_b16,100.0,0.10372542793135697
mae_b16,siglip_b16,1e-06,0.41690592522648123
mae_b16,siglip_b16,1e-05,0.4169141197285299
mae_b16,siglip_b16,0.0001,0.4169247232311808
mae_b16,siglip_b16,0.001,0.41715048678762173
mae_b16,siglip_b16,0.01,0.41532085533021385
mae_b16,siglip_b16,0.1,0.40380978345244584
mae_b16,siglip_b16,1.0,0.37037761309440326
mae_b16,siglip_b16,10.0,0.2900765195191299
mae_b16,siglip_b16,100.0,0.19715649578912395
deit_b16,swin_b,1e-06,0.4778979729744932
deit_b16,swin_b,1e-05,0.47789075947268983
deit_b16,swin_b,0.0001,0.4779185019796255
deit_b16,swin_b,0.001,0.4779797949949487
deit_b16,swin_b,0.01,0.4783675825918956
deit_b16,swin_b,0.1,0.4732320973080243
deit_b16,swin_b,1.0,0.42916858579214645
deit_b16,swin_b,10.0,0.30388240147060036
deit_b16,swin_b,100.0,0.20735103683775918
deit_b16,resnet50,1e-06,0.5648100887025221
deit_b16,resnet50,1e-05,0.5660311655077914
deit_b16,resnet50,0.0001,0.5663260610815153
deit_b16,resnet50,0.001,0.5663560835890208
deit_b16,resnet50,0.01,0.5645097106274276
deit_b16,resnet50,0.1,0.5479285924821481
deit_b16,resnet50,1.0,0.48370741142685286
deit_b16,resnet50,10.0,0.34460384015096
deit_b16,resnet50,100.0,0.18520411930102984
deit_b16,mixer_b16,1e-06,0.5000245865061466
deit_b16,mixer_b16,1e-05,0.500019536004884
deit_b16,mixer_b16,0.0001,0.5000522435130609
deit_b16,mixer_b16,0.001,0.5001089615272404
deit_b16,mixer_b16,0.01,0.5005152876288219
deit_b16,mixer_b16,0.1,0.49184377646094407
deit_b16,mixer_b16,1.0,0.4244563706140927
deit_b16,mixer_b16,10.0,0.2596380469095117
deit_b16,mixer_b16,100.0,0.146256404064101
deit_b16,siglip_b16,1e-06,0.1956877899219475
deit_b16,siglip_b16,1e-05,0.1956939564234891
deit_b16,siglip_b16,0.0001,0.19565975041493758
deit_b16,siglip_b16,0.001,0.19538361384590344
deit_b16,siglip_b16,0.01,0.19366924541731134
deit_b16,siglip_b16,0.1,0.1821345035336259
deit_b16,siglip_b16,1.0,0.14519514029878505
deit_b16,siglip_b16,10.0,0.08322761380690345
deit_b16,siglip_b16,100.0,0.05340040185010046
swin_b,resnet50,1e-06,0.3826654676663669
swin_b,resnet50,1e-05,0.3843604860901215
swin_b,resnet50,0.0001,0.3853119423279856
swin_b,resnet50,0.001,0.3855024483756121
swin_b,resnet50,0.01,0.38225940706485173
swin_b,resnet50,0.1,0.3613678323419581
swin_b,resnet50,1.0,0.3033642788410697
swin_b,resnet50,10.0,0.19931868932967234
swin_b,resnet50,100.0,0.07580620595155148
swin_b,mixer_b16,1e-06,0.4899968619992155
swin_b,mixer_b16,1e-05,0.48999663849915953
swin_b,mixer_b16,0.0001,0.4899742644935661
swin_b,mixer_b16,0.001,0.48974073843518456
swin_b,mixer_b16,0.01,0.4879877029969258
swin_b,mixer_b16,0.1,0.47637905909476475
swin_b,mixer_b16,1.0,0.43632776058194017
swin_b,mixer_b16,10.0,0.33748955887238974
swin_b,mixer_b16,100.0,0.15239651909912977
swin_b,siglip_b16,1e-06,0.08350197287549323
swin_b,siglip_b16,1e-05,0.08349475037368759
swin_b,siglip_b16,0.0001,0.08344421686105422
swin_b,siglip_b16,0.001,0.0832129348032337
swin_b,siglip_b16,0.01,0.08148260937065234
swin_b,siglip_b16,0.1,0.06839599709899927
swin_b,siglip_b16,1.0,0.019850022462505616
swin_b,siglip_b16,10.0,-0.08666626116656528
swin_b,siglip_b16,100.0,-0.15154072538518135
resnet50,mixer_b16,1e-06,0.6053731783432945
resnet50,mixer_b16,1e-05,0.6072265458066365
resnet50,mixer_b16,0.0001,0.6084314421078606
resnet50,mixer_b16,0.001,0.6099964299991075
resnet50,mixer_b16,0.01,0.6128032622008155
resnet50,mixer_b16,0.1,0.6042602140650535
resnet50,mixer_b16,1.0,0.5649871352467838
resnet50,mixer_b16,10.0,0.4788728127182032
resnet50,mixer_b16,100.0,0.3208686592171648
resnet50,siglip_b16,1e-06,0.3231198297799574
resnet50,siglip_b16,1e-05,0.3230127252531813
resnet50,siglip_b16,0.0001,0.3222649195662298
resnet50,siglip_b16,0.001,0.32225297656324414
resnet50,siglip_b16,0.01,0.32223998205999554
resnet50,siglip_b16,0.1,0.31594510898627726
resnet50,siglip_b16,1.0,0.28833193508298377
resnet50,siglip_b16,10.0,0.20919183579795894
resnet50,siglip_b16,100.0,0.12394887848721964
mixer_b16,siglip_b16,1e-06,0.25657671414417854
mixer_b16,siglip_b16,1e-05,0.25656705114176276
mixer_b16,siglip_b16,0.0001,0.2565248996312249
mixer_b16,siglip_b16,0.001,0.25630241507560375
mixer_b16,siglip_b16,0.01,0.25419668754917185
mixer_b16,siglip_b16,0.1,0.24152743538185883
mixer_b16,siglip_b16,1.0,0.20240266760066689
mixer_b16,siglip_b16,10.0,0.11189945347486337
mixer_b16,siglip_b16,100.0,0.02504858276214569
