encoder,rho_a,rho_b,spearman
dinov2_b,1e-06,1e-06,1.0
dinov2_b,1e-06,1e-05,0.9999998634999658
dinov2_b,1e-06,0.0001,0.9999978069994517
dinov2_b,1e-06,0.001,0.9999594849898712
dinov2_b,1e-06,0.01,0.9995662718915679
dinov2_b,1e-06,0.1,0.9961438290359573
dinov2_b,1e-06,1.0,0.9702463765615941
dinov2_b,1e-06,10.0,0.8616293619073405
dinov2_b,1e-06,100.0,0.6469700292425072
dinov2_b,1e-06,mahalanobis,0.999999980499995
dinov2_b,1e-06,norm,0.5302156235539058
dinov2_b,1e-05,1e-06,0.9999998634999658
dinov2_b,1e-05,1e-05,1.0
dinov2_b,1e-05,0.0001,0.9999981384995346
dinov2_b,1e-05,0.001,0.9999606729901682
dinov2_b,1e-05,0.01,0.9995691683922919
dinov2_b,1e-05,0.1,0.9961486395371598
dinov2_b,1e-05,1.0,0.9702517375629344
dinov2_b,1e-05,10.0,0.8616328719082179
dinov2_b,1e-05,100.0,0.6469727052431763
dinov2_b,1e-05,mahalanobis,0.9999998424999604
dinov2_b,1e-05,norm,0.5302183580545895
dinov2_b,0.0001,1e-06,0.9999978069994517
dinov2_b,0.0001,1e-05,0.9999981384995346
dinov2_b,0.0001,0.0001,1.0
dinov2_b,0.0001,0.001,0.9999703584925898
dinov2_b,0.0001,0.01,0.9995945363986339
dinov2_b,0.0001,0.1,0.9961925340481336
dinov2_b,0.0001,1.0,0.9703165495791373
dinov2_b,0.0001,10.0,0.861719967929992
dinov2_b,0.0001,100.0,0.6470657202664301
dinov2_b,0.0001,mahalanobis,0.999997755999439
dinov2_b,0.0001,norm,0.5303069585767397
dinov2_b,0.001,1e-06,0.9999594849898712
dinov2_b,0.001,1e-05,0.9999606729901682
dinov2_b,0.001,0.0001,0.9999703584925898
dinov2_b,0.001,0.001,1.0
dinov2_b,0.001,0.01,0.9997411989352998
dinov2_b,0.001,0.1,0.9964987501246875
dinov2_b,0.001,1.0,0.9708088587022147
dinov2_b,0.001,10.0,0.8622965710741427
dinov2_b,0.001,100.0,0.6475214323803581
dinov2_b,0.001,mahalanobis,0.9999593664898415
dinov2_b,0.001,norm,0.5306889306722327
dinov2_b,0.01,1e-06,0.9995662718915679
dinov2_b,0.01,1e-05,0.9995691683922919
dinov2_b,0.01,0.0001,0.9995945363986339
dinov2_b,0.01,0.001,0.9997411989352998
dinov2_b,0.01,0.01,1.0
dinov2_b,0.01,0.1,0.9978106834526708
dinov2_b,0.01,1.0,0.9736694794173697
dinov2_b,0.01,10.0,0.8660448305112076
dinov2_b,0.01,100.0,0.6506890896722723
dinov2_b,0.01,mahalanobis,0.9995659793914948
dinov2_b,0.01,norm,0.5334891493722873
dinov2_b,0.1,1e-06,0.9961438290359573
dinov2_b,0.1,1e-05,0.9961486395371598
dinov2_b,0.1,0.0001,0.9961925340481336
dinov2_b,0.1,0.001,0.9964987501246875
dinov2_b,0.1,0.01,0.9978106834526708
dinov2_b,0.1,0.1,1.0
dinov2_b,0.1,1.0,0.9850234547558636
dinov2_b,0.1,10.0,0.885865143966286
dinov2_b,0.1,100.0,0.6711886662971666
dinov2_b,0.1,mahalanobis,0.9961430580357644
dinov2_b,0.1,norm,0.5531143217785803
dinov2_b,1.0,1e-06,0.9702463765615941
dinov2_b,1.0,1e-05,0.9702517375629344
dinov2_b,1.0,0.0001,0.9703165495791373
dinov2_b,1.0,0.001,0.9708088587022147
dinov2_b,1.0,0.01,0.9736694794173697
dinov2_b,1.0,0.1,0.9850234547558636
dinov2_b,1.0,1.0,1.0
dinov2_b,1.0,10.0,0.9435571263892816
dinov2_b,1.0,100.0,0.7463954135988534
dinov2_b,1.0,mahalanobis,0.9702440170610042
dinov2_b,1.0,norm,0.6292242988060747
dinov2_b,10.0,1e-06,0.8616293619073405
dinov2_b,10.0,1e-05,0.8616328719082179
dinov2_b,10.0,0.0001,0.861719967929992
dinov2_b,10.0,0.001,0.8622965710741427
dinov2_b,10.0,0.01,0.8660448305112076
dinov2_b,10.0,0.1,0.885865143966286
dinov2_b,10.0,1.0,0.9435571263892816
dinov2_b,10.0,10.0,1.0
dinov2_b,10.0,100.0,0.9041494015373504
dinov2_b,10.0,mahalanobis,0.8616236559059139
dinov2_b,10.0,norm,0.8106640171660042
dinov2_b,100.0,1e-06,0.6469700292425072
dinov2_b,100.0,1e-05,0.6469727052431763
dinov2_b,100.0,0.0001,0.6470657202664301
dinov2_b,100.0,0.001,0.6475214323803581
dinov2_b,100.0,0.01,0.6506890896722723
dinov2_b,100.0,0.1,0.6711886662971666
dinov2_b,100.0,1.0,0.7463954135988534
dinov2_b,100.0,10.0,0.9041494015373504
dinov2_b,100.0,100.0,1.0
dinov2_b,100.0,mahalanobis,0.6469631172407793
dinov2_b,100.0,norm,0.9806951886737971
clip_b16,1e-06,1e-06,1.0
clip_b16,1e-06,1e-05,0.9999999354999838
clip_b16,1e-06,0.0001,0.9999990099997523
clip_b16,1e-06,0.001,0.9999660789915198
clip_b16,1e-06,0.01,0.998592780648195
clip_b16,1e-06,0.1,0.9850179422544855
clip_b16,1e-06,1.0,0.9358914809728701
clip_b16,1e-06,10.0,0.7711792507948126
clip_b16,1e-06,100.0,0.4762459250614813
clip_b16,1e-06,mahalanobis,0.9999999849999962
clip_b16,1e-06,norm,0.33926234631558655
clip_b16,1e-05,1e-06,0.9999999354999838
clip_b16,1e-05,1e-05,1.0
clip_b16,1e-05,0.0001,0.999999132999783
clip_b16,1e-05,0.001,0.9999666744916687
clip_b16,1e-05,0.01,0.9985964511491127
clip_b16,1e-05,0.1,0.9850279067569766
clip_b16,1e-05,1.0,0.9359046044761511
clip_b16,1e-05,10.0,0.7711908997977249
clip_b16,1e-05,100.0,0.47625351356337836
clip_b16,1e-05,mahalanobis,0.9999999204999801
clip_b16,1e-05,norm,0.33926835081708767
clip_b16,0.0001,1e-06,0.9999990099997523
clip_b16,0.0001,1e-05,0.999999132999783
clip_b16,0.0001,0.0001,1.0
clip_b16,0.0001,0.001,0.9999721884930471
clip_b16,0.0001,0.01,0.99863192015798
clip_b16,0.0001,0.1,0.985129068282267
clip_b16,0.0001,1.0,0.9360584160146039
clip_b16,0.0001,10.0,0.7713784493446123
clip_b16,0.0001,100.0,0.47642156610539155
clip_b16,0.0001,mahalanobis,0.999998979999745
clip_b16,0.0001,norm,0.33941739985435
clip_b16,0.001,1e-06,0.9999660789915198
clip_b16,0.001,1e-05,0.9999666744916687
clip_b16,0.001,0.0001,0.9999721884930471
clip_b16,0.001,0.001,1.0
clip_b16,0.001,0.01,0.9989515912378978
clip_b16,0.001,0.1,0.986114136528534
clip_b16,0.001,1.0,0.9375641373910343
clip_b16,0.001,10.0,0.773065876266469
clip_b16,0.001,100.0,0.4778017104504276
clip_b16,0.001,mahalanobis,0.9999658989914747
clip_b16,0.001,norm,0.3405482006370501
clip_b16,0.01,1e-06,0.998592780648195
clip_b16,0.01,1e-05,0.9985964511491127
clip_b16,0.01,0.0001,0.99863192015798
clip_b16,0.01,0.001,0.9989515912378978
clip_b16,0.01,0.01,1.0
clip_b16,0.01,0.1,0.9920746655186663
clip_b16,0.01,1.0,0.9476980814245202
clip_b16,0.01,10.0,0.7848773682193421
clip_b16,0.01,100.0,0.4872654633163658
clip_b16,0.01,mahalanobis,0.9985918806479702
clip_b16,0.01,norm,0.3481281660320415
clip_b16,0.1,1e-06,0.9850179422544855
clip_b16,0.1,1e-05,0.9850279067569766
clip_b16,0.1,0.0001,0.985129068282267
clip_b16,0.1,0.001,0.986114136528534
clip_b16,0.1,0.01,0.9920746655186663
clip_b16,0.1,0.1,1.0
clip_b16,0.1,1.0,0.9753540833385209
clip_b16,0.1,10.0,0.8250471517617879
clip_b16,0.1,100.0,0.5228186612046652
clip_b16,0.1,mahalanobis,0.9850152122538031
clip_b16,0.1,norm,0.37784195996048997
clip_b16,1.0,1e-06,0.9358914809728701
clip_b16,1.0,1e-05,0.9359046044761511
clip_b16,1.0,0.0001,0.9360584160146039
clip_b16,1.0,0.001,0.9375641373910343
clip_b16,1.0,0.01,0.9476980814245202
clip_b16,1.0,0.1,0.9753540833385209
clip_b16,1.0,1.0,1.0
clip_b16,1.0,10.0,0.9115126018781503
clip_b16,1.0,100.0,0.622961728240432
clip_b16,1.0,mahalanobis,0.9358868999717249
clip_b16,1.0,norm,0.4695725988931497
clip_b16,10.0,1e-06,0.7711792507948126
clip_b16,10.0,1e-05,0.7711908997977249
clip_b16,10.0,0.0001,0.7713784493446123
clip_b16,10.0,0.001,0.773065876266469
clip_b16,10.0,0.01,0.7848773682193421
clip_b16,10.0,0.1,0.8250471517617879
clip_b16,10.0,1.0,0.9115126018781503
clip_b16,10.0,10.0,1.0
clip_b16,10.0,100.0,0.8568837312209329
clip_b16,10.0,mahalanobis,0.7711732507933127
clip_b16,10.0,norm,0.7217388349347087
clip_b16,100.0,1e-06,0.4762459250614813
clip_b16,100.0,1e-05,0.47625351356337836
clip_b16,100.0,0.0001,0.47642156610539155
clip_b16,100.0,0.001,0.4778017104504276
clip_b16,100.0,0.01,0.4872654633163658
clip_b16,100.0,0.1,0.5228186612046652
clip_b16,100.0,1.0,0.622961728240432
clip_b16,100.0,10.0,0.8568837312209329
clip_b16,100.0,100.0,1.0
clip_b16,100.0,mahalanobis,0.4762399460599865
clip_b16,100.0,norm,0.9671095187773796
vit_sup_b16,1e-06,1e-06,1.0
vit_sup_b16,1e-06,1e-05,0.9999999744999937
vit_sup_b16,1e-06,0.0001,0.9999997734999434
vit_sup_b16,1e-06,0.001,0.9999955524988882
vit_sup_b16,1e-06,0.01,0.9998172474543118
vit_sup_b16,1e-06,0.1,0.9952663378165846
vit_sup_b16,1e-06,1.0,0.9501826730456683
vit_sup_b16,1e-06,10.0,0.773600567900142
vit_sup_b16,1e-06,100.0,0.49092836673209167
vit_sup_b16,1e-06,mahalanobis,0.9999999954999987
vit_sup_b16,1e-06,norm,0.3703594105898526
vit_sup_b16,1e-05,1e-06,0.9999999744999937
vit_sup_b16,1e-05,1e-05,1.0
vit_sup_b16,1e-05,0.0001,0.9999998124999532
vit_sup_b16,1e-05,0.001,0.9999956334989083
vit_sup_b16,1e-05,0.01,0.9998177709544427
vit_sup_b16,1e-05,0.1,0.995268844317211
vit_sup_b16,1e-05,1.0,0.9501883910470977
vit_sup_b16,1e-05,10.0,0.7736089979022495
vit_sup_b16,1e-05,100.0,0.49093758273439564
vit_sup_b16,1e-05,mahalanobis,0.9999999699999924
vit_sup_b16,1e-05,norm,0.3703683865920967
vit_sup_b16,0.0001,1e-06,0.9999997734999434
vit_sup_b16,0.0001,1e-05,0.9999998124999532
vit_sup_b16,0.0001,0.0001,1.0
vit_sup_b16,0.0001,0.001,0.9999961419990354
vit_sup_b16,0.0001,0.01,0.9998212119553028
vit_sup_b16,0.0001,0.1,0.9952839283209821
vit_sup_b16,0.0001,1.0,0.95022468055617
vit_sup_b16,0.0001,10.0,0.7736644829161207
vit_sup_b16,0.0001,100.0,0.49099579324894826
vit_sup_b16,0.0001,mahalanobis,0.9999997689999424
vit_sup_b16,0.0001,norm,0.3704229986057496
vit_sup_b16,0.001,1e-06,0.9999955524988882
vit_sup_b16,0.001,1e-05,0.9999956334989083
vit_sup_b16,0.001,0.0001,0.9999961419990354
vit_sup_b16,0.001,0.001,1.0
vit_sup_b16,0.001,0.01,0.9998565609641401
vit_sup_b16,0.001,0.1,0.9954512098628023
vit_sup_b16,0.001,1.0,0.9506301651575413
vit_sup_b16,0.001,10.0,0.7742256870564217
vit_sup_b16,0.001,100.0,0.49155957288989316
vit_sup_b16,0.001,mahalanobis,0.9999955344988836
vit_sup_b16,0.001,norm,0.37096389424097354
vit_sup_b16,0.01,1e-06,0.9998172474543118
vit_sup_b16,0.01,1e-05,0.9998177709544427
vit_sup_b16,0.01,0.0001,0.9998212119553028
vit_sup_b16,0.01,0.001,0.9998565609641401
vit_sup_b16,0.01,0.01,1.0
vit_sup_b16,0.01,0.1,0.9967568326892081
vit_sup_b16,0.01,1.0,0.9541297410324353
vit_sup_b16,0.01,10.0,0.7793501338375334
vit_sup_b16,0.01,100.0,0.4965964856491214
vit_sup_b16,0.01,mahalanobis,0.9998170974542743
vit_sup_b16,0.01,norm,0.3756586149146537
vit_sup_b16,0.1,1e-06,0.9952663378165846
vit_sup_b16,0.1,1e-05,0.995268844317211
vit_sup_b16,0.1,0.0001,0.9952839283209821
vit_sup_b16,0.1,0.001,0.9954512098628023
vit_sup_b16,0.1,0.01,0.9967568326892081
vit_sup_b16,0.1,0.1,1.0
vit_sup_b16,0.1,1.0,0.9725085391271348
vit_sup_b16,0.1,10.0,0.8115830253957563
vit_sup_b16,0.1,100.0,0.5306014836503709
vit_sup_b16,0.1,mahalanobis,0.9952655653163913
vit_sup_b16,0.1,norm,0.4081200780300195
vit_sup_b16,1.0,1e-06,0.9501826730456683
vit_sup_b16,1.0,1e-05,0.9501883910470977
vit_sup_b16,1.0,0.0001,0.95022468055617
vit_sup_b16,1.0,0.001,0.9506301651575413
vit_sup_b16,1.0,0.01,0.9541297410324353
vit_sup_b16,1.0,0.1,0.9725085391271348
vit_sup_b16,1.0,1.0,1.0
vit_sup_b16,1.0,10.0,0.9124929061232265
vit_sup_b16,1.0,100.0,0.6576537099134274
vit_sup_b16,1.0,mahalanobis,0.9501806255451563
vit_sup_b16,1.0,norm,0.5348822657205664
vit_sup_b16,10.0,1e-06,0.773600567900142
vit_sup_b16,10.0,1e-05,0.7736089979022495
vit_sup_b16,10.0,0.0001,0.7736644829161207
vit_sup_b16,10.0,0.001,0.7742256870564217
vit_sup_b16,10.0,0.01,0.7793501338375334
vit_sup_b16,10.0,0.1,0.8115830253957563
vit_sup_b16,10.0,1.0,0.9124929061232265
vit_sup_b16,10.0,10.0,1.0
vit_sup_b16,10.0,100.0,0.8841062930265733
vit_sup_b16,10.0,mahalanobis,0.7735972273993069
vit_sup_b16,10.0,norm,0.7894941428735356
vit_sup_b16,100.0,1e-06,0.49092836673209167
vit_sup_b16,100.0,1e-05,0.49093758273439564
vit_sup_b16,100.0,0.0001,0.49099579324894826
vit_sup_b16,100.0,0.001,0.49155957288989316
vit_sup_b16,100.0,0.01,0.4965964856491214
vit_sup_b16,100.0,0.1,0.5306014836503709
vit_sup_b16,100.0,1.0,0.6576537099134274
vit_sup_b16,100.0,10.0,0.8841062930265733
vit_sup_b16,100.0,100.0,1.0
vit_sup_b16,100.0,mahalanobis,0.4909246887311721
vit_sup_b16,100.0,norm,0.9825500456375115
convnext_s,1e-06,1e-06,1.0
convnext_s,1e-06,1e-05,0.9999999864999966
convnext_s,1e-06,0.0001,0.9999997989999497
convnext_s,1e-06,0.001,0.9999962064990514
convnext_s,1e-06,0.01,0.9998364609591153
convnext_s,1e-06,0.1,0.9957533699383423
convnext_s,1e-06,1.0,0.9611423897855973
convnext_s,1e-06,10.0,0.8295586548896637
convnext_s,1e-06,100.0,0.558131364032841
convnext_s,1e-06,mahalanobis,0.9999999969999991
convnext_s,1e-06,norm,0.44239523659880914
convnext_s,1e-05,1e-06,0.9999999864999966
convnext_s,1e-05,1e-05,1.0
convnext_s,1e-05,0.0001,0.9999998154999539
convnext_s,1e-05,0.001,0.9999962469990619
convnext_s,1e-05,0.01,0.9998367009591752
convnext_s,1e-05,0.1,0.9957544259386065
convnext_s,1e-05,1.0,0.9611456897864223
convnext_s,1e-05,10.0,0.8295637893909474
convnext_s,1e-05,100.0,0.5581338420334605
convnext_s,1e-05,mahalanobis,0.9999999834999959
convnext_s,1e-05,norm,0.4423965265991316
convnext_s,0.0001,1e-06,0.9999997989999497
convnext_s,0.0001,1e-05,0.9999998154999539
convnext_s,0.0001,0.0001,1.0
convnext_s,0.0001,0.001,0.999996783999196
convnext_s,0.0001,0.01,0.9998398509599626
convnext_s,0.0001,0.1,0.9957698144424535
convnext_s,0.0001,1.0,0.961184407796102
convnext_s,0.0001,10.0,0.8296283329070833
convnext_s,0.0001,100.0,0.558209460052365
convnext_s,0.0001,mahalanobis,0.999999795999949
convnext_s,0.0001,norm,0.4424700971175243
convnext_s,0.001,1e-06,0.9999962064990514
convnext_s,0.001,1e-05,0.9999962469990619
convnext_s,0.001,0.0001,0.999996783999196
convnext_s,0.001,0.001,1.0
convnext_s,0.001,0.01,0.9998692884673219
convnext_s,0.001,0.1,0.9959190089797522
convnext_s,0.001,1.0,0.9615626688906673
convnext_s,0.001,10.0,0.830204672051168
convnext_s,0.001,100.0,0.5587891081972771
convnext_s,0.001,mahalanobis,0.9999961944990485
convnext_s,0.001,norm,0.44300858825214706
convnext_s,0.01,1e-06,0.9998364609591153
convnext_s,0.01,1e-05,0.9998367009591752
convnext_s,0.01,0.0001,0.9998398509599626
convnext_s,0.01,0.001,0.9998692884673219
convnext_s,0.01,0.01,1.0
convnext_s,0.01,0.1,0.9971230082807521
convnext_s,0.01,1.0,0.964906019726505
convnext_s,0.01,10.0,0.8354437293609323
convnext_s,0.01,100.0,0.5640147495036872
convnext_s,0.01,mahalanobis,0.9998364099591025
convnext_s,0.01,norm,0.44781760745440186
convnext_s,0.1,1e-06,0.9957533699383423
convnext_s,0.1,1e-05,0.9957544259386065
convnext_s,0.1,0.0001,0.9957698144424535
convnext_s,0.1,0.001,0.9959190089797522
convnext_s,0.1,0.01,0.9971230082807521
convnext_s,0.1,0.1,1.0
convnext_s,0.1,1.0,0.9806627526656881
convnext_s,0.1,10.0,0.8640185685046421
convnext_s,0.1,100.0,0.594185431546358
convnext_s,0.1,mahalanobis,0.9957530249382561
convnext_s,0.1,norm,0.47597344099336025
convnext_s,1.0,1e-06,0.9611423897855973
convnext_s,1.0,1e-05,0.9611456897864223
convnext_s,1.0,0.0001,0.961184407796102
convnext_s,1.0,0.001,0.9615626688906673
convnext_s,1.0,0.01,0.964906019726505
convnext_s,1.0,0.1,0.9806627526656881
convnext_s,1.0,1.0,1.0
convnext_s,1.0,10.0,0.9350572302643075
convnext_s,1.0,100.0,0.6840146295036574
convnext_s,1.0,mahalanobis,0.9611415422853854
convnext_s,1.0,norm,0.5636439659109914
convnext_s,10.0,1e-06,0.8295586548896637
convnext_s,10.0,1e-05,0.8295637893909474
convnext_s,10.0,0.0001,0.8296283329070833
convnext_s,10.0,0.001,0.830204672051168
convnext_s,10.0,0.01,0.8354437293609323
convnext_s,10.0,0.1,0.8640185685046421
convnext_s,10.0,1.0,0.9350572302643075
convnext_s,10.0,10.0,1.0
convnext_s,10.0,100.0,0.8716861864215465
convnext_s,10.0,mahalanobis,0.8295575373893842
convnext_s,10.0,norm,0.7729575072393767
convnext_s,100.0,1e-06,0.558131364032841
convnext_s,100.0,1e-05,0.5581338420334605
convnext_s,100.0,0.0001,0.558209460052365
convnext_s,100.0,0.001,0.5587891081972771
convnext_s,100.0,0.01,0.5640147495036872
convnext_s,100.0,0.1,0.594185431546358
convnext_s,100.0,1.0,0.6840146295036574
convnext_s,100.0,10.0,0.8716861864215465
convnext_s,100.0,100.0,1.0
convnext_s,100.0,mahalanobis,0.5581301820325455
convnext_s,100.0,norm,0.9816826029206507
mae_b16,1e-06,1e-06,1.0
mae_b16,1e-06,1e-05,0.9999997839999459
mae_b16,1e-06,0.0001,0.9999939984984996
mae_b16,1e-06,0.001,0.9997342344335586
mae_b16,1e-06,0.01,0.9957447134361782
mae_b16,1e-06,0.1,0.980643147660787
mae_b16,1e-06,1.0,0.9428111807027951
mae_b16,1e-06,10.0,0.8106243376560843
mae_b16,1e-06,100.0,0.5422328825582206
mae_b16,1e-06,mahalanobis,0.9999999669999917
mae_b16,1e-06,norm,0.375028436257109
mae_b16,1e-05,1e-06,0.9999997839999459
mae_b16,1e-05,1e-05,1.0
mae_b16,1e-05,0.0001,0.9999948099987023
mae_b16,1e-05,0.001,0.9997392789348197
mae_b16,1e-05,0.01,0.9957624329406082
mae_b16,1e-05,0.1,0.9806720331680083
mae_b16,1e-05,1.0,0.9428400902100225
mae_b16,1e-05,10.0,0.8106227551556886
mae_b16,1e-05,100.0,0.5421894185473547
mae_b16,1e-05,mahalanobis,0.9999997464999366
mae_b16,1e-05,norm,0.3749736532434133
mae_b16,0.0001,1e-06,0.9999939984984996
mae_b16,0.0001,1e-05,0.9999948099987023
mae_b16,0.0001,0.0001,1.0
mae_b16,0.0001,0.001,0.999792323448081
mae_b16,0.0001,0.01,0.9959655794913947
mae_b16,0.0001,0.1,0.9810096382524094
mae_b16,0.0001,1.0,0.9431765432941357
mae_b16,0.0001,10.0,0.8107483216870804
mae_b16,0.0001,100.0,0.5420318780079695
mae_b16,0.0001,mahalanobis,0.9999938814984703
mae_b16,0.0001,norm,0.37469925367481344
mae_b16,0.001,1e-06,0.9997342344335586
mae_b16,0.001,1e-05,0.9997392789348197
mae_b16,0.001,0.0001,0.999792323448081
mae_b16,0.001,0.001,1.0
mae_b16,0.001,0.01,0.9974371593592899
mae_b16,0.001,0.1,0.9837016304254076
mae_b16,0.001,1.0,0.9459247089811773
mae_b16,0.001,10.0,0.8117404654351164
mae_b16,0.001,100.0,0.5406680866670216
mae_b16,0.001,mahalanobis,0.9997334184333545
mae_b16,0.001,norm,0.37240062310015576
mae_b16,0.01,1e-06,0.9957447134361782
mae_b16,0.01,1e-05,0.9957624329406082
mae_b16,0.01,0.0001,0.9959655794913947
mae_b16,0.01,0.001,0.9974371593592899
mae_b16,0.01,0.01,1.0
mae_b16,0.01,0.1,0.9926444751611186
mae_b16,0.01,1.0,0.9571336687834171
mae_b16,0.01,10.0,0.8186881536720384
mae_b16,0.01,100.0,0.5404760551190138
mae_b16,0.01,mahalanobis,0.9957416864354216
mae_b16,0.01,norm,0.36900064575016145
mae_b16,0.1,1e-06,0.980643147660787
mae_b16,0.1,1e-05,0.9806720331680083
mae_b16,0.1,0.0001,0.9810096382524094
mae_b16,0.1,0.001,0.9837016304254076
mae_b16,0.1,0.01,0.9926444751611186
mae_b16,0.1,0.1,1.0
mae_b16,0.1,1.0,0.9792056283014071
mae_b16,0.1,10.0,0.8446171991542997
mae_b16,0.1,100.0,0.5594471643617911
mae_b16,0.1,mahalanobis,0.9806379921594981
mae_b16,0.1,norm,0.3829399812349953
mae_b16,1.0,1e-06,0.9428111807027951
mae_b16,1.0,1e-05,0.9428400902100225
mae_b16,1.0,0.0001,0.9431765432941357
mae_b16,1.0,0.001,0.9459247089811773
mae_b16,1.0,0.01,0.9571336687834171
mae_b16,1.0,0.1,0.9792056283014071
mae_b16,1.0,1.0,1.0
mae_b16,1.0,10.0,0.915962147490537
mae_b16,1.0,100.0,0.6418541579635394
mae_b16,1.0,mahalanobis,0.942805524201381
mae_b16,1.0,norm,0.45736642084160517
mae_b16,10.0,1e-06,0.8106243376560843
mae_b16,10.0,1e-05,0.8106227551556886
mae_b16,10.0,0.0001,0.8107483216870804
mae_b16,10.0,0.001,0.8117404654351164
mae_b16,10.0,0.01,0.8186881536720384
mae_b16,10.0,0.1,0.8446171991542997
mae_b16,10.0,1.0,0.915962147490537
mae_b16,10.0,10.0,1.0
mae_b16,10.0,100.0,0.8614596698649175
mae_b16,10.0,mahalanobis,0.8106189601547401
mae_b16,10.0,norm,0.6909217787304447
mae_b16,100.0,1e-06,0.5422328825582206
mae_b16,100.0,1e-05,0.5421894185473547
mae_b16,100.0,0.0001,0.5420318780079695
mae_b16,100.0,0.001,0.5406680866670216
mae_b16,100.0,0.01,0.5404760551190138
mae_b16,100.0,0.1,0.5594471643617911
mae_b16,100.0,1.0,0.6418541579635394
mae_b16,100.0,10.0,0.8614596698649175
mae_b16,100.0,100.0,1.0
mae_b16,100.0,mahalanobis,0.5422282910570727
mae_b16,100.0,norm,0.9480476670119167
deit_b16,1e-06,1e-06,1.0
deit_b16,1e-06,1e-05,0.9999999789999948
deit_b16,1e-06,0.0001,0.9999997899999473
deit_b16,1e-06,0.001,0.9999959874989969
deit_b16,1e-06,0.01,0.9998229999557501
deit_b16,1e-06,0.1,0.9963041430760355
deit_b16,1e-06,1.0,0.9723257160814291
deit_b16,1e-06,10.0,0.8400670695167674
deit_b16,1e-06,100.0,0.5807691431922858
deit_b16,1e-06,mahalanobis,0.9999999969999991
deit_b16,1e-06,norm,0.4120702315175579
deit_b16,1e-05,1e-06,0.9999999789999948
deit_b16,1e-05,1e-05,1.0
deit_b16,1e-05,0.0001,0.9999998139999535
deit_b16,1e-05,0.001,0.9999960549990138
deit_b16,1e-05,0.01,0.9998234139558535
deit_b16,1e-05,0.1,0.9963058065764515
deit_b16,1e-05,1.0,0.97232896058224
deit_b16,1e-05,10.0,0.8400683625170906
deit_b16,1e-05,100.0,0.5807686541921635
deit_b16,1e-05,mahalanobis,0.9999999759999939
deit_b16,1e-05,norm,0.41207030501757624
deit_b16,0.0001,1e-06,0.9999997899999473
deit_b16,0.0001,1e-05,0.9999998139999535
deit_b16,0.0001,0.0001,1.0
deit_b16,0.0001,0.001,0.9999966219991556
deit_b16,0.0001,0.01,0.9998272389568096
deit_b16,0.0001,0.1,0.9963215865803965
deit_b16,0.0001,1.0,0.9723513690878424
deit_b16,0.0001,10.0,0.8400709365177341
deit_b16,0.0001,100.0,0.5807502266875567
deit_b16,0.0001,mahalanobis,0.9999997869999466
deit_b16,0.0001,norm,0.41204409551102383
deit_b16,0.001,1e-06,0.9999959874989969
deit_b16,0.001,1e-05,0.9999960549990138
deit_b16,0.001,0.0001,0.9999966219991556
deit_b16,0.001,0.001,1.0
deit_b16,0.001,0.01,0.9998598594649648
deit_b16,0.001,0.1,0.9964662751165687
deit_b16,0.001,1.0,0.9726055186513796
deit_b16,0.001,10.0,0.8402320290580072
deit_b16,0.001,100.0,0.5807473946868486
deit_b16,0.001,mahalanobis,0.999995979998995
deit_b16,0.001,norm,0.41198694399673597
deit_b16,0.01,1e-06,0.9998229999557501
deit_b16,0.01,1e-05,0.9998234139558535
deit_b16,0.01,0.0001,0.9998272389568096
deit_b16,0.01,0.001,0.9998598594649648
deit_b16,0.01,0.01,1.0
deit_b16,0.01,0.1,0.9976093864023465
deit_b16,0.01,1.0,0.9747967296991823
deit_b16,0.01,10.0,0.8416548994137248
deit_b16,0.01,100.0,0.5805691631422908
deit_b16,0.01,mahalanobis,0.9998229579557395
deit_b16,0.01,norm,0.41125611981402993
deit_b16,0.1,1e-06,0.9963041430760355
deit_b16,0.1,1e-05,0.9963058065764515
deit_b16,0.1,0.0001,0.9963215865803965
deit_b16,0.1,0.001,0.9964662751165687
deit_b16,0.1,0.01,0.9976093864023465
deit_b16,0.1,0.1,1.0
deit_b16,0.1,1.0,0.98479188019797
deit_b16,0.1,10.0,0.8538765799691449
deit_b16,0.1,100.0,0.58812564003141
deit_b16,0.1,mahalanobis,0.9963038850759712
deit_b16,0.1,norm,0.41571658392914596
deit_b16,1.0,1e-06,0.9723257160814291
deit_b16,1.0,1e-05,0.97232896058224
deit_b16,1.0,0.0001,0.9723513690878424
deit_b16,1.0,0.001,0.9726055186513796
deit_b16,1.0,0.01,0.9747967296991823
deit_b16,1.0,0.1,0.98479188019797
deit_b16,1.0,1.0,1.0
deit_b16,1.0,10.0,0.9170642187660546
deit_b16,1.0,100.0,0.6642138445534611
deit_b16,1.0,mahalanobis,0.9723248160812039
deit_b16,1.0,norm,0.4813964178491045
deit_b16,10.0,1e-06,0.8400670695167674
deit_b16,10.0,1e-05,0.8400683625170906
deit_b16,10.0,0.0001,0.8400709365177341
deit_b16,10.0,0.001,0.8402320290580072
deit_b16,10.0,0.01,0.8416548994137248
deit_b16,10.0,0.1,0.8538765799691449
deit_b16,10.0,1.0,0.9170642187660546
deit_b16,10.0,10.0,1.0
deit_b16,10.0,100.0,0.8732423063105765
deit_b16,10.0,mahalanobis,0.8400652575163143
deit_b16,10.0,norm,0.6955161778790444
deit_b16,100.0,1e-06,0.5807691431922858
deit_b16,100.0,1e-05,0.5807686541921635
deit_b16,100.0,0.0001,0.5807502266875567
deit_b16,100.0,0.001,0.5807473946868486
deit_b16,100.0,0.01,0.5805691631422908
deit_b16,100.0,0.1,0.58812564003141
deit_b16,100.0,1.0,0.6642138445534611
deit_b16,100.0,10.0,0.8732423063105765
deit_b16,100.0,100.0,1.0
deit_b16,100.0,mahalanobis,0.5807671616917904
deit_b16,100.0,norm,0.9379938724984681
swin_b,1e-06,1e-06,1.0
swin_b,1e-06,1e-05,0.999999980499995
swin_b,1e-06,0.0001,0.999999707499927
swin_b,1e-06,0.001,0.9999952044988011
swin_b,1e-06,0.01,0.9998607009651752
swin_b,1e-06,0.1,0.9972698448174612
swin_b,1e-06,1.0,0.9801072410268102
swin_b,1e-06,10.0,0.9250000532500132
swin_b,1e-06,100.0,0.7015301608825402
swin_b,1e-06,mahalanobis,0.9999999984999997
swin_b,1e-06,norm,0.2689288212322053
swin_b,1e-05,1e-06,0.999999980499995
swin_b,1e-05,1e-05,1.0
swin_b,1e-05,0.0001,0.9999997314999328
swin_b,1e-05,0.001,0.9999952659988166
swin_b,1e-05,0.01,0.9998609814652453
swin_b,1e-05,0.1,0.997270632317658
swin_b,1e-05,1.0,0.9801086930271731
swin_b,1e-05,10.0,0.925001671750418
swin_b,1e-05,100.0,0.7015308223827055
swin_b,1e-05,mahalanobis,0.9999999789999948
swin_b,1e-05,norm,0.26892759873189964
swin_b,0.0001,1e-06,0.999999707499927
swin_b,0.0001,1e-05,0.9999997314999328
swin_b,0.0001,0.0001,1.0
swin_b,0.0001,0.001,0.9999961539990385
swin_b,0.0001,0.01,0.9998647854661964
swin_b,0.0001,0.1,0.9972843228210807
swin_b,0.0001,1.0,0.9801393845348462
swin_b,0.0001,10.0,0.9250494467623617
swin_b,0.0001,100.0,0.7015806313951578
swin_b,0.0001,mahalanobis,0.9999997059999266
swin_b,0.0001,norm,0.26893826523456626
swin_b,0.001,1e-06,0.9999952044988011
swin_b,0.001,1e-05,0.9999952659988166
swin_b,0.001,0.0001,0.9999961539990385
swin_b,0.001,0.001,1.0
swin_b,0.001,0.01,0.9998928714732178
swin_b,0.001,0.1,0.9973965063491264
swin_b,0.001,1.0,0.9803875010968752
swin_b,0.001,10.0,0.925413751853438
swin_b,0.001,100.0,0.7018924064731016
swin_b,0.001,mahalanobis,0.9999952014988004
swin_b,0.001,norm,0.26900377475094367
swin_b,0.01,1e-06,0.9998607009651752
swin_b,0.01,1e-05,0.9998609814652453
swin_b,0.01,0.0001,0.9998647854661964
swin_b,0.01,0.001,0.9998928714732178
swin_b,0.01,0.01,1.0
swin_b,0.01,0.1,0.9982442195610548
swin_b,0.01,1.0,0.9824425841106459
swin_b,0.01,10.0,0.9284922056230513
swin_b,0.01,100.0,0.7047723546930886
swin_b,0.01,mahalanobis,0.9998607099651774
swin_b,0.01,norm,0.2698857899714475
swin_b,0.1,1e-06,0.9972698448174612
swin_b,0.1,1e-05,0.997270632317658
swin_b,0.1,0.0001,0.9972843228210807
swin_b,0.1,0.001,0.9973965063491264
swin_b,0.1,0.01,0.9982442195610548
swin_b,0.1,0.1,1.0
swin_b,0.1,1.0,0.9907827631956908
swin_b,0.1,10.0,0.9428555537138885
swin_b,0.1,100.0,0.718864780216195
swin_b,0.1,mahalanobis,0.9972698778174695
swin_b,0.1,norm,0.2746004666501166
swin_b,1.0,1e-06,0.9801072410268102
swin_b,1.0,1e-05,0.9801086930271731
swin_b,1.0,0.0001,0.9801393845348462
swin_b,1.0,0.001,0.9803875010968752
swin_b,1.0,0.01,0.9824425841106459
swin_b,1.0,0.1,0.9907827631956908
swin_b,1.0,1.0,1.0
swin_b,1.0,10.0,0.974803892200973
swin_b,1.0,100.0,0.7554929713732428
swin_b,1.0,mahalanobis,0.9801072860268215
swin_b,1.0,norm,0.28692696573174137
swin_b,10.0,1e-06,0.9250000532500132
swin_b,10.0,1e-05,0.925001671750418
swin_b,10.0,0.0001,0.9250494467623617
swin_b,10.0,0.001,0.925413751853438
swin_b,10.0,0.01,0.9284922056230513
swin_b,10.0,0.1,0.9428555537138885
swin_b,10.0,1.0,0.974803892200973
swin_b,10.0,10.0,1.0
swin_b,10.0,100.0,0.8304088281022071
swin_b,10.0,mahalanobis,0.9250001897500475
swin_b,10.0,norm,0.3358272974568244
swin_b,100.0,1e-06,0.7015301608825402
swin_b,100.0,1e-05,0.7015308223827055
swin_b,100.0,0.0001,0.7015806313951578
swin_b,100.0,0.001,0.7018924064731016
swin_b,100.0,0.01,0.7047723546930886
swin_b,100.0,0.1,0.718864780216195
swin_b,100.0,1.0,0.7554929713732428
swin_b,100.0,10.0,0.8304088281022071
swin_b,100.0,100.0,1.0
swin_b,100.0,mahalanobis,0.7015308583827146
swin_b,100.0,norm,0.721365780341445
resnet50,1e-06,1e-06,1.0
resnet50,1e-06,1e-05,0.9992160473040117
resnet50,1e-06,0.0001,0.9976241959060489
resnet50,1e-06,0.001,0.997106731776683
resnet50,1e-06,0.01,0.992876084219021
resnet50,1e-06,0.1,0.973186392296598
resnet50,1e-06,1.0,0.9263783435945858
resnet50,1e-06,10.0,0.8457573059393265
resnet50,1e-06,100.0,0.718124620031155
resnet50,1e-06,mahalanobis,0.9999845949961487
resnet50,1e-06,norm,0.5727488406872101
resnet50,1e-05,1e-06,0.9992160473040117
resnet50,1e-05,1e-05,1.0
resnet50,1e-05,0.0001,0.9995589623897406
resnet50,1e-05,0.001,0.9991839142959786
resnet50,1e-05,0.01,0.994947155736789
resnet50,1e-05,0.1,0.9750423892605973
resnet50,1e-05,1.0,0.9273318488329622
resnet50,1e-05,10.0,0.8451637422909356
resnet50,1e-05,100.0,0.7170870952717737
resnet50,1e-05,mahalanobis,0.9991617337904335
resnet50,1e-05,norm,0.5716235134058784
resnet50,0.0001,1e-06,0.9976241959060489
resnet50,0.0001,1e-05,0.9995589623897406
resnet50,0.0001,0.0001,1.0
resnet50,0.0001,0.001,0.999785595946399
resnet50,0.0001,0.01,0.9957006359251589
resnet50,0.0001,0.1,0.9758118384529596
resnet50,0.0001,1.0,0.9275230838807709
resnet50,0.0001,10.0,0.844188716547179
resnet50,0.0001,100.0,0.7158401869600467
resnet50,0.0001,mahalanobis,0.9975514833878707
resnet50,0.0001,norm,0.5704607356151838
resnet50,0.001,1e-06,0.997106731776683
resnet50,0.001,1e-05,0.9991839142959786
resnet50,0.001,0.0001,0.999785595946399
resnet50,0.001,0.001,1.0
resnet50,0.001,0.01,0.9972051588012897
resnet50,0.001,0.1,0.9787671016917754
resnet50,0.001,1.0,0.9312013968003492
resnet50,0.001,10.0,0.8476677514169378
resnet50,0.001,100.0,0.719071535767884
resnet50,0.001,mahalanobis,0.9970309142577286
resnet50,0.001,norm,0.5738615514653878
resnet50,0.01,1e-06,0.992876084219021
resnet50,0.01,1e-05,0.994947155736789
resnet50,0.01,0.0001,0.9957006359251589
resnet50,0.01,0.001,0.9972051588012897
resnet50,0.01,0.01,1.0
resnet50,0.01,0.1,0.9898540274635068
resnet50,0.01,1.0,0.9482676465669116
resnet50,0.01,10.0,0.8664997956249488
resnet50,0.01,100.0,0.738188928047232
resnet50,0.01,mahalanobis,0.99279048069762
resnet50,0.01,norm,0.5941367445341862
resnet50,0.1,1e-06,0.973186392296598
resnet50,0.1,1e-05,0.9750423892605973
resnet50,0.1,0.0001,0.9758118384529596
resnet50,0.1,0.001,0.9787671016917754
resnet50,0.1,0.01,0.9898540274635068
resnet50,0.1,0.1,1.0
resnet50,0.1,1.0,0.9802356230589059
resnet50,0.1,10.0,0.9105664901416226
resnet50,0.1,100.0,0.7866252496563124
resnet50,0.1,mahalanobis,0.9731142857785714
resnet50,0.1,norm,0.6459683319920829
resnet50,1.0,1e-06,0.9263783435945858
resnet50,1.0,1e-05,0.9273318488329622
resnet50,1.0,0.0001,0.9275230838807709
resnet50,1.0,0.001,0.9312013968003492
resnet50,1.0,0.01,0.9482676465669116
resnet50,1.0,0.1,0.9802356230589059
resnet50,1.0,1.0,1.0
resnet50,1.0,10.0,0.9671047457761865
resnet50,1.0,100.0,0.8626491446622863
resnet50,1.0,mahalanobis,0.9263979320994831
resnet50,1.0,norm,0.7300433545108386
resnet50,10.0,1e-06,0.8457573059393265
resnet50,10.0,1e-05,0.8451637422909356
resnet50,10.0,0.0001,0.844188716547179
resnet50,10.0,0.001,0.8476677514169378
resnet50,10.0,0.01,0.8664997956249488
resnet50,10.0,0.1,0.9105664901416226
resnet50,10.0,1.0,0.9671047457761865
resnet50,10.0,10.0,1.0
resnet50,10.0,100.0,0.9522584350646087
resnet50,10.0,mahalanobis,0.8458978454744613
resnet50,10.0,norm,0.8411567312891828
resnet50,100.0,1e-06,0.718124620031155
resnet50,100.0,1e-05,0.7170870952717737
resnet50,100.0,0.0001,0.7158401869600467
resnet50,100.0,0.001,0.719071535767884
resnet50,100.0,0.01,0.738188928047232
resnet50,100.0,0.1,0.7866252496563124
resnet50,100.0,1.0,0.8626491446622863
resnet50,100.0,10.0,0.9522584350646087
resnet50,100.0,100.0,1.0
resnet50,100.0,mahalanobis,0.7183039900759974
resnet50,100.0,norm,0.9542085780521444
mixer_b16,1e-06,1e-06,1.0
mixer_b16,1e-06,1e-05,0.9999999954999987
mixer_b16,1e-06,0.0001,0.9999998994999748
mixer_b16,1e-06,0.001,0.9999985794996448
mixer_b16,1e-06,0.01,0.9999465684866421
mixer_b16,1e-06,0.1,0.9980596115149029
mixer_b16,1e-06,1.0,0.977632771408193
mixer_b16,1e-06,10.0,0.8973738563434641
mixer_b16,1e-06,100.0,0.6500498390124597
mixer_b16,1e-06,mahalanobis,0.9999999984999997
mixer_b16,1e-06,norm,0.3800486495121624
mixer_b16,1e-05,1e-06,0.9999999954999987
mixer_b16,1e-05,1e-05,1.0
mixer_b16,1e-05,0.0001,0.999999903999976
mixer_b16,1e-05,0.001,0.9999985899996475
mixer_b16,1e-05,0.01,0.9999466134866533
mixer_b16,1e-05,0.1,0.9980599370149842
mixer_b16,1e-05,1.0,0.9776338094084522
mixer_b16,1e-05,10.0,0.8973758228439558
mixer_b16,1e-05,100.0,0.6500517455129363
mixer_b16,1e-05,mahalanobis,0.9999999939999986
mixer_b16,1e-05,norm,0.38005112301278077
mixer_b16,0.0001,1e-06,0.9999998994999748
mixer_b16,0.0001,1e-05,0.999999903999976
mixer_b16,0.0001,0.0001,1.0
mixer_b16,0.0001,0.001,0.9999987939996983
mixer_b16,0.0001,0.01,0.9999476259869065
mixer_b16,0.0001,0.1,0.9980658170164542
mixer_b16,0.0001,1.0,0.9776511539127885
mixer_b16,0.0001,10.0,0.8974043663510917
mixer_b16,0.0001,100.0,0.6500775470193868
mixer_b16,0.0001,mahalanobis,0.9999998964999741
mixer_b16,0.0001,norm,0.380064656016164
mixer_b16,0.001,1e-06,0.9999985794996448
mixer_b16,0.001,1e-05,0.9999985899996475
mixer_b16,0.001,0.0001,0.9999987939996983
mixer_b16,0.001,0.001,1.0
mixer_b16,0.001,0.01,0.9999565899891475
mixer_b16,0.001,0.1,0.9981205460301364
mixer_b16,0.001,1.0,0.9778134389533597
mixer_b16,0.001,10.0,0.8976808809202202
mixer_b16,0.001,100.0,0.6503462960865739
mixer_b16,0.001,mahalanobis,0.9999985779996446
mixer_b16,0.001,norm,0.3802070540517635
mixer_b16,0.01,1e-06,0.9999465684866421
mixer_b16,0.01,1e-05,0.9999466134866533
mixer_b16,0.01,0.0001,0.9999476259869065
mixer_b16,0.01,0.001,0.9999565899891475
mixer_b16,0.01,0.01,1.0
mixer_b16,0.01,0.1,0.9985952781488194
mixer_b16,0.01,1.0,0.979319244329811
mixer_b16,0.01,10.0,0.9002531490632871
mixer_b16,0.01,100.0,0.6528214197053549
mixer_b16,0.01,mahalanobis,0.9999465474866367
mixer_b16,0.01,norm,0.3815757773939443
mixer_b16,0.1,1e-06,0.9980596115149029
mixer_b16,0.1,1e-05,0.9980599370149842
mixer_b16,0.1,0.0001,0.9980658170164542
mixer_b16,0.1,0.001,0.9981205460301364
mixer_b16,0.1,0.01,0.9985952781488194
mixer_b16,0.1,0.1,1.0
mixer_b16,0.1,1.0,0.9879100104775025
mixer_b16,0.1,10.0,0.9167082371770594
mixer_b16,0.1,100.0,0.6693063773265944
mixer_b16,0.1,mahalanobis,0.998059500514875
mixer_b16,0.1,norm,0.39112013428003356
mixer_b16,1.0,1e-06,0.977632771408193
mixer_b16,1.0,1e-05,0.9776338094084522
mixer_b16,1.0,0.0001,0.9776511539127885
mixer_b16,1.0,0.001,0.9778134389533597
mixer_b16,1.0,0.01,0.979319244329811
mixer_b16,1.0,0.1,0.9879100104775025
mixer_b16,1.0,1.0,1.0
mixer_b16,1.0,10.0,0.9624513951128487
mixer_b16,1.0,100.0,0.7241524540381135
mixer_b16,1.0,mahalanobis,0.9776324624081156
mixer_b16,1.0,norm,0.4271641112910278
mixer_b16,10.0,1e-06,0.8973738563434641
mixer_b16,10.0,1e-05,0.8973758228439558
mixer_b16,10.0,0.0001,0.8974043663510917
mixer_b16,10.0,0.001,0.8976808809202202
mixer_b16,10.0,0.01,0.9002531490632871
mixer_b16,10.0,0.1,0.9167082371770594
mixer_b16,10.0,1.0,0.9624513951128487
mixer_b16,10.0,10.0,1.0
mixer_b16,10.0,100.0,0.8290564397641098
mixer_b16,10.0,mahalanobis,0.89737299984325
mixer_b16,10.0,norm,0.5253127133281783
mixer_b16,100.0,1e-06,0.6500498390124597
mixer_b16,100.0,1e-05,0.6500517455129363
mixer_b16,100.0,0.0001,0.6500775470193868
mixer_b16,100.0,0.001,0.6503462960865739
mixer_b16,100.0,0.01,0.6528214197053549
mixer_b16,100.0,0.1,0.6693063773265944
mixer_b16,100.0,1.0,0.7241524540381135
mixer_b16,100.0,10.0,0.8290564397641098
mixer_b16,100.0,100.0,1.0
mixer_b16,100.0,mahalanobis,0.6500482910120727
mixer_b16,100.0,norm,0.8783033705758426
siglip_b16,1e-06,1e-06,1.0
siglip_b16,1e-06,1e-05,0.9999999789999948
siglip_b16,1e-06,0.0001,0.9999997629999408
siglip_b16,1e-06,0.001,0.999995595998899
siglip_b16,1e-06,0.01,0.9998020089505021
siglip_b16,1e-06,0.1,0.9954641053660264
siglip_b16,1e-06,1.0,0.9663898035974509
siglip_b16,1e-06,10.0,0.8604455301113825
siglip_b16,1e-06,100.0,0.6923679170919792
siglip_b16,1e-06,mahalanobis,1.0
siglip_b16,1e-06,norm,0.5835435033858759
siglip_b16,1e-05,1e-06,0.9999999789999948
siglip_b16,1e-05,1e-05,1.0
siglip_b16,1e-05,0.0001,0.9999997899999473
siglip_b16,1e-05,0.001,0.9999956679989169
siglip_b16,1e-05,0.01,0.9998024799506199
siglip_b16,1e-05,0.1,0.9954662788665696
siglip_b16,1e-05,1.0,0.9663946425986605
siglip_b16,1e-05,10.0,0.8604515031128758
siglip_b16,1e-05,100.0,0.6923710595927649
siglip_b16,1e-05,mahalanobis,0.9999999789999948
siglip_b16,1e-05,norm,0.58354363988591
siglip_b16,0.0001,1e-06,0.9999997629999408
siglip_b16,0.0001,1e-05,0.9999997899999473
siglip_b16,0.0001,0.0001,1.0
siglip_b16,0.0001,0.001,0.9999962739990685
siglip_b16,0.0001,0.01,0.9998065044516261
siglip_b16,0.0001,0.1,0.9954838453709614
siglip_b16,0.0001,1.0,0.9664302256075563
siglip_b16,0.0001,10.0,0.8604981546245386
siglip_b16,0.0001,100.0,0.6924156231039058
siglip_b16,0.0001,mahalanobis,0.9999997629999408
siglip_b16,0.0001,norm,0.5835806403951601
siglip_b16,0.001,1e-06,0.999995595998899
siglip_b16,0.001,1e-05,0.9999956679989169
siglip_b16,0.001,0.0001,0.9999962739990685
siglip_b16,0.001,0.001,1.0
siglip_b16,0.001,0.01,0.9998434929608734
siglip_b16,0.001,0.1,0.9956582339145583
siglip_b16,0.001,1.0,0.9668001587000395
siglip_b16,0.001,10.0,0.8609884732471184
siglip_b16,0.001,100.0,0.6928891987222997
siglip_b16,0.001,mahalanobis,0.999995595998899
siglip_b16,0.001,norm,0.5840057810014453
siglip_b16,0.01,1e-06,0.9998020089505021
siglip_b16,0.01,1e-05,0.9998024799506199
siglip_b16,0.01,0.0001,0.9998065044516261
siglip_b16,0.01,0.001,0.9998434929608734
siglip_b16,0.01,0.01,1.0
siglip_b16,0.01,0.1,0.9970207892551973
siglip_b16,0.01,1.0,0.9699098739774684
siglip_b16,0.01,10.0,0.8651120927780231
siglip_b16,0.01,100.0,0.6966681946670487
siglip_b16,0.01,mahalanobis,0.9998020089505021
siglip_b16,0.01,norm,0.587160952290238
siglip_b16,0.1,1e-06,0.9954641053660264
siglip_b16,0.1,1e-05,0.9954662788665696
siglip_b16,0.1,0.0001,0.9954838453709614
siglip_b16,0.1,0.001,0.9956582339145583
siglip_b16,0.1,0.01,0.9970207892551973
siglip_b16,0.1,0.1,1.0
siglip_b16,0.1,1.0,0.9837017399254351
siglip_b16,0.1,10.0,0.8876497994124498
siglip_b16,0.1,100.0,0.7192970623242656
siglip_b16,0.1,mahalanobis,0.9954641053660264
siglip_b16,0.1,norm,0.6068967677241919
siglip_b16,1.0,1e-06,0.9663898035974509
siglip_b16,1.0,1e-05,0.9663946425986605
siglip_b16,1.0,0.0001,0.9664302256075563
siglip_b16,1.0,0.001,0.9668001587000395
siglip_b16,1.0,0.01,0.9699098739774684
siglip_b16,1.0,0.1,0.9837017399254351
siglip_b16,1.0,1.0,1.0
siglip_b16,1.0,10.0,0.9466337006584251
siglip_b16,1.0,100.0,0.7916642744160686
siglip_b16,1.0,mahalanobis,0.9663898035974509
siglip_b16,1.0,norm,0.6748853062213266
siglip_b16,10.0,1e-06,0.8604455301113825
siglip_b16,10.0,1e-05,0.8604515031128758
siglip_b16,10.0,0.0001,0.8604981546245386
siglip_b16,10.0,0.001,0.8609884732471184
siglip_b16,10.0,0.01,0.8651120927780231
siglip_b16,10.0,0.1,0.8876497994124498
siglip_b16,10.0,1.0,0.9466337006584251
siglip_b16,10.0,10.0,1.0
siglip_b16,10.0,100.0,0.9273713273428317
siglip_b16,10.0,mahalanobis,0.8604455301113825
siglip_b16,10.0,norm,0.8259167469791866
siglip_b16,100.0,1e-06,0.6923679170919792
siglip_b16,100.0,1e-05,0.6923710595927649
siglip_b16,100.0,0.0001,0.6924156231039058
siglip_b16,100.0,0.001,0.6928891987222997
siglip_b16,100.0,0.01,0.6966681946670487
siglip_b16,100.0,0.1,0.7192970623242656
siglip_b16,100.0,1.0,0.7916642744160686
siglip_b16,100.0,10.0,0.9273713273428317
siglip_b16,100.0,100.0,1.0
siglip_b16,100.0,mahalanobis,0.6923679170919792
siglip_b16,100.0,norm,0.9692039168009792
vit_rand_b16,1e-06,1e-06,1.0
vit_rand_b16,1e-06,1e-05,0.9999793404948351
vit_rand_b16,1e-06,0.0001,0.9992564228141056
vit_rand_b16,1e-06,0.001,0.9924431796107949
vit_rand_b16,1e-06,0.01,0.9651775497943874
vit_rand_b16,1e-06,0.1,0.8910464287616071
vit_rand_b16,1e-06,1.0,0.7366147406536852
vit_rand_b16,1e-06,10.0,0.4838649174662294
vit_rand_b16,1e-06,100.0,0.1912600288150072
vit_rand_b16,1e-06,mahalanobis,0.9999991914997978
vit_rand_b16,1e-06,norm,-0.10209176702294175
vit_rand_b16,1e-05,1e-06,0.9999793404948351
vit_rand_b16,1e-05,1e-05,1.0
vit_rand_b16,1e-05,0.0001,0.9994552298638074
vit_rand_b16,1e-05,0.001,0.9930649012662253
vit_rand_b16,1e-05,0.01,0.9663761010940254
vit_rand_b16,1e-05,0.1,0.8928827907206976
vit_rand_b16,1e-05,1.0,0.739036656259164
vit_rand_b16,1e-05,10.0,0.4867208311802078
vit_rand_b16,1e-05,100.0,0.19425829256457314
vit_rand_b16,1e-05,mahalanobis,0.9999749169937292
vit_rand_b16,1e-05,norm,-0.09928647832161958
vit_rand_b16,0.0001,1e-06,0.9992564228141056
vit_rand_b16,0.0001,1e-05,0.9994552298638074
vit_rand_b16,0.0001,0.0001,1.0
vit_rand_b16,0.0001,0.001,0.9961839750459938
vit_rand_b16,0.0001,0.01,0.9731177672794418
vit_rand_b16,0.0001,0.1,0.903681488420372
vit_rand_b16,0.0001,1.0,0.7533531578382895
vit_rand_b16,0.0001,10.0,0.5032865098216275
vit_rand_b16,0.0001,100.0,0.21127773031943256
vit_rand_b16,0.0001,mahalanobis,0.9992316368079092
vit_rand_b16,0.0001,norm,-0.08366956641739161
vit_rand_b16,0.001,1e-06,0.9924431796107949
vit_rand_b16,0.001,1e-05,0.9930649012662253
vit_rand_b16,0.001,0.0001,0.9961839750459938
vit_rand_b16,0.001,0.001,1.0
vit_rand_b16,0.001,0.01,0.9886812911703228
vit_rand_b16,0.001,0.1,0.9327852756963187
vit_rand_b16,0.001,1.0,0.7944156531039132
vit_rand_b16,0.001,10.0,0.5520798270199568
vit_rand_b16,0.001,100.0,0.2618382819595705
vit_rand_b16,0.001,mahalanobis,0.9923707040926759
vit_rand_b16,0.001,norm,-0.03676056469014117
vit_rand_b16,0.01,1e-06,0.9651775497943874
vit_rand_b16,0.01,1e-05,0.9663761010940254
vit_rand_b16,0.01,0.0001,0.9731177672794418
vit_rand_b16,0.01,0.001,0.9886812911703228
vit_rand_b16,0.01,0.01,1.0
vit_rand_b16,0.01,0.1,0.9739410769852692
vit_rand_b16,0.01,1.0,0.8633112508278126
vit_rand_b16,0.01,10.0,0.6382943255735813
vit_rand_b16,0.01,100.0,0.3524528606132151
vit_rand_b16,0.01,mahalanobis,0.965039476259869
vit_rand_b16,0.01,norm,0.04838398509599627
vit_rand_b16,0.1,1e-06,0.8910464287616071
vit_rand_b16,0.1,1e-05,0.8928827907206976
vit_rand_b16,0.1,0.0001,0.903681488420372
vit_rand_b16,0.1,0.001,0.9327852756963187
vit_rand_b16,0.1,0.01,0.9739410769852692
vit_rand_b16,0.1,0.1,1.0
vit_rand_b16,0.1,1.0,0.9490740152685038
vit_rand_b16,0.1,10.0,0.7646895171723792
vit_rand_b16,0.1,100.0,0.490329580082395
vit_rand_b16,0.1,mahalanobis,0.890834307708577
vit_rand_b16,0.1,norm,0.18170059542514885
vit_rand_b16,1.0,1e-06,0.7366147406536852
vit_rand_b16,1.0,1e-05,0.739036656259164
vit_rand_b16,1.0,0.0001,0.7533531578382895
vit_rand_b16,1.0,0.001,0.7944156531039132
vit_rand_b16,1.0,0.01,0.8633112508278126
vit_rand_b16,1.0,0.1,0.9490740152685038
vit_rand_b16,1.0,1.0,1.0
vit_rand_b16,1.0,10.0,0.9145546071386517
vit_rand_b16,1.0,100.0,0.6816609144152286
vit_rand_b16,1.0,mahalanobis,0.736333744083436
vit_rand_b16,1.0,norm,0.3798973264743316
vit_rand_b16,10.0,1e-06,0.4838649174662294
vit_rand_b16,10.0,1e-05,0.4867208311802078
vit_rand_b16,10.0,0.0001,0.5032865098216275
vit_rand_b16,10.0,0.001,0.5520798270199568
vit_rand_b16,10.0,0.01,0.6382943255735813
vit_rand_b16,10.0,0.1,0.7646895171723792
vit_rand_b16,10.0,1.0,0.9145546071386517
vit_rand_b16,10.0,10.0,1.0
vit_rand_b16,10.0,100.0,0.8990670252667564
vit_rand_b16,10.0,mahalanobis,0.4835413583853395
vit_rand_b16,10.0,norm,0.6528133782033445
vit_rand_b16,100.0,1e-06,0.1912600288150072
vit_rand_b16,100.0,1e-05,0.19425829256457314
vit_rand_b16,100.0,0.0001,0.21127773031943256
vit_rand_b16,100.0,0.001,0.2618382819595705
vit_rand_b16,100.0,0.01,0.3524528606132151
vit_rand_b16,100.0,0.1,0.490329580082395
vit_rand_b16,100.0,1.0,0.6816609144152286
vit_rand_b16,100.0,10.0,0.8990670252667564
vit_rand_b16,100.0,100.0,1.0
vit_rand_b16,100.0,mahalanobis,0.19093762473440617
vit_rand_b16,100.0,norm,0.8927935676983919
