factor,target,measure,blind,consistent,false alarm
data,R_au,cca_type,10,0,0
data,R_au,cka,10,0,0
data,R_au,mknn,10,0,0
data,R_au,predictivity,10,0,0
data,R_eu,cca_type,3,7,0
data,R_eu,cka,3,7,0
data,R_eu,mknn,3,7,0
data,R_eu,predictivity,3,7,0
data,R_mi,cca_type,10,0,0
data,R_mi,cka,10,0,0
data,R_mi,mknn,10,0,0
data,R_mi,predictivity,10,0,0
data,R_width,cca_type,10,0,0
data,R_width,cka,10,0,0
data,R_width,mknn,10,0,0
data,R_width,predictivity,10,0,0
linear,R_au,cca_type,8,2,0
linear,R_au,cka,2,6,2
linear,R_au,mknn,0,8,2
linear,R_au,predictivity,8,2,0
linear,R_eu,cca_type,0,10,0
linear,R_eu,cka,0,2,8
linear,R_eu,mknn,0,0,10
linear,R_eu,predictivity,0,10,0
linear,R_mi,cca_type,10,0,0
linear,R_mi,cka,2,8,0
linear,R_mi,mknn,0,10,0
linear,R_mi,predictivity,10,0,0
linear,R_width,cca_type,10,0,0
linear,R_width,cka,2,8,0
linear,R_width,mknn,0,10,0
linear,R_width,predictivity,10,0,0
rotation,R_au,cca_type,0,10,0
rotation,R_au,cka,0,10,0
rotation,R_au,mknn,0,10,0
rotation,R_au,predictivity,0,10,0
rotation,R_eu,cca_type,0,10,0
rotation,R_eu,cka,0,10,0
rotation,R_eu,mknn,0,10,0
rotation,R_eu,predictivity,0,10,0
rotation,R_mi,cca_type,0,10,0
rotation,R_mi,cka,0,10,0
rotation,R_mi,mknn,0,10,0
rotation,R_mi,predictivity,0,10,0
rotation,R_width,cca_type,0,10,0
rotation,R_width,cka,0,10,0
rotation,R_width,mknn,0,10,0
rotation,R_width,predictivity,0,10,0
tail,R_au,cca_type,7,3,0
tail,R_au,cka,3,5,2
tail,R_au,mknn,0,7,3
tail,R_au,predictivity,7,3,0
tail,R_eu,cca_type,0,10,0
tail,R_eu,cka,0,4,6
tail,R_eu,mknn,0,0,10
tail,R_eu,predictivity,0,10,0
tail,R_mi,cca_type,10,0,0
tail,R_mi,cka,4,6,0
tail,R_mi,mknn,0,10,0
tail,R_mi,predictivity,10,0,0
tail,R_width,cca_type,8,2,0
tail,R_width,cka,4,4,2
tail,R_width,mknn,0,8,2
tail,R_width,predictivity,8,2,0
