triple,a,b,R_seen,R_heldout,alignment_set,cka,mknn,predictivity,cca_type,smoother_001,smoother_1
"(np.int64(5), np.int64(8), np.int64(9))",dinov2_b,clip_b16,0.3721146841146841,0.4543412327045814,seen,0.6597368607493345,0.207666015625,0.4432847349018012,0.28048458605080484,0.29164159846993554,0.3909579656141191
"(np.int64(5), np.int64(8), np.int64(9))",dinov2_b,clip_b16,0.3721146841146841,0.4543412327045814,seen_heldout,0.6781552680414336,0.22976074218750003,0.4555707906057818,0.2841440806862564,0.2959593166748704,0.4073189660988336
"(np.int64(5), np.int64(8), np.int64(9))",dinov2_b,clip_b16,0.3721146841146841,0.4543412327045814,random,0.6527272361988528,0.22128906250000002,0.44994949139109824,0.2825301957431477,0.29383355030814967,0.40086036876868536
"(np.int64(5), np.int64(8), np.int64(9))",dinov2_b,vit_sup_b16,0.6341220701220702,0.47319230546581165,seen,0.8387801756989316,0.3112060546875,0.49266042327486503,0.3198231979305361,0.33060243569337533,0.46729690644682365
"(np.int64(5), np.int64(8), np.int64(9))",dinov2_b,vit_sup_b16,0.6341220701220702,0.47319230546581165,seen_heldout,0.8531977555237662,0.3326416015625,0.4990530723091352,0.3233526664631106,0.3345585206921603,0.48168078447115403
"(np.int64(5), np.int64(8), np.int64(9))",dinov2_b,vit_sup_b16,0.6341220701220702,0.47319230546581165,random,0.838410893287841,0.33154296875,0.493402599504493,0.3225723182744269,0.33315475856713694,0.4747674646843862
"(np.int64(5), np.int64(8), np.int64(9))",dinov2_b,convnext_s,0.6680272880272881,0.5174121628235736,seen,0.7094569050144859,0.19467773437500002,0.36833673919629306,0.297633454715171,0.3056125207223106,0.3783474571038363
"(np.int64(5), np.int64(8), np.int64(9))",dinov2_b,convnext_s,0.6680272880272881,0.5174121628235736,seen_heldout,0.7260675739559352,0.22641601562500002,0.3846283615843707,0.301005150800863,0.3096595882532945,0.4015340762999171
"(np.int64(5), np.int64(8), np.int64(9))",dinov2_b,convnext_s,0.6680272880272881,0.5174121628235736,random,0.7050055183587763,0.21777343750000003,0.3694166171201841,0.30038533801030715,0.30857133359141053,0.39311521488815143
"(np.int64(5), np.int64(8), np.int64(9))",dinov2_b,mae_b16,0.194002466002466,0.13092373765819304,seen,0.3091010260380704,0.08610839843750001,0.38783705971262517,0.2605647295758595,0.26862821379382257,0.31110544780301447
"(np.int64(5), np.int64(8), np.int64(9))",dinov2_b,mae_b16,0.194002466002466,0.13092373765819304,seen_heldout,0.33968573439805744,0.082470703125,0.38211802662979455,0.2624324500647667,0.27136292778416815,0.31697472187712955
"(np.int64(5), np.int64(8), np.int64(9))",dinov2_b,mae_b16,0.194002466002466,0.13092373765819304,random,0.3231680709747286,0.08212890625,0.3841250279052254,0.26114420575029484,0.26949658314056385,0.3132733276375861
"(np.int64(5), np.int64(8), np.int64(9))",dinov2_b,deit_b16,0.6267716547716548,0.4279280564364506,seen,0.37827556978315363,0.19602050781250002,0.3336460852649117,0.2921988236333132,0.29982077681155694,0.3818021481829214
"(np.int64(5), np.int64(8), np.int64(9))",dinov2_b,deit_b16,0.6267716547716548,0.4279280564364506,seen_heldout,0.36497560826519265,0.214990234375,0.3348906797830622,0.29738208543227757,0.30551082400435436,0.398479940999591
"(np.int64(5), np.int64(8), np.int64(9))",dinov2_b,deit_b16,0.6267716547716548,0.4279280564364506,random,0.353835223925179,0.21083984375,0.33148189034468895,0.29543073441060475,0.3030512629227359,0.3922873221489289
"(np.int64(5), np.int64(8), np.int64(9))",dinov2_b,swin_b,0.46384651984651987,0.17280967831218647,seen,0.14288197749219136,0.09589843750000002,0.19244886571137426,0.29631841242179713,0.30267123465737367,0.3517232083515235
"(np.int64(5), np.int64(8), np.int64(9))",dinov2_b,swin_b,0.46384651984651987,0.17280967831218647,seen_heldout,0.13902490898935888,0.10197753906250001,0.1840341170762862,0.2974210032743318,0.30412483025701187,0.365740448714457
"(np.int64(5), np.int64(8), np.int64(9))",dinov2_b,swin_b,0.46384651984651987,0.17280967831218647,random,0.13595317990075265,0.10126953125000002,0.1826243580998554,0.29815280113627124,0.30466932805624697,0.3621166240992243
"(np.int64(5), np.int64(8), np.int64(9))",dinov2_b,resnet50,0.43691592491592496,0.2921994009110445,seen,0.6246733470402586,0.16271972656250003,-0.13615877905067814,0.34944975918801474,0.3508228410107645,0.3474351137381101
"(np.int64(5), np.int64(8), np.int64(9))",dinov2_b,resnet50,0.43691592491592496,0.2921994009110445,seen_heldout,0.6744914227652492,0.17861328125,-0.11704975000417345,0.3528554227270518,0.35466801341385074,0.36106256848349
"(np.int64(5), np.int64(8), np.int64(9))",dinov2_b,resnet50,0.43691592491592496,0.2921994009110445,random,0.6469131187686491,0.17355957031250002,-0.1310415663501142,0.35034887947284293,0.35224818522896656,0.3563153773210985
"(np.int64(5), np.int64(8), np.int64(9))",dinov2_b,mixer_b16,0.4790699750699751,0.208332278259142,seen,0.29818406018684446,0.1312744140625,0.17979502722985874,0.2602193106195779,0.26376958709105397,0.31561944057213137
"(np.int64(5), np.int64(8), np.int64(9))",dinov2_b,mixer_b16,0.4790699750699751,0.208332278259142,seen_heldout,0.3174206820929365,0.13623046875,0.18506054956125384,0.262088650276522,0.26596991457053804,0.324922010807854
"(np.int64(5), np.int64(8), np.int64(9))",dinov2_b,mixer_b16,0.4790699750699751,0.208332278259142,random,0.30286740613751467,0.1376220703125,0.18124954249734404,0.2608145327541378,0.2644738155803426,0.32124622926023855
"(np.int64(5), np.int64(8), np.int64(9))",dinov2_b,siglip_b16,0.24715122715122717,0.24959971173330128,seen,0.6505612316844763,0.2015869140625,0.4137857572335736,0.27817121215140395,0.2874502502255332,0.40188566259298414
"(np.int64(5), np.int64(8), np.int64(9))",dinov2_b,siglip_b16,0.24715122715122717,0.24959971173330128,seen_heldout,0.6695680869628725,0.21542968750000002,0.4115130272702312,0.28004545512718926,0.2894041107357001,0.41430096352118057
"(np.int64(5), np.int64(8), np.int64(9))",dinov2_b,siglip_b16,0.24715122715122717,0.24959971173330128,random,0.6506114538778159,0.217529296875,0.4117797425014661,0.2799731280077534,0.28917660075219975,0.41096564246218664
"(np.int64(5), np.int64(8), np.int64(9))",clip_b16,vit_sup_b16,0.40901877701877704,0.41853755361528366,seen,0.6379663320053408,0.1963623046875,0.4443398851534975,0.2821905314046114,0.2937251254641113,0.3902415529674535
"(np.int64(5), np.int64(8), np.int64(9))",clip_b16,vit_sup_b16,0.40901877701877704,0.41853755361528366,seen_heldout,0.6676952538617575,0.2215576171875,0.4481880718719462,0.28591972626177015,0.2979566858548463,0.4068437421716721
"(np.int64(5), np.int64(8), np.int64(9))",clip_b16,vit_sup_b16,0.40901877701877704,0.41853755361528366,random,0.6379612995586139,0.21481933593750002,0.44902221694067823,0.2853016380136041,0.2970083679872285,0.40207750545980037
"(np.int64(5), np.int64(8), np.int64(9))",clip_b16,convnext_s,0.36005710805710806,0.31861599229066573,seen,0.5419865302415184,0.15048828125000002,0.3638428435315307,0.2701575182551824,0.2802546376709168,0.34244814069995255
"(np.int64(5), np.int64(8), np.int64(9))",clip_b16,convnext_s,0.36005710805710806,0.31861599229066573,seen_heldout,0.5624611109473244,0.1743896484375,0.37194978930633765,0.2734018721943423,0.2839162618596914,0.36068632863437183
"(np.int64(5), np.int64(8), np.int64(9))",clip_b16,convnext_s,0.36005710805710806,0.31861599229066573,random,0.5358877677582314,0.16879882812500002,0.3649711006588084,0.2733607198294875,0.28375888036033253,0.356297409243235
"(np.int64(5), np.int64(8), np.int64(9))",clip_b16,mae_b16,0.3490597810597811,0.26643615893735095,seen,0.42141099761350187,0.09326171875,0.4740634850403851,0.25610627173122186,0.2675914923175194,0.3144193190233231
"(np.int64(5), np.int64(8), np.int64(9))",clip_b16,mae_b16,0.3490597810597811,0.26643615893735095,seen_heldout,0.4473072865328095,0.08674316406250002,0.4433752077366754,0.25500858581689057,0.2665410161826053,0.30941737073730363
"(np.int64(5), np.int64(8), np.int64(9))",clip_b16,mae_b16,0.3490597810597811,0.26643615893735095,random,0.42839056225203964,0.09169921875,0.4535468775409009,0.25541482921486053,0.26658931921812257,0.3099470130301203
"(np.int64(5), np.int64(8), np.int64(9))",clip_b16,deit_b16,0.4537577617577618,0.3645365182818353,seen,0.3508657170943315,0.1685791015625,0.3668614648574876,0.27745732344310214,0.2882675976562168,0.3571067419082578
"(np.int64(5), np.int64(8), np.int64(9))",clip_b16,deit_b16,0.4537577617577618,0.3645365182818353,seen_heldout,0.3322214328420076,0.17641601562500003,0.3575243511793822,0.28020754599721953,0.2911480764597728,0.368229205263549
"(np.int64(5), np.int64(8), np.int64(9))",clip_b16,deit_b16,0.4537577617577618,0.3645365182818353,random,0.3213930504021889,0.17802734375,0.3605678800404147,0.2797132607469319,0.290418800097559,0.3642386268200452
"(np.int64(5), np.int64(8), np.int64(9))",clip_b16,swin_b,0.2607039567039567,0.003981383109042567,seen,0.12899228105864857,0.08203125,0.21667155917835335,0.27804050248829176,0.2856059955843191,0.3238835794236484
"(np.int64(5), np.int64(8), np.int64(9))",clip_b16,swin_b,0.2607039567039567,0.003981383109042567,seen_heldout,0.11671195030121853,0.09067382812500001,0.19951922884025236,0.2794039664327049,0.287348845949091,0.3350483595875784
"(np.int64(5), np.int64(8), np.int64(9))",clip_b16,swin_b,0.2607039567039567,0.003981383109042567,random,0.11589070103805776,0.0886474609375,0.21667483150536399,0.2788698164925683,0.28668363626931004,0.3327935255741016
"(np.int64(5), np.int64(8), np.int64(9))",clip_b16,resnet50,0.4877504837504838,0.20150132861125872,seen,0.564156111250779,0.1525146484375,-0.025583598754797876,0.3456519459294612,0.34806437154467407,0.3348704269324482
"(np.int64(5), np.int64(8), np.int64(9))",clip_b16,resnet50,0.4877504837504838,0.20150132861125872,seen_heldout,0.5771041844367121,0.16132812500000002,-0.03743590475728198,0.3447993074654643,0.34779187670112455,0.3420544373274285
"(np.int64(5), np.int64(8), np.int64(9))",clip_b16,resnet50,0.4877504837504838,0.20150132861125872,random,0.5567441029712134,0.1630859375,-0.031654008531842415,0.3448240178490783,0.3479118629767764,0.34074021461916376
"(np.int64(5), np.int64(8), np.int64(9))",clip_b16,mixer_b16,0.4058307218307219,0.017350016594446287,seen,0.26985676375464956,0.11955566406250001,0.24865775317806932,0.25355051612716967,0.2597412884609785,0.30514924610855804
"(np.int64(5), np.int64(8), np.int64(9))",clip_b16,mixer_b16,0.4058307218307219,0.017350016594446287,seen_heldout,0.2943465445166193,0.12626953125,0.24350759824910528,0.25267442553471997,0.2590400826462077,0.3099429161875543
"(np.int64(5), np.int64(8), np.int64(9))",clip_b16,mixer_b16,0.4058307218307219,0.017350016594446287,random,0.2762804889525627,0.127783203125,0.24946133650787367,0.252562399083326,0.2587128530480352,0.3081885221871623
"(np.int64(5), np.int64(8), np.int64(9))",clip_b16,siglip_b16,0.5565851925851926,0.5911260065695562,seen,0.6408888445834721,0.2246337890625,0.5104927721217725,0.2894029293301445,0.30520289290521263,0.4506549592252986
"(np.int64(5), np.int64(8), np.int64(9))",clip_b16,siglip_b16,0.5565851925851926,0.5911260065695562,seen_heldout,0.6467062226818608,0.23061523437500003,0.4984667782924405,0.29093939082790665,0.3062092085843578,0.4544987048996983
"(np.int64(5), np.int64(8), np.int64(9))",clip_b16,siglip_b16,0.5565851925851926,0.5911260065695562,random,0.6322746976438269,0.23779296875,0.5033927457766204,0.2915943258968353,0.307053758209211,0.45551259505833697
"(np.int64(5), np.int64(8), np.int64(9))",vit_sup_b16,convnext_s,0.6048333648333648,0.580776878308542,seen,0.756182547681171,0.26008300781250004,0.4406791210404555,0.3188213351680709,0.3292199875362813,0.4376478297704882
"(np.int64(5), np.int64(8), np.int64(9))",vit_sup_b16,convnext_s,0.6048333648333648,0.580776878308542,seen_heldout,0.7468723351008493,0.29423828125,0.4513518228688643,0.32563541040479904,0.3366950125399464,0.4622904887421871
"(np.int64(5), np.int64(8), np.int64(9))",vit_sup_b16,convnext_s,0.6048333648333648,0.580776878308542,random,0.7361601559856745,0.28803710937500004,0.43969628835229446,0.3241902835555864,0.33470926356616104,0.4528026482724982
"(np.int64(5), np.int64(8), np.int64(9))",vit_sup_b16,mae_b16,0.23593569193569197,0.31715883079542556,seen,0.29664863396794267,0.080517578125,0.40457920686070614,0.26215915236408627,0.27138282430552824,0.3030909665581957
"(np.int64(5), np.int64(8), np.int64(9))",vit_sup_b16,mae_b16,0.23593569193569197,0.31715883079542556,seen_heldout,0.3437905673595898,0.075830078125,0.3860898269655743,0.2643993769495622,0.27423530912087773,0.3076018820293086
"(np.int64(5), np.int64(8), np.int64(9))",vit_sup_b16,mae_b16,0.23593569193569197,0.31715883079542556,random,0.32554990290030716,0.0757080078125,0.39237189613343615,0.263057849311776,0.2725090840814852,0.3046787664193221
"(np.int64(5), np.int64(8), np.int64(9))",vit_sup_b16,deit_b16,0.6967698727698728,0.6653990565998952,seen,0.40887029076071213,0.23103027343750002,0.40913570526855736,0.31947555204918143,0.32996594304246635,0.4373510658126452
"(np.int64(5), np.int64(8), np.int64(9))",vit_sup_b16,deit_b16,0.6967698727698728,0.6653990565998952,seen_heldout,0.376389957664115,0.2599853515625,0.41550618910479314,0.328461339553169,0.3395437611171297,0.4597341240519601
"(np.int64(5), np.int64(8), np.int64(9))",vit_sup_b16,deit_b16,0.6967698727698728,0.6653990565998952,random,0.3753546655404938,0.24948730468750002,0.40981927256488704,0.32498049627235215,0.3356031115227501,0.45110123084371184
"(np.int64(5), np.int64(8), np.int64(9))",vit_sup_b16,swin_b,0.3925701925701926,0.2237203910800434,seen,0.1521628713494101,0.10930175781250001,0.25011945883507297,0.31125765804818806,0.32026451910293363,0.39176990738554124
"(np.int64(5), np.int64(8), np.int64(9))",vit_sup_b16,swin_b,0.3925701925701926,0.2237203910800434,seen_heldout,0.14037983294067446,0.11760253906250001,0.2530749221774459,0.31554454015545175,0.32518457896168457,0.4090673745200882
"(np.int64(5), np.int64(8), np.int64(9))",vit_sup_b16,swin_b,0.3925701925701926,0.2237203910800434,random,0.13817850972520465,0.11530761718750002,0.2550568272420717,0.3142002879399206,0.3234511639198966,0.4031714305089993
"(np.int64(5), np.int64(8), np.int64(9))",vit_sup_b16,resnet50,0.48973822573822584,0.49444106693789625,seen,0.652288326277675,0.1770751953125,-0.06849636866570102,0.3528263808776931,0.35815728794359747,0.3741107338340594
"(np.int64(5), np.int64(8), np.int64(9))",vit_sup_b16,resnet50,0.48973822573822584,0.49444106693789625,seen_heldout,0.6859283340203018,0.1989013671875,-0.05674646551726631,0.357576303644308,0.3638479259008052,0.3921472115488173
"(np.int64(5), np.int64(8), np.int64(9))",vit_sup_b16,resnet50,0.48973822573822584,0.49444106693789625,random,0.6650464933157577,0.19089355468750002,-0.06258966589353832,0.3550910661497508,0.36110673283270506,0.38569240843077524
"(np.int64(5), np.int64(8), np.int64(9))",vit_sup_b16,mixer_b16,0.40852011652011655,0.26719778791086524,seen,0.32483723986272184,0.1525390625,0.25424927393720753,0.27179622283659144,0.277254619772429,0.3514027576443063
"(np.int64(5), np.int64(8), np.int64(9))",vit_sup_b16,mixer_b16,0.40852011652011655,0.26719778791086524,seen_heldout,0.3445244119386079,0.1688232421875,0.2543016548113141,0.27684069117804555,0.2826400050536864,0.3652555002528129
"(np.int64(5), np.int64(8), np.int64(9))",vit_sup_b16,mixer_b16,0.40852011652011655,0.26719778791086524,random,0.33256443293133864,0.163623046875,0.2505878079659372,0.27456949993798324,0.2801218820938956,0.35951719197530907
"(np.int64(5), np.int64(8), np.int64(9))",vit_sup_b16,siglip_b16,0.30787823587823593,0.2740459375606597,seen,0.6449068891853215,0.20808105468750002,0.4282471566018541,0.28421842572779715,0.2944034903189641,0.41258966792012153
"(np.int64(5), np.int64(8), np.int64(9))",vit_sup_b16,siglip_b16,0.30787823587823593,0.2740459375606597,seen_heldout,0.6636074512243754,0.22058105468750003,0.424236162073765,0.2871512578153734,0.2972641627466818,0.42491444481050783
"(np.int64(5), np.int64(8), np.int64(9))",vit_sup_b16,siglip_b16,0.30787823587823593,0.2740459375606597,random,0.6466392295108826,0.221826171875,0.4262471690266705,0.2872141842183951,0.2971511406095446,0.42201165580620253
"(np.int64(5), np.int64(8), np.int64(9))",convnext_s,mae_b16,0.12934664134664134,0.21768136418681822,seen,0.26300980417276393,0.066357421875,0.3456198265530975,0.25334240143743875,0.26090206307328506,0.2745306943216426
"(np.int64(5), np.int64(8), np.int64(9))",convnext_s,mae_b16,0.12934664134664134,0.21768136418681822,seen_heldout,0.28615746530851377,0.0645751953125,0.3317066271139929,0.2552016616222372,0.26336248650149335,0.2799520635292063
"(np.int64(5), np.int64(8), np.int64(9))",convnext_s,mae_b16,0.12934664134664134,0.21768136418681822,random,0.27381482200737495,0.063818359375,0.32961832964414345,0.2547267270602989,0.26267215183474457,0.2772143399136867
"(np.int64(5), np.int64(8), np.int64(9))",convnext_s,deit_b16,0.6772291612291613,0.564463029384781,seen,0.4585886336289793,0.1984130859375,0.3534884235182443,0.30948041563699974,0.3193956004506013,0.4017147764769557
"(np.int64(5), np.int64(8), np.int64(9))",convnext_s,deit_b16,0.6772291612291613,0.564463029384781,seen_heldout,0.4191538006007095,0.23103027343750002,0.36214604235723213,0.3166650779737565,0.327407202990026,0.4293162398980293
"(np.int64(5), np.int64(8), np.int64(9))",convnext_s,deit_b16,0.6772291612291613,0.564463029384781,random,0.4196251069772891,0.225341796875,0.3473029102107612,0.314832955937893,0.32506624037203924,0.4196848452940051
"(np.int64(5), np.int64(8), np.int64(9))",convnext_s,swin_b,0.5684577524577525,0.36425117647235294,seen,0.16583824132880132,0.10515136718750001,0.22590278133031488,0.325076768954238,0.33513399023166257,0.39863528049367686
"(np.int64(5), np.int64(8), np.int64(9))",convnext_s,swin_b,0.5684577524577525,0.36425117647235294,seen_heldout,0.16207230099337044,0.11560058593750001,0.2278968616935121,0.32691364970138137,0.33753347703058006,0.41575419448687306
"(np.int64(5), np.int64(8), np.int64(9))",convnext_s,swin_b,0.5684577524577525,0.36425117647235294,random,0.15816557567668807,0.11376953125000001,0.22458026061121644,0.3273543829320776,0.33770951783389686,0.4101913930644384
"(np.int64(5), np.int64(8), np.int64(9))",convnext_s,resnet50,0.5175920055920057,0.524898232544248,seen,0.5812812985473748,0.17651367187500003,-0.0943754321936901,0.36201823314615056,0.3689388845332175,0.3797042597865022
"(np.int64(5), np.int64(8), np.int64(9))",convnext_s,resnet50,0.5175920055920057,0.524898232544248,seen_heldout,0.6240449078524218,0.203515625,-0.08658079123041929,0.3647535945532317,0.3725375316965629,0.3992489233686874
"(np.int64(5), np.int64(8), np.int64(9))",convnext_s,resnet50,0.5175920055920057,0.524898232544248,random,0.5957614880996274,0.19365234375,-0.09608700423000999,0.36377040760826107,0.371467183199928,0.3943429959053607
"(np.int64(5), np.int64(8), np.int64(9))",convnext_s,mixer_b16,0.5628084228084228,0.39256996495221824,seen,0.3070047872710896,0.134521484375,0.22305759734684133,0.27649898501819165,0.28209473245838473,0.3392717371292998
"(np.int64(5), np.int64(8), np.int64(9))",convnext_s,mixer_b16,0.5628084228084228,0.39256996495221824,seen_heldout,0.3201363984296939,0.1535888671875,0.22673088848156564,0.28008139038609686,0.28622735306487607,0.3562953434997452
"(np.int64(5), np.int64(8), np.int64(9))",convnext_s,mixer_b16,0.5628084228084228,0.39256996495221824,random,0.31004359664804865,0.14753417968750002,0.2150362607362883,0.2788760202741902,0.28466869774536513,0.34999712660716287
"(np.int64(5), np.int64(8), np.int64(9))",convnext_s,siglip_b16,0.27959021159021163,0.17163644484849386,seen,0.562063158362551,0.1767578125,0.36971130388387174,0.2759596962238204,0.2853830373786228,0.3735230357641272
"(np.int64(5), np.int64(8), np.int64(9))",convnext_s,siglip_b16,0.27959021159021163,0.17163644484849386,seen_heldout,0.579709711089273,0.190576171875,0.3629588548567663,0.27732540621866314,0.2867561647291961,0.38675521979454114
"(np.int64(5), np.int64(8), np.int64(9))",convnext_s,siglip_b16,0.27959021159021163,0.17163644484849386,random,0.5543232163685277,0.186669921875,0.35387511029322755,0.27764828832559246,0.28692649469138354,0.382558887414138
"(np.int64(5), np.int64(8), np.int64(9))",mae_b16,deit_b16,0.16672958272958274,0.3228252798694755,seen,0.23650969297991903,0.100732421875,0.44261877218640383,0.27403635431406176,0.28639972843044104,0.3333250585359146
"(np.int64(5), np.int64(8), np.int64(9))",mae_b16,deit_b16,0.16672958272958274,0.3228252798694755,seen_heldout,0.24149039637143785,0.09067382812500001,0.40905008759802264,0.27530932503115324,0.2877879774056734,0.33387981786532206
"(np.int64(5), np.int64(8), np.int64(9))",mae_b16,deit_b16,0.16672958272958274,0.3228252798694755,random,0.22971302169136845,0.095849609375,0.4155063702767448,0.27459055066617666,0.2868580568238827,0.3324440987198763
"(np.int64(5), np.int64(8), np.int64(9))",mae_b16,swin_b,-0.07381646581646581,-0.02750061683340187,seen,0.12518923841466167,0.061572265625,0.3296261525890045,0.268253569581212,0.2730113753552369,0.2984910208047921
"(np.int64(5), np.int64(8), np.int64(9))",mae_b16,swin_b,-0.07381646581646581,-0.02750061683340187,seen_heldout,0.10613751304118177,0.056396484375,0.30663890891607254,0.26934242206750547,0.2744465725945265,0.2998117898969194
"(np.int64(5), np.int64(8), np.int64(9))",mae_b16,swin_b,-0.07381646581646581,-0.02750061683340187,random,0.11288453534258001,0.0606201171875,0.3085063721243446,0.2687927734200897,0.27393856699716035,0.30081300751508716
"(np.int64(5), np.int64(8), np.int64(9))",mae_b16,resnet50,0.3658450978450979,0.39280813342312587,seen,0.37271268912414635,0.10629882812500002,0.13131340491971077,0.34408719680789807,0.3393853249937606,0.31312176938931713
"(np.int64(5), np.int64(8), np.int64(9))",mae_b16,resnet50,0.3658450978450979,0.39280813342312587,seen_heldout,0.3928046466718369,0.099365234375,0.10287148748532526,0.34412340166542965,0.34008489033338873,0.31416385003913366
"(np.int64(5), np.int64(8), np.int64(9))",mae_b16,resnet50,0.3658450978450979,0.39280813342312587,random,0.3828715501821285,0.10419921875000002,0.11093675538668268,0.3435505864337466,0.3393376255626509,0.3132186947293778
"(np.int64(5), np.int64(8), np.int64(9))",mae_b16,mixer_b16,0.25168694368694366,0.18915618901735431,seen,0.24653623462968596,0.09602050781250002,0.3391190438244841,0.25455361793365716,0.2602361716785747,0.29686243527684764
"(np.int64(5), np.int64(8), np.int64(9))",mae_b16,mixer_b16,0.25168694368694366,0.18915618901735431,seen_heldout,0.27702152531254476,0.09367675781250001,0.3135329196760758,0.2533268407110582,0.25959390452527736,0.2972838080309017
"(np.int64(5), np.int64(8), np.int64(9))",mae_b16,mixer_b16,0.25168694368694366,0.18915618901735431,random,0.258219015951576,0.092724609375,0.3231430200113087,0.25323720886203566,0.25917223858145266,0.2963670719836746
"(np.int64(5), np.int64(8), np.int64(9))",mae_b16,siglip_b16,0.47545647145647146,0.37996162399573596,seen,0.32336639541441886,0.0954833984375,0.4948909208610711,0.2626205856515915,0.2746539361449507,0.35169979309753313
"(np.int64(5), np.int64(8), np.int64(9))",mae_b16,siglip_b16,0.47545647145647146,0.37996162399573596,seen_heldout,0.3557030009989887,0.08662109375,0.4605875986122236,0.2617554966384606,0.27345988855061637,0.34759247683831784
"(np.int64(5), np.int64(8), np.int64(9))",mae_b16,siglip_b16,0.47545647145647146,0.37996162399573596,random,0.3418373248867253,0.09062500000000001,0.4713732189196775,0.2617464967420233,0.27343305919571803,0.34769344124083623
"(np.int64(5), np.int64(8), np.int64(9))",deit_b16,swin_b,0.4803278163278164,0.23333943437104823,seen,0.2625708010976994,0.10947265625000001,0.21278699416995583,0.31018686309910254,0.3194412410603295,0.3835806781994244
"(np.int64(5), np.int64(8), np.int64(9))",deit_b16,swin_b,0.4803278163278164,0.23333943437104823,seen_heldout,0.2355996581078684,0.11955566406250001,0.21024622582469543,0.313911946057922,0.32374295499415884,0.39972354545113675
"(np.int64(5), np.int64(8), np.int64(9))",deit_b16,swin_b,0.4803278163278164,0.23333943437104823,random,0.24003580429275465,0.11691894531250001,0.20393574399470032,0.3131349861072653,0.3227039097236463,0.39442927289578056
"(np.int64(5), np.int64(8), np.int64(9))",deit_b16,resnet50,0.5137943377943378,0.5502272766919195,seen,0.42896761382761456,0.20393066406250002,-0.10243757107277557,0.3607028194905635,0.36846995044736397,0.4028020361772379
"(np.int64(5), np.int64(8), np.int64(9))",deit_b16,resnet50,0.5137943377943378,0.5502272766919195,seen_heldout,0.397663944881605,0.2171630859375,-0.113665662814179,0.36549657606985586,0.37404518936359576,0.418291920234283
"(np.int64(5), np.int64(8), np.int64(9))",deit_b16,resnet50,0.5137943377943378,0.5502272766919195,random,0.3977119272934486,0.213134765625,-0.11392758571048184,0.3634027245429832,0.37173533612669,0.4132806467350814
"(np.int64(5), np.int64(8), np.int64(9))",deit_b16,mixer_b16,0.5325592845592846,0.2821615953512883,seen,0.3679705043557468,0.19489746093750002,0.31820475658053377,0.3002304067609353,0.30793130467630353,0.405114478489513
"(np.int64(5), np.int64(8), np.int64(9))",deit_b16,mixer_b16,0.5325592845592846,0.2821615953512883,seen_heldout,0.3432342572057079,0.2057861328125,0.3016396899339206,0.3034699952229276,0.3114676972567468,0.41437575182722314
"(np.int64(5), np.int64(8), np.int64(9))",deit_b16,mixer_b16,0.5325592845592846,0.2821615953512883,random,0.34641448098816224,0.2053466796875,0.2965884753305784,0.30228677474307397,0.31002479271188343,0.4097913427048407
"(np.int64(5), np.int64(8), np.int64(9))",deit_b16,siglip_b16,0.2643441483441484,0.2168370232041137,seen,0.3250585941799479,0.17084960937500002,0.35208674606052476,0.2779348323418214,0.2875622047230167,0.3809344016101435
"(np.int64(5), np.int64(8), np.int64(9))",deit_b16,siglip_b16,0.2643441483441484,0.2168370232041137,seen_heldout,0.3017376591729548,0.17873535156250003,0.33340652230367934,0.28059387197369906,0.2901549563547836,0.39148852689174546
"(np.int64(5), np.int64(8), np.int64(9))",deit_b16,siglip_b16,0.2643441483441484,0.2168370232041137,random,0.2945164173156438,0.17919921875000003,0.3441748861392992,0.28011322530585353,0.28949220852975777,0.38760973162052126
"(np.int64(5), np.int64(8), np.int64(9))",swin_b,resnet50,0.33380736980736986,0.2759299986588887,seen,0.1824818150563408,0.09274902343750001,-0.423466919050359,0.39277468898653056,0.39486261013849916,0.36182140016814796
"(np.int64(5), np.int64(8), np.int64(9))",swin_b,resnet50,0.33380736980736986,0.2759299986588887,seen_heldout,0.16720830954493326,0.0989013671875,-0.4341886157343543,0.39478460939435145,0.39746500085459696,0.3752391312073098
"(np.int64(5), np.int64(8), np.int64(9))",swin_b,resnet50,0.33380736980736986,0.2759299986588887,random,0.16741292942509411,0.09858398437499999,-0.40707312444762506,0.39353284970428637,0.3962178858043777,0.3723776815362595
"(np.int64(5), np.int64(8), np.int64(9))",swin_b,mixer_b16,0.47534049134049133,0.4236519612946623,seen,0.1927634801499504,0.09123535156250001,0.1116082581848657,0.28636229058809737,0.2918230544540397,0.3360454868704357
"(np.int64(5), np.int64(8), np.int64(9))",swin_b,mixer_b16,0.47534049134049133,0.4236519612946623,seen_heldout,0.1744702294172869,0.0983642578125,0.10020707459804917,0.28849935374001795,0.29435548537346423,0.34738297176601757
"(np.int64(5), np.int64(8), np.int64(9))",swin_b,mixer_b16,0.47534049134049133,0.4236519612946623,random,0.1734482636302381,0.0985107421875,0.10806002011211807,0.2877782334633925,0.2935069275505951,0.34493891774602625
"(np.int64(5), np.int64(8), np.int64(9))",swin_b,siglip_b16,0.10890453690453693,-0.05606458267384252,seen,0.15766482090195547,0.09113769531250002,0.21731659655759666,0.28020742279789457,0.2880569628733329,0.3518358740658272
"(np.int64(5), np.int64(8), np.int64(9))",swin_b,siglip_b16,0.10890453690453693,-0.05606458267384252,seen_heldout,0.14607307463269417,0.09736328125000002,0.20650348393635848,0.281095847467066,0.2890572388375678,0.3619380726679946
"(np.int64(5), np.int64(8), np.int64(9))",swin_b,siglip_b16,0.10890453690453693,-0.05606458267384252,random,0.1423012528618528,0.09619140625,0.21679682513366672,0.281578483357306,0.28949696721836854,0.3602865647898419
"(np.int64(5), np.int64(8), np.int64(9))",resnet50,mixer_b16,0.6045898845898846,0.43184475820497303,seen,0.37371498668217523,0.17763671875000003,-0.25576969109270675,0.3584590910604223,0.36436781554341935,0.39342261074645124
"(np.int64(5), np.int64(8), np.int64(9))",resnet50,mixer_b16,0.6045898845898846,0.43184475820497303,seen_heldout,0.3688078534523003,0.19089355468750002,-0.25478812281279606,0.3595384035128282,0.3656151902143943,0.4005727523347516
"(np.int64(5), np.int64(8), np.int64(9))",resnet50,mixer_b16,0.6045898845898846,0.43184475820497303,random,0.36901710481998906,0.18881835937500002,-0.24147514881494409,0.3581746541892494,0.3642940975720071,0.3979815807909052
"(np.int64(5), np.int64(8), np.int64(9))",resnet50,siglip_b16,0.448999612999613,0.20347813905312656,seen,0.6036158018557946,0.17893066406250002,-0.02500324221350181,0.3489846495807443,0.35373264838801854,0.3697845687358434
"(np.int64(5), np.int64(8), np.int64(9))",resnet50,siglip_b16,0.448999612999613,0.20347813905312656,seen_heldout,0.6236338296653582,0.18359375,-0.044318393387964894,0.34693515053407553,0.3518775649880229,0.3760726547277743
"(np.int64(5), np.int64(8), np.int64(9))",resnet50,siglip_b16,0.448999612999613,0.20347813905312656,random,0.6067789185306738,0.1844970703125,-0.03873461542261647,0.34731986008962046,0.3522847376798841,0.37433920599066633
"(np.int64(5), np.int64(8), np.int64(9))",mixer_b16,siglip_b16,0.32949570549570556,0.003735845748427305,seen,0.30336196657254655,0.13198242187500003,0.24554299738950464,0.25626631976023245,0.26225186972522635,0.3312175709540931
"(np.int64(5), np.int64(8), np.int64(9))",mixer_b16,siglip_b16,0.32949570549570556,0.003735845748427305,seen_heldout,0.3083173768712213,0.13801269531250002,0.2320753437849412,0.2556149172106887,0.26150700978499547,0.3359241513031579
"(np.int64(5), np.int64(8), np.int64(9))",mixer_b16,siglip_b16,0.32949570549570556,0.003735845748427305,random,0.3019538269471114,0.13999023437500002,0.23095159168738572,0.2553314062108481,0.2611138834757071,0.3338654063928424
"(np.int64(0), np.int64(7), np.int64(8))",dinov2_b,clip_b16,0.3292604572604573,0.49055237139470786,seen,0.690706546770833,0.2045166015625,0.4295997209636188,0.27978763325322786,0.29104706204985026,0.3896344872962222
"(np.int64(0), np.int64(7), np.int64(8))",dinov2_b,clip_b16,0.3292604572604573,0.49055237139470786,seen_heldout,0.6761102929564657,0.228076171875,0.4620456419334425,0.28607249213468205,0.2979532594977022,0.40600171297226234
"(np.int64(0), np.int64(7), np.int64(8))",dinov2_b,clip_b16,0.3292604572604573,0.49055237139470786,random,0.6551444614933954,0.22607421875,0.44031741022166887,0.2835952576459976,0.29513072477107505,0.4025512567354176
"(np.int64(0), np.int64(7), np.int64(8))",dinov2_b,vit_sup_b16,0.6578682098682099,0.3680227195580799,seen,0.8545679233015383,0.30292968750000004,0.4885465938001537,0.32121282144646657,0.33194545709760537,0.4681588003472596
"(np.int64(0), np.int64(7), np.int64(8))",dinov2_b,vit_sup_b16,0.6578682098682099,0.3680227195580799,seen_heldout,0.8495886212396738,0.3344970703125,0.5024957112183128,0.32443220249512156,0.3356746878756046,0.48125674987758105
"(np.int64(0), np.int64(7), np.int64(8))",dinov2_b,vit_sup_b16,0.6578682098682099,0.3680227195580799,random,0.8385907922147502,0.32878417968749996,0.4907692349254923,0.3232594971984638,0.33400647072333783,0.47675409174301214
"(np.int64(0), np.int64(7), np.int64(8))",dinov2_b,convnext_s,0.6309053469053469,0.6168411907601322,seen,0.743982068142207,0.19223632812500002,0.37043591114857943,0.2973408765517477,0.3055170357346664,0.38084335833994565
"(np.int64(0), np.int64(7), np.int64(8))",dinov2_b,convnext_s,0.6309053469053469,0.6168411907601322,seen_heldout,0.7161562624224037,0.223779296875,0.3878437002124367,0.3036932994676611,0.3123267927527727,0.3996468029346296
"(np.int64(0), np.int64(7), np.int64(8))",dinov2_b,convnext_s,0.6309053469053469,0.6168411907601322,random,0.6978217674999817,0.21711425781250002,0.3738646754123384,0.3009066069991164,0.30924066725302535,0.3943045243972143
"(np.int64(0), np.int64(7), np.int64(8))",dinov2_b,mae_b16,0.15377458577458578,0.07050524605613845,seen,0.3249789178505274,0.0800537109375,0.3861050095492376,0.26184047386146475,0.2705537567642154,0.3183861522890352
"(np.int64(0), np.int64(7), np.int64(8))",dinov2_b,mae_b16,0.15377458577458578,0.07050524605613845,seen_heldout,0.3350633390557197,0.08293457031250001,0.3983396739116271,0.26321141112676316,0.27185438738951695,0.3144335135924904
"(np.int64(0), np.int64(7), np.int64(8))",dinov2_b,mae_b16,0.15377458577458578,0.07050524605613845,random,0.3201667706548307,0.080517578125,0.378185755433763,0.2611232126454916,0.26951078689361324,0.3128777621499564
"(np.int64(0), np.int64(7), np.int64(8))",dinov2_b,deit_b16,0.6350944310944311,0.4961425057936117,seen,0.4208039885123069,0.19794921875000002,0.34266014009505985,0.295497300570882,0.3034887568176118,0.389898739950523
"(np.int64(0), np.int64(7), np.int64(8))",dinov2_b,deit_b16,0.6350944310944311,0.4961425057936117,seen_heldout,0.34462661287304214,0.21279296875000003,0.3484200197115135,0.2969838313178958,0.3049932164865311,0.3940804744324275
"(np.int64(0), np.int64(7), np.int64(8))",dinov2_b,deit_b16,0.6350944310944311,0.4961425057936117,random,0.3445757147280517,0.2098388671875,0.32715833854524673,0.2952746775740006,0.3031916466983224,0.393260093914056
"(np.int64(0), np.int64(7), np.int64(8))",dinov2_b,swin_b,0.4050608010608011,0.30284164876018316,seen,0.15085577365128172,0.09248046875000002,0.17377027583252097,0.29613212828651103,0.3025338861093415,0.35402973219792466
"(np.int64(0), np.int64(7), np.int64(8))",dinov2_b,swin_b,0.4050608010608011,0.30284164876018316,seen_heldout,0.131330764223352,0.1059814453125,0.18999176775550208,0.3005666055482732,0.30730412590483525,0.3650404679894223
"(np.int64(0), np.int64(7), np.int64(8))",dinov2_b,swin_b,0.4050608010608011,0.30284164876018316,random,0.1351833504939101,0.106591796875,0.1866446049160399,0.2986242715272614,0.3051961127050067,0.3636057203267096
"(np.int64(0), np.int64(7), np.int64(8))",dinov2_b,resnet50,0.46279349479349485,0.42585149576127723,seen,0.705779664124123,0.17416992187500002,-0.1199599784690874,0.3504055952269707,0.3521920893993873,0.35531239832681544
"(np.int64(0), np.int64(7), np.int64(8))",dinov2_b,resnet50,0.46279349479349485,0.42585149576127723,seen_heldout,0.6400982167954025,0.17419433593750003,-0.12158645096704707,0.35251802362468637,0.3543798621618994,0.3561874181831749
"(np.int64(0), np.int64(7), np.int64(8))",dinov2_b,resnet50,0.46279349479349485,0.42585149576127723,random,0.6596955615525755,0.17724609375,-0.1287755510392276,0.3508413665390433,0.3527465162334373,0.35723135301421094
"(np.int64(0), np.int64(7), np.int64(8))",dinov2_b,mixer_b16,0.43563761163761167,0.3820829820092202,seen,0.36351598841859656,0.13422851562500002,0.20165757140419255,0.2611715806462499,0.2650161154261493,0.3229780057664698
"(np.int64(0), np.int64(7), np.int64(8))",dinov2_b,mixer_b16,0.43563761163761167,0.3820829820092202,seen_heldout,0.2880335195374855,0.1391845703125,0.18835743310676306,0.26211013318842374,0.2658527922507108,0.3207734597248972
"(np.int64(0), np.int64(7), np.int64(8))",dinov2_b,mixer_b16,0.43563761163761167,0.3820829820092202,random,0.2917377046437348,0.13461914062500002,0.17403973993621458,0.26056865729291506,0.26432268376993073,0.3208195128525468
"(np.int64(0), np.int64(7), np.int64(8))",dinov2_b,siglip_b16,0.15724068124068125,0.2507390394154488,seen,0.6978814614243044,0.20124511718750002,0.41469083208122715,0.2775479840387419,0.28676058460936094,0.40518503320960647
"(np.int64(0), np.int64(7), np.int64(8))",dinov2_b,siglip_b16,0.15724068124068125,0.2507390394154488,seen_heldout,0.6486653048473181,0.215966796875,0.41583473744579846,0.2808272831014877,0.29026988543342486,0.4118365562427619
"(np.int64(0), np.int64(7), np.int64(8))",dinov2_b,siglip_b16,0.15724068124068125,0.2507390394154488,random,0.6514170583532275,0.218505859375,0.41048627526995163,0.2787551720135446,0.2879006521637288,0.4099292217027015
"(np.int64(0), np.int64(7), np.int64(8))",clip_b16,vit_sup_b16,0.3936530376530376,0.43613952045994664,seen,0.6688320187285699,0.1937255859375,0.4271494135362478,0.28305832982834267,0.29460564940817563,0.38949400398282336
"(np.int64(0), np.int64(7), np.int64(8))",clip_b16,vit_sup_b16,0.3936530376530376,0.43613952045994664,seen_heldout,0.6740542113656239,0.22731933593749998,0.4536606627146811,0.28834936669327704,0.3004924253336186,0.40826550746823975
"(np.int64(0), np.int64(7), np.int64(8))",clip_b16,vit_sup_b16,0.3936530376530376,0.43613952045994664,random,0.6360113288088368,0.2169921875,0.4375900344391368,0.28573279356956555,0.29748273789055474,0.40207481934270467
"(np.int64(0), np.int64(7), np.int64(8))",clip_b16,convnext_s,0.34934676134676135,0.388522968502552,seen,0.5572233331522779,0.14851074218750004,0.3500013568291705,0.27005238344123966,0.28028094910928697,0.34359279495748896
"(np.int64(0), np.int64(7), np.int64(8))",clip_b16,convnext_s,0.34934676134676135,0.388522968502552,seen_heldout,0.5851767307942285,0.17792968750000002,0.37461759444750514,0.2752473203701838,0.2856823108223354,0.3591168289940275
"(np.int64(0), np.int64(7), np.int64(8))",clip_b16,convnext_s,0.34934676134676135,0.388522968502552,random,0.5254013296038216,0.16921386718750003,0.3571321443819581,0.2731578989433612,0.28350188162433376,0.35525513755639687
"(np.int64(0), np.int64(7), np.int64(8))",clip_b16,mae_b16,0.37927644727644727,0.13101570877952318,seen,0.3829321116968918,0.08750000000000001,0.4501879988519151,0.25596044505064197,0.2676068205723736,0.31384411334861056
"(np.int64(0), np.int64(7), np.int64(8))",clip_b16,mae_b16,0.37927644727644727,0.13101570877952318,seen_heldout,0.46843562802009053,0.0909423828125,0.4559240517744215,0.256643342874549,0.2682194021671806,0.3108912650693064
"(np.int64(0), np.int64(7), np.int64(8))",clip_b16,mae_b16,0.37927644727644727,0.13101570877952318,random,0.42747160392891786,0.0877197265625,0.4418489510243887,0.2553627735465105,0.2664353125487864,0.31024272849457757
"(np.int64(0), np.int64(7), np.int64(8))",clip_b16,deit_b16,0.38066582066582066,0.5023592375954709,seen,0.3498924149872561,0.16213378906250003,0.3568185522160167,0.2787036086665165,0.2894907784002294,0.3574873567046176
"(np.int64(0), np.int64(7), np.int64(8))",clip_b16,deit_b16,0.38066582066582066,0.5023592375954709,seen_heldout,0.3367618019752569,0.18325195312500003,0.3783748607433165,0.2813029735949136,0.2923137592234654,0.36844567312022447
"(np.int64(0), np.int64(7), np.int64(8))",clip_b16,deit_b16,0.38066582066582066,0.5023592375954709,random,0.31156341510604296,0.17927246093750002,0.35027094946354587,0.27956864305965357,0.2902533572823019,0.3649996463017036
"(np.int64(0), np.int64(7), np.int64(8))",clip_b16,swin_b,0.16579865779865782,0.050837336315259586,seen,0.12982077795078045,0.077685546875,0.20263829791346033,0.2776792483242093,0.28529256476700277,0.3237563282318945
"(np.int64(0), np.int64(7), np.int64(8))",clip_b16,swin_b,0.16579865779865782,0.050837336315259586,seen_heldout,0.11346519845722247,0.0927490234375,0.22175937223628517,0.28161719111369804,0.28976207865122516,0.3364669078691659
"(np.int64(0), np.int64(7), np.int64(8))",clip_b16,swin_b,0.16579865779865782,0.050837336315259586,random,0.11491178876800923,0.090771484375,0.20542110242014905,0.2799090758471614,0.28774793111127733,0.3346206930838692
"(np.int64(0), np.int64(7), np.int64(8))",clip_b16,resnet50,0.4101699621699622,0.3169010654334517,seen,0.6069284681866004,0.1558349609375,-0.05024951407909484,0.34510219486105675,0.3479285184585816,0.3392804849870943
"(np.int64(0), np.int64(7), np.int64(8))",clip_b16,resnet50,0.4101699621699622,0.3169010654334517,seen_heldout,0.5738646247450849,0.16694335937500002,-0.0322157870512354,0.34585594043140994,0.348953299414101,0.3405532450628773
"(np.int64(0), np.int64(7), np.int64(8))",clip_b16,resnet50,0.4101699621699622,0.3169010654334517,random,0.5640094114093216,0.1639892578125,-0.045618085697437416,0.34466073760419286,0.34776449689133415,0.34113309405342523
"(np.int64(0), np.int64(7), np.int64(8))",clip_b16,mixer_b16,0.33492662292662295,0.129307557034173,seen,0.32165346424712504,0.11853027343750001,0.257837671311601,0.25311817291039557,0.2594071688607684,0.30734484812378204
"(np.int64(0), np.int64(7), np.int64(8))",clip_b16,mixer_b16,0.33492662292662295,0.129307557034173,seen_heldout,0.27965487069196937,0.12812500000000002,0.2518441272722257,0.253659684428251,0.2599376939092693,0.30822538149179535
"(np.int64(0), np.int64(7), np.int64(8))",clip_b16,mixer_b16,0.33492662292662295,0.129307557034173,random,0.2668746092478089,0.12392578125,0.23413862410561143,0.25215096153303024,0.2583300365114631,0.30825076769274057
"(np.int64(0), np.int64(7), np.int64(8))",clip_b16,siglip_b16,0.5741583101583103,0.5527858160873128,seen,0.682728882315547,0.21962890625000003,0.5003289260141369,0.29082643899861854,0.30646853031477156,0.45182590477305384
"(np.int64(0), np.int64(7), np.int64(8))",clip_b16,siglip_b16,0.5741583101583103,0.5527858160873128,seen_heldout,0.6534331528420683,0.2362548828125,0.5025965892559201,0.29224604463755893,0.30775724241830876,0.45640877365758875
"(np.int64(0), np.int64(7), np.int64(8))",clip_b16,siglip_b16,0.5741583101583103,0.5527858160873128,random,0.6362235476850802,0.2348388671875,0.4993480420322007,0.2912071984456277,0.3064211964263858,0.45534882310590385
"(np.int64(0), np.int64(7), np.int64(8))",vit_sup_b16,convnext_s,0.5992282672282673,0.38485606098400665,seen,0.7626386607252027,0.26123046875,0.43814581836710204,0.32126865554004735,0.33181712988976597,0.4434794422198113
"(np.int64(0), np.int64(7), np.int64(8))",vit_sup_b16,convnext_s,0.5992282672282673,0.38485606098400665,seen_heldout,0.7550078373948224,0.29560546875,0.44673751714921417,0.32535409581637753,0.3363688685885596,0.4577726300755379
"(np.int64(0), np.int64(7), np.int64(8))",vit_sup_b16,convnext_s,0.5992282672282673,0.38485606098400665,random,0.7291010407342636,0.2932373046875,0.44272620748551467,0.3251072147044429,0.3358365895376975,0.4542598547272791
"(np.int64(0), np.int64(7), np.int64(8))",vit_sup_b16,mae_b16,0.24977699777699777,0.14090438143382014,seen,0.3158957279216198,0.0706787109375,0.3936648913635426,0.2636662111982482,0.2729565589657963,0.3041952865332658
"(np.int64(0), np.int64(7), np.int64(8))",vit_sup_b16,mae_b16,0.24977699777699777,0.14090438143382014,seen_heldout,0.34689495438563356,0.0801025390625,0.3988703944764898,0.265963961197943,0.2758740850589321,0.3089912560290097
"(np.int64(0), np.int64(7), np.int64(8))",vit_sup_b16,mae_b16,0.24977699777699777,0.14090438143382014,random,0.3156247246835111,0.071533203125,0.3801867649165537,0.263288153830575,0.27255035645141196,0.3030959666411833
"(np.int64(0), np.int64(7), np.int64(8))",vit_sup_b16,deit_b16,0.7186328026328027,0.47596997866333085,seen,0.45442151178298895,0.2349853515625,0.4223503098718992,0.32581609401870515,0.3366026660021071,0.4490064588518765
"(np.int64(0), np.int64(7), np.int64(8))",vit_sup_b16,deit_b16,0.7186328026328027,0.47596997866333085,seen_heldout,0.3609010434981501,0.25187988281249996,0.4200050340833051,0.32647614296396116,0.3375266736349924,0.45300490889863043
"(np.int64(0), np.int64(7), np.int64(8))",vit_sup_b16,deit_b16,0.7186328026328027,0.47596997866333085,random,0.3655301911730973,0.24863281250000002,0.40707192943345893,0.3259078114409801,0.3365383276366726,0.45048566625633596
"(np.int64(0), np.int64(7), np.int64(8))",vit_sup_b16,swin_b,0.30119815319815324,0.11613473112608122,seen,0.15388552778176035,0.10454101562500001,0.24293709834643207,0.3128626919223233,0.3220360831990471,0.3957950734582831
"(np.int64(0), np.int64(7), np.int64(8))",vit_sup_b16,swin_b,0.30119815319815324,0.11613473112608122,seen_heldout,0.13500612571983803,0.1205078125,0.24977048866890322,0.3167455615235786,0.32654453715813314,0.4077912868946054
"(np.int64(0), np.int64(7), np.int64(8))",vit_sup_b16,swin_b,0.30119815319815324,0.11613473112608122,random,0.1387686992250018,0.120751953125,0.23562384179212992,0.31552483903421336,0.3249376703793915,0.4052897235915945
"(np.int64(0), np.int64(7), np.int64(8))",vit_sup_b16,resnet50,0.5662612462612463,0.3037290124143347,seen,0.700985642416347,0.18806152343750002,-0.05301661087250875,0.35535393677426513,0.36143822946273596,0.3847103128930293
"(np.int64(0), np.int64(7), np.int64(8))",vit_sup_b16,resnet50,0.5662612462612463,0.3037290124143347,seen_heldout,0.6668801126547607,0.1951904296875,-0.07178042318821987,0.3567504749236074,0.36267992295037044,0.3851101217267364
"(np.int64(0), np.int64(7), np.int64(8))",vit_sup_b16,resnet50,0.5662612462612463,0.3037290124143347,random,0.6695372139446029,0.19853515625,-0.0704506810941844,0.3551439534163147,0.3611246968738031,0.38490002959965275
"(np.int64(0), np.int64(7), np.int64(8))",vit_sup_b16,mixer_b16,0.40564944964944966,0.16012462712495854,seen,0.3786644506182951,0.15607910156250002,0.2785616025152968,0.2758201014467875,0.28158540503223894,0.36221039223124785
"(np.int64(0), np.int64(7), np.int64(8))",vit_sup_b16,mixer_b16,0.40564944964944966,0.16012462712495854,seen_heldout,0.31307446017375856,0.1623779296875,0.25414487680974823,0.2750371314609728,0.28076874790069445,0.3588237960874476
"(np.int64(0), np.int64(7), np.int64(8))",vit_sup_b16,mixer_b16,0.40564944964944966,0.16012462712495854,random,0.31618927343298564,0.1592041015625,0.24635605634258778,0.2743242705264865,0.2798736585037378,0.35828686286433586
"(np.int64(0), np.int64(7), np.int64(8))",vit_sup_b16,siglip_b16,0.23624012024012023,0.3751215314579479,seen,0.6734516627221265,0.2015869140625,0.4232565343237953,0.2842991112706389,0.2943250042287712,0.41265136114450807
"(np.int64(0), np.int64(7), np.int64(8))",vit_sup_b16,siglip_b16,0.23624012024012023,0.3751215314579479,seen_heldout,0.65663101703137,0.2282958984375,0.4266128458939111,0.28852057130662007,0.2989211663508369,0.42687033528329366
"(np.int64(0), np.int64(7), np.int64(8))",vit_sup_b16,siglip_b16,0.23624012024012023,0.3751215314579479,random,0.6435977512215352,0.2188720703125,0.41886873271122416,0.2866426604768363,0.2965935411861623,0.42012205472191116
"(np.int64(0), np.int64(7), np.int64(8))",convnext_s,mae_b16,0.14090838890838892,0.17164162884906986,seen,0.28890528456016323,0.0602783203125,0.32788823360016767,0.25420927737325977,0.26206771115268457,0.27544249865359927
"(np.int64(0), np.int64(7), np.int64(8))",convnext_s,mae_b16,0.14090838890838892,0.17164162884906986,seen_heldout,0.2905352078204166,0.06923828125,0.3357203938880671,0.25611556696109683,0.26443021496650476,0.28023106940997894
"(np.int64(0), np.int64(7), np.int64(8))",convnext_s,mae_b16,0.14090838890838892,0.17164162884906986,random,0.2683346076666036,0.061279296875,0.32238825866166,0.2541337808735153,0.2619387748633389,0.27545326555118704
"(np.int64(0), np.int64(7), np.int64(8))",convnext_s,deit_b16,0.6564922764922766,0.5642883133653681,seen,0.49637491961283803,0.2086669921875,0.36178569179731995,0.3133400211856142,0.3236595219665515,0.41402236503941914
"(np.int64(0), np.int64(7), np.int64(8))",convnext_s,deit_b16,0.6564922764922766,0.5642883133653681,seen_heldout,0.40607602835518053,0.221484375,0.3587381940382331,0.31544339079584405,0.32596558109223095,0.42080475926755057
"(np.int64(0), np.int64(7), np.int64(8))",convnext_s,deit_b16,0.6564922764922766,0.5642883133653681,random,0.41945769199489,0.2202392578125,0.35308021672751094,0.3150766543966315,0.3253435622902437,0.4198394540227888
"(np.int64(0), np.int64(7), np.int64(8))",convnext_s,swin_b,0.48336971136971135,0.388325829813981,seen,0.17182386028115415,0.101806640625,0.21782973219220453,0.32465871851527595,0.3348348465047122,0.4008098348184428
"(np.int64(0), np.int64(7), np.int64(8))",convnext_s,swin_b,0.48336971136971135,0.388325829813981,seen_heldout,0.1529603603089964,0.11899414062500001,0.22692201760514447,0.32871487814946265,0.33948646532157345,0.4138183834532078
"(np.int64(0), np.int64(7), np.int64(8))",convnext_s,swin_b,0.48336971136971135,0.388325829813981,random,0.1616077012792209,0.11625976562500001,0.23146182200102966,0.32794565060580777,0.33846056821911086,0.4115430968539113
"(np.int64(0), np.int64(7), np.int64(8))",convnext_s,resnet50,0.5755916995916996,0.5431441599049066,seen,0.6458819138935815,0.186083984375,-0.07755915230814459,0.3640026779052648,0.37168926455175677,0.3919652255585491
"(np.int64(0), np.int64(7), np.int64(8))",convnext_s,resnet50,0.5755916995916996,0.5431441599049066,seen_heldout,0.6004343119481947,0.19582519531250003,-0.0940260850990845,0.36536140929607464,0.37281011690117705,0.39255330806891214
"(np.int64(0), np.int64(7), np.int64(8))",convnext_s,resnet50,0.5755916995916996,0.5431441599049066,random,0.5943314902887875,0.200732421875,-0.09741050749041796,0.3637966652821762,0.3714137561815934,0.39296394566507126
"(np.int64(0), np.int64(7), np.int64(8))",convnext_s,mixer_b16,0.5451290571290572,0.4907426545269616,seen,0.3572003041995043,0.1409423828125,0.24116362319226992,0.27915902158926975,0.2851116308948185,0.3491007857369077
"(np.int64(0), np.int64(7), np.int64(8))",convnext_s,mixer_b16,0.5451290571290572,0.4907426545269616,seen_heldout,0.2931686766475178,0.1490478515625,0.2213562906888044,0.27943445950258844,0.285339744589939,0.3497118585850266
"(np.int64(0), np.int64(7), np.int64(8))",convnext_s,mixer_b16,0.5451290571290572,0.4907426545269616,random,0.2964612832546126,0.14826660156250002,0.2140251788384025,0.2788538195663338,0.2846804566983976,0.3501382104154749
"(np.int64(0), np.int64(7), np.int64(8))",convnext_s,siglip_b16,0.2232880512880513,0.22285361053929006,seen,0.5912026604052188,0.17226562500000003,0.3622383550003128,0.2751807350558893,0.2844949875496444,0.37301471866068725
"(np.int64(0), np.int64(7), np.int64(8))",convnext_s,siglip_b16,0.2232880512880513,0.22285361053929006,seen_heldout,0.5734522894227548,0.1966064453125,0.3615258054797202,0.27951112099338377,0.28905817479776186,0.3872931896759623
"(np.int64(0), np.int64(7), np.int64(8))",convnext_s,siglip_b16,0.2232880512880513,0.22285361053929006,random,0.5428386154755254,0.18776855468750003,0.3534331134330808,0.2769631027462822,0.28622704784331404,0.38124961387543155
"(np.int64(0), np.int64(7), np.int64(8))",mae_b16,deit_b16,0.2281772401772402,0.14460767073418562,seen,0.23287912934820085,0.08845214843750002,0.41493803173559435,0.2740017754212063,0.2863020753846133,0.33044928147908265
"(np.int64(0), np.int64(7), np.int64(8))",mae_b16,deit_b16,0.2281772401772402,0.14460767073418562,seen_heldout,0.2476839321008031,0.095849609375,0.43061854865791155,0.27632052865493995,0.2889240484964347,0.33546122669628725
"(np.int64(0), np.int64(7), np.int64(8))",mae_b16,deit_b16,0.2281772401772402,0.14460767073418562,random,0.22291194427729266,0.09201660156250001,0.4111194973683407,0.27438946736291947,0.2866212382338623,0.3310288525777893
"(np.int64(0), np.int64(7), np.int64(8))",mae_b16,swin_b,-0.08786907986907987,-0.14638171315352366,seen,0.12385882156245907,0.055029296874999994,0.30528276056168313,0.268438165525468,0.2732521516199634,0.2979228313436497
"(np.int64(0), np.int64(7), np.int64(8))",mae_b16,swin_b,-0.08786907986907987,-0.14638171315352366,seen_heldout,0.11049756187395951,0.05991210937500001,0.31283003232571505,0.27012266614762914,0.275485930956072,0.3014787991289142
"(np.int64(0), np.int64(7), np.int64(8))",mae_b16,swin_b,-0.08786907986907987,-0.14638171315352366,random,0.11498004018741197,0.059375000000000004,0.3033674134760244,0.26848412877597855,0.2735624598983626,0.29975662842560635
"(np.int64(0), np.int64(7), np.int64(8))",mae_b16,resnet50,0.3502485862485863,0.2712704781411642,seen,0.3980711233065978,0.0993896484375,0.10512065432399442,0.3444488243775777,0.34010210452833806,0.31337022132914305
"(np.int64(0), np.int64(7), np.int64(8))",mae_b16,resnet50,0.3502485862485863,0.2712704781411642,seen_heldout,0.4032375293266168,0.1025634765625,0.10003439518423612,0.3447576386653038,0.3406349373215108,0.3123921056902216
"(np.int64(0), np.int64(7), np.int64(8))",mae_b16,resnet50,0.3502485862485863,0.2712704781411642,random,0.37944660370302424,0.10004882812500002,0.07775695095227947,0.3439882925972369,0.33970256377359476,0.31123264583441385
"(np.int64(0), np.int64(7), np.int64(8))",mae_b16,mixer_b16,0.1913917913917914,0.19884815453868382,seen,0.3030130847479694,0.08876953125,0.33647329865983067,0.2540198388585124,0.25991903151711515,0.2973921476493572
"(np.int64(0), np.int64(7), np.int64(8))",mae_b16,mixer_b16,0.1913917913917914,0.19884815453868382,seen_heldout,0.26473701169555697,0.0964599609375,0.32531022285239264,0.2550736128518151,0.26111730821281587,0.29653714265881187
"(np.int64(0), np.int64(7), np.int64(8))",mae_b16,mixer_b16,0.1913917913917914,0.19884815453868382,random,0.25671213705281565,0.0919677734375,0.3162044118937216,0.2526122376267353,0.2585080681020425,0.2949898172830493
"(np.int64(0), np.int64(7), np.int64(8))",mae_b16,siglip_b16,0.47361142161142167,0.2798513995390443,seen,0.3572631576713636,0.08759765625,0.47847942653321485,0.26227034457160225,0.2738856171243446,0.3495018772216587
"(np.int64(0), np.int64(7), np.int64(8))",mae_b16,siglip_b16,0.47361142161142167,0.2798513995390443,seen_heldout,0.3539508747423643,0.09167480468750001,0.47200558194134784,0.26268304587230756,0.27451693230782515,0.3486300047094774
"(np.int64(0), np.int64(7), np.int64(8))",mae_b16,siglip_b16,0.47361142161142167,0.2798513995390443,random,0.33411143515106406,0.086328125,0.4631690682207185,0.26148057242202294,0.2726290925140233,0.34532553412688066
"(np.int64(0), np.int64(7), np.int64(8))",deit_b16,swin_b,0.4034496314496315,0.25199356444372933,seen,0.28501367601117833,0.10908203125000002,0.20931764289645388,0.31225794973241444,0.3217527008886634,0.39035630029298923
"(np.int64(0), np.int64(7), np.int64(8))",deit_b16,swin_b,0.4034496314496315,0.25199356444372933,seen_heldout,0.2468531941350515,0.12275390625000002,0.2016767395026407,0.3143510910256081,0.32423045233444353,0.396021235606537
"(np.int64(0), np.int64(7), np.int64(8))",deit_b16,swin_b,0.4034496314496315,0.25199356444372933,random,0.28274336604877176,0.1209716796875,0.2031636843513156,0.31371672662999717,0.32334626026171776,0.39642972859310105
"(np.int64(0), np.int64(7), np.int64(8))",deit_b16,resnet50,0.5583193143193143,0.44591218287913137,seen,0.43832195035745386,0.201708984375,-0.11316493353415186,0.3627033901537417,0.37109031406585624,0.4099218493204924
"(np.int64(0), np.int64(7), np.int64(8))",deit_b16,resnet50,0.5583193143193143,0.44591218287913137,seen_heldout,0.4094286248494464,0.216796875,-0.10114253937540518,0.3650173764728181,0.37319034895701736,0.4126686734968668
"(np.int64(0), np.int64(7), np.int64(8))",deit_b16,resnet50,0.5583193143193143,0.44591218287913137,random,0.39188153279338545,0.2151123046875,-0.12329093359839549,0.3634264028888355,0.37184977006851583,0.4131047817260816
"(np.int64(0), np.int64(7), np.int64(8))",deit_b16,mixer_b16,0.5374011814011814,0.3056865672985074,seen,0.39467344449079983,0.1934814453125,0.3232494673501664,0.3033546624703775,0.3113020061846743,0.4103958992895837
"(np.int64(0), np.int64(7), np.int64(8))",deit_b16,mixer_b16,0.5374011814011814,0.3056865672985074,seen_heldout,0.3386578050190131,0.2015869140625,0.3136187019044257,0.3019117761178252,0.30976991204205734,0.40958498000905896
"(np.int64(0), np.int64(7), np.int64(8))",deit_b16,mixer_b16,0.5374011814011814,0.3056865672985074,random,0.35976348569799016,0.2021484375,0.3006532005855394,0.30211919813462484,0.3098799630487881,0.4096482733317583
"(np.int64(0), np.int64(7), np.int64(8))",deit_b16,siglip_b16,0.19748230148230148,0.2848186152020683,seen,0.36959438165859687,0.16828613281250002,0.3488912364869751,0.2792845554162541,0.28893351363767256,0.3832869914141179
"(np.int64(0), np.int64(7), np.int64(8))",deit_b16,siglip_b16,0.19748230148230148,0.2848186152020683,seen_heldout,0.2826388308323559,0.1832763671875,0.3465355815116207,0.28087710687703765,0.2905076819088583,0.3900457731092173
"(np.int64(0), np.int64(7), np.int64(8))",deit_b16,siglip_b16,0.19748230148230148,0.2848186152020683,random,0.2823483111211066,0.17658691406250002,0.33263752776179234,0.27956340723883644,0.28894094635460843,0.38663085987543944
"(np.int64(0), np.int64(7), np.int64(8))",swin_b,resnet50,0.3018605898605899,0.267896967099663,seen,0.17764628485829848,0.09326171875,-0.4337451880758464,0.3929551569247682,0.39558548146864075,0.3705532975596914
"(np.int64(0), np.int64(7), np.int64(8))",swin_b,resnet50,0.3018605898605899,0.267896967099663,seen_heldout,0.16561913282189328,0.1009765625,-0.4419660977705753,0.39536184318883616,0.39783394942117595,0.37087451066852517
"(np.int64(0), np.int64(7), np.int64(8))",swin_b,resnet50,0.3018605898605899,0.267896967099663,random,0.17083943448900038,0.10307617187500001,-0.4371480408326517,0.39330635344182074,0.39605891190646,0.37323783124880866
"(np.int64(0), np.int64(7), np.int64(8))",swin_b,mixer_b16,0.45144093144093145,0.4025261398362377,seen,0.20458599548154294,0.0921875,0.11204239165124286,0.2884798986946024,0.2943134995342222,0.34475068338178627
"(np.int64(0), np.int64(7), np.int64(8))",swin_b,mixer_b16,0.45144093144093145,0.4025261398362377,seen_heldout,0.1796257086410632,0.09885253906250001,0.10984888528006737,0.2887685745639884,0.29460979800751497,0.34379516931234616
"(np.int64(0), np.int64(7), np.int64(8))",swin_b,mixer_b16,0.45144093144093145,0.4025261398362377,random,0.19301227977667884,0.1008544921875,0.11512898552122758,0.2885263176431743,0.2943410817893405,0.3458583058692726
"(np.int64(0), np.int64(7), np.int64(8))",swin_b,siglip_b16,0.04872632472632473,-0.0627685394187266,seen,0.15045759244892867,0.0872802734375,0.20239588039388146,0.27972734545161476,0.28755887055457724,0.35267958695819135
"(np.int64(0), np.int64(7), np.int64(8))",swin_b,siglip_b16,0.04872632472632473,-0.0627685394187266,seen_heldout,0.13546331346335927,0.096826171875,0.21517047003830764,0.28279091924297206,0.290933233562305,0.3629319871062504
"(np.int64(0), np.int64(7), np.int64(8))",swin_b,siglip_b16,0.04872632472632473,-0.0627685394187266,random,0.13683571831864833,0.098876953125,0.20788576025635352,0.28127285670552216,0.2891479223888541,0.36096015848271373
"(np.int64(0), np.int64(7), np.int64(8))",resnet50,mixer_b16,0.5921840201840203,0.4556018777335419,seen,0.413468428809362,0.17336425781250003,-0.23535363934329828,0.3583605227526933,0.36462563753303545,0.3979543811671844
"(np.int64(0), np.int64(7), np.int64(8))",resnet50,mixer_b16,0.5921840201840203,0.4556018777335419,seen_heldout,0.3570410253395411,0.19152832031250003,-0.2572812310772072,0.35961987562433145,0.36572341941149866,0.3979202512592582
"(np.int64(0), np.int64(7), np.int64(8))",resnet50,mixer_b16,0.5921840201840203,0.4556018777335419,random,0.3528963796660888,0.18818359375,-0.2525799698245979,0.35858980873203244,0.3648666839838335,0.39831304409362445
"(np.int64(0), np.int64(7), np.int64(8))",resnet50,siglip_b16,0.36491416091416096,0.32248452205383576,seen,0.6645480880851526,0.17890625000000004,-0.00796527101372474,0.34766217172994013,0.35277822808391396,0.37358132589295545
"(np.int64(0), np.int64(7), np.int64(8))",resnet50,siglip_b16,0.36491416091416096,0.32248452205383576,seen_heldout,0.5950226126688888,0.1875244140625,-0.047561546756811235,0.34783275475217146,0.3527602129190071,0.372964750161532
"(np.int64(0), np.int64(7), np.int64(8))",resnet50,siglip_b16,0.36491416091416096,0.32248452205383576,random,0.6050144389603926,0.18166503906250003,-0.045668354947646816,0.34719383369878504,0.35223621308452263,0.3735266961614875
"(np.int64(0), np.int64(7), np.int64(8))",mixer_b16,siglip_b16,0.2725463005463006,0.10889265254362805,seen,0.35183024566182314,0.13181152343750002,0.25066762425688527,0.2551433725202538,0.26120407818390595,0.33393809486861253
"(np.int64(0), np.int64(7), np.int64(8))",mixer_b16,siglip_b16,0.2725463005463006,0.10889265254362805,seen_heldout,0.28972404233190807,0.139697265625,0.2352881159389817,0.25552996665725447,0.2614305500426959,0.3327781995880824
"(np.int64(0), np.int64(7), np.int64(8))",mixer_b16,siglip_b16,0.2725463005463006,0.10889265254362805,random,0.2875936109012118,0.13330078125,0.22368512533314633,0.25435238115787895,0.26009716900013574,0.33197347181631126
"(np.int64(2), np.int64(3), np.int64(6))",dinov2_b,clip_b16,0.43614235614235614,0.3542723006969223,seen,0.7121699497213032,0.2271728515625,0.49544933569464783,0.288044714434247,0.30066538055710806,0.41337230286156623
"(np.int64(2), np.int64(3), np.int64(6))",dinov2_b,clip_b16,0.43614235614235614,0.3542723006969223,seen_heldout,0.6105309046950085,0.21845703125000004,0.42240973220118017,0.2821331105157256,0.2932186159432195,0.39478379180344003
"(np.int64(2), np.int64(3), np.int64(6))",dinov2_b,clip_b16,0.43614235614235614,0.3542723006969223,random,0.640978462494494,0.229443359375,0.4367401064389435,0.2841209264766983,0.2956750519205997,0.40265216971649254
"(np.int64(2), np.int64(3), np.int64(6))",dinov2_b,vit_sup_b16,0.646956202956203,0.5460123691124854,seen,0.8547252432694259,0.3200927734375,0.5237867998376429,0.3227428481876337,0.33522765312177794,0.48332884092894457
"(np.int64(2), np.int64(3), np.int64(6))",dinov2_b,vit_sup_b16,0.646956202956203,0.5460123691124854,seen_heldout,0.8272840780824702,0.3269287109375,0.481943085431361,0.3218280317747175,0.3321363555519517,0.47056728064816195
"(np.int64(2), np.int64(3), np.int64(6))",dinov2_b,vit_sup_b16,0.646956202956203,0.5460123691124854,random,0.8352507212377439,0.33828125,0.4844371240820937,0.32311056670844945,0.3339375089815837,0.4768342799721026
"(np.int64(2), np.int64(3), np.int64(6))",dinov2_b,convnext_s,0.6776341136341136,0.5750872323430257,seen,0.7440134226501784,0.210693359375,0.41392804106958914,0.30179348773930365,0.3116916801517019,0.4017668390756408
"(np.int64(2), np.int64(3), np.int64(6))",dinov2_b,convnext_s,0.6776341136341136,0.5750872323430257,seen_heldout,0.6851294554962096,0.21645507812500003,0.35950097362873534,0.29830175907055956,0.3061140766310783,0.3864724404832815
"(np.int64(2), np.int64(3), np.int64(6))",dinov2_b,convnext_s,0.6776341136341136,0.5750872323430257,random,0.7050661549970114,0.2243896484375,0.3677518390603676,0.3004745257609008,0.30884974128122206,0.3949979131632734
"(np.int64(2), np.int64(3), np.int64(6))",dinov2_b,mae_b16,0.258940782940783,0.21427340336371148,seen,0.3596460930253171,0.08935546875,0.41168057034556155,0.2666284776831296,0.2765068466560769,0.3258656287230048
"(np.int64(2), np.int64(3), np.int64(6))",dinov2_b,mae_b16,0.258940782940783,0.21427340336371148,seen_heldout,0.3046415691312837,0.078759765625,0.37027017219784464,0.25964195385560734,0.2674422775056246,0.30571363324992035
"(np.int64(2), np.int64(3), np.int64(6))",dinov2_b,mae_b16,0.258940782940783,0.21427340336371148,random,0.32623582893344766,0.081689453125,0.376563463760678,0.2618748529865424,0.2703012013350825,0.31115887744832654
"(np.int64(2), np.int64(3), np.int64(6))",dinov2_b,deit_b16,0.6171403251403252,0.6004085093787231,seen,0.39227419998993696,0.200927734375,0.36585085256259564,0.29588912708012627,0.3048412256779794,0.39791305317828485
"(np.int64(2), np.int64(3), np.int64(6))",dinov2_b,deit_b16,0.6171403251403252,0.6004085093787231,seen_heldout,0.35545675816631145,0.21176757812500002,0.322034489934984,0.29447608365806394,0.30195686965747887,0.38694072804472496
"(np.int64(2), np.int64(3), np.int64(6))",dinov2_b,deit_b16,0.6171403251403252,0.6004085093787231,random,0.3501906937567914,0.21376953125,0.32305863129522766,0.29555424463030117,0.30345200221249985,0.39237180851667197
"(np.int64(2), np.int64(3), np.int64(6))",dinov2_b,swin_b,0.4470637110637111,0.2418719046524338,seen,0.15085457742407082,0.10131835937500001,0.21926706010224217,0.29794353570681203,0.30531993724842893,0.36348428393617516
"(np.int64(2), np.int64(3), np.int64(6))",dinov2_b,swin_b,0.4470637110637111,0.2418719046524338,seen_heldout,0.12567783987505782,0.10026855468750001,0.1821820122372449,0.2969376613759328,0.303223129036824,0.35795324259232186
"(np.int64(2), np.int64(3), np.int64(6))",dinov2_b,swin_b,0.4470637110637111,0.2418719046524338,random,0.13012190467934542,0.1042724609375,0.186468167516387,0.29869092600144,0.3052792556109538,0.3638610308337548
"(np.int64(2), np.int64(3), np.int64(6))",dinov2_b,resnet50,0.5049479529479529,0.3113130581458953,seen,0.6808733594552256,0.1669921875,-0.05356553253732438,0.35341988004512387,0.354707031945788,0.3550098047500701
"(np.int64(2), np.int64(3), np.int64(6))",dinov2_b,resnet50,0.5049479529479529,0.3113130581458953,seen_heldout,0.6254751380553947,0.18063964843750002,-0.15739230778959334,0.3491413895159013,0.3513157893876914,0.3555246176041028
"(np.int64(2), np.int64(3), np.int64(6))",dinov2_b,resnet50,0.5049479529479529,0.3113130581458953,random,0.6481092078258973,0.179443359375,-0.13902794773344157,0.3507438085831797,0.3526926909989925,0.3573954610403366
"(np.int64(2), np.int64(3), np.int64(6))",dinov2_b,mixer_b16,0.4903886023886024,0.24469302541033613,seen,0.34357524609482004,0.1293212890625,0.20899864375216332,0.26219999748497724,0.2664304086199421,0.3210544445126919
"(np.int64(2), np.int64(3), np.int64(6))",dinov2_b,mixer_b16,0.4903886023886024,0.24469302541033613,seen_heldout,0.27835858665432267,0.13369140625,0.17243825491126558,0.25948070153593655,0.262930582713346,0.31747328344725745
"(np.int64(2), np.int64(3), np.int64(6))",dinov2_b,mixer_b16,0.4903886023886024,0.24469302541033613,random,0.2989849344818346,0.136279296875,0.16810417075383322,0.260180497760841,0.26380615543422664,0.31967389083129794
"(np.int64(2), np.int64(3), np.int64(6))",dinov2_b,siglip_b16,0.2941547341547342,0.29316434324048257,seen,0.6867599478452124,0.2111083984375,0.4437423068460635,0.2816745171967973,0.2915452742909625,0.4129011485447827
"(np.int64(2), np.int64(3), np.int64(6))",dinov2_b,siglip_b16,0.2941547341547342,0.29316434324048257,seen_heldout,0.623288932591243,0.21457519531250002,0.40509881314188195,0.2789526578575976,0.287925035351866,0.4062781361673515
"(np.int64(2), np.int64(3), np.int64(6))",dinov2_b,siglip_b16,0.2941547341547342,0.29316434324048257,random,0.6479958750137391,0.2230224609375,0.3997086360224732,0.28047830983313843,0.2896786920026664,0.4107274753489423
"(np.int64(2), np.int64(3), np.int64(6))",clip_b16,vit_sup_b16,0.5212780252780252,0.4536645441849493,seen,0.7144509931606464,0.21945800781250002,0.4854788908032876,0.2905345181536826,0.3034917855514396,0.4139461334459694
"(np.int64(2), np.int64(3), np.int64(6))",clip_b16,vit_sup_b16,0.5212780252780252,0.4536645441849493,seen_heldout,0.5788563331971996,0.20705566406250003,0.42094296989543395,0.28388228717200675,0.2952314853375828,0.3935022819297009
"(np.int64(2), np.int64(3), np.int64(6))",clip_b16,vit_sup_b16,0.5212780252780252,0.4536645441849493,random,0.6203571139610635,0.21728515625,0.43005644699514,0.2863673425632588,0.2980774628037155,0.40267450109643294
"(np.int64(2), np.int64(3), np.int64(6))",clip_b16,convnext_s,0.4184969624969625,0.25943259771473304,seen,0.6226976928922746,0.17041015625,0.4081538426420063,0.27657806448289524,0.28800534762424257,0.36445926718592875
"(np.int64(2), np.int64(3), np.int64(6))",clip_b16,convnext_s,0.4184969624969625,0.25943259771473304,seen_heldout,0.46306689461635103,0.161865234375,0.33925059111237765,0.27092063954836965,0.2807227413281147,0.34764820369923094
"(np.int64(2), np.int64(3), np.int64(6))",clip_b16,convnext_s,0.4184969624969625,0.25943259771473304,random,0.5222749980634114,0.16889648437500002,0.3533018603667293,0.272982786230592,0.28333645356269743,0.3563919040671204
"(np.int64(2), np.int64(3), np.int64(6))",clip_b16,mae_b16,0.329963573963574,0.3596839026315447,seen,0.4808387229971936,0.09375000000000001,0.46685746226491326,0.2574408807579812,0.2693267578444769,0.3129379365536103
"(np.int64(2), np.int64(3), np.int64(6))",clip_b16,mae_b16,0.329963573963574,0.3596839026315447,seen_heldout,0.4119849023399239,0.08879394531250001,0.43451941943913347,0.255299988853075,0.2664022597999681,0.3093303911537977
"(np.int64(2), np.int64(3), np.int64(6))",clip_b16,mae_b16,0.329963573963574,0.3596839026315447,random,0.4375867900358876,0.0901611328125,0.43717645040431746,0.2550459370938165,0.2663858706451298,0.30889249621256465
"(np.int64(2), np.int64(3), np.int64(6))",clip_b16,deit_b16,0.4230822510822511,0.3953484932609436,seen,0.3834690784744656,0.1779052734375,0.39567385498690094,0.2826415081366727,0.29432031941231956,0.3729901708387308
"(np.int64(2), np.int64(3), np.int64(6))",clip_b16,deit_b16,0.4230822510822511,0.3953484932609436,seen_heldout,0.30053447841421915,0.17773437500000003,0.3406110739503304,0.2786208609306181,0.2891890828895836,0.35968066583636266
"(np.int64(2), np.int64(3), np.int64(6))",clip_b16,deit_b16,0.4230822510822511,0.3953484932609436,random,0.31901737391559704,0.18007812500000003,0.3413759315463633,0.27943083364919785,0.29022655750608045,0.36459912571438474
"(np.int64(2), np.int64(3), np.int64(6))",clip_b16,swin_b,0.2809035409035409,0.055380420820046745,seen,0.13242246104221891,0.08662109375,0.24209222470130998,0.28212788107513814,0.29084759246376707,0.33766656481761853
"(np.int64(2), np.int64(3), np.int64(6))",clip_b16,swin_b,0.2809035409035409,0.055380420820046745,seen_heldout,0.10602748421478128,0.0858642578125,0.19924016506915587,0.2786827733360396,0.286398700706524,0.3300667419222081
"(np.int64(2), np.int64(3), np.int64(6))",clip_b16,swin_b,0.2809035409035409,0.055380420820046745,random,0.11017506776287284,0.0906982421875,0.2061034144167811,0.2801630476032193,0.28816923566186814,0.33616642206156166
"(np.int64(2), np.int64(3), np.int64(6))",clip_b16,resnet50,0.3662277542277543,0.44861392762376967,seen,0.6171767849211347,0.1601806640625,0.01735215652938682,0.3458564818607035,0.3483556283301725,0.33930425902771627
"(np.int64(2), np.int64(3), np.int64(6))",clip_b16,resnet50,0.3662277542277543,0.44861392762376967,seen_heldout,0.5167752664634843,0.16491699218750003,-0.08432180569727421,0.3450320294327747,0.3481179297605832,0.3389669129818948
"(np.int64(2), np.int64(3), np.int64(6))",clip_b16,resnet50,0.3662277542277543,0.44861392762376967,random,0.5453499469126523,0.16706542968750002,-0.05497387248893065,0.3443667205239848,0.347449058057236,0.340545706103687
"(np.int64(2), np.int64(3), np.int64(6))",clip_b16,mixer_b16,0.26483043683043683,0.26168693440965934,seen,0.33418503397999544,0.120751953125,0.2695845178199609,0.253722092816421,0.2602872149727252,0.3087703066106963
"(np.int64(2), np.int64(3), np.int64(6))",clip_b16,mixer_b16,0.26483043683043683,0.26168693440965934,seen_heldout,0.2438831820793859,0.11943359375000001,0.22523260061644934,0.25170481672558764,0.25771558359596386,0.3043712528383307
"(np.int64(2), np.int64(3), np.int64(6))",clip_b16,mixer_b16,0.26483043683043683,0.26168693440965934,random,0.27475185885802966,0.12685546875,0.225456265874321,0.25173418819701704,0.2578263455896339,0.30681862343733285
"(np.int64(2), np.int64(3), np.int64(6))",clip_b16,siglip_b16,0.5102365982365983,0.579898003988667,seen,0.6823191153175993,0.23125,0.5237034050172715,0.2915530905961296,0.30715054005130726,0.4509020767419154
"(np.int64(2), np.int64(3), np.int64(6))",clip_b16,siglip_b16,0.5102365982365983,0.579898003988667,seen_heldout,0.5898459940663968,0.230517578125,0.48999927781315383,0.2914974043342285,0.3067954010028674,0.4527761923829557
"(np.int64(2), np.int64(3), np.int64(6))",clip_b16,siglip_b16,0.5102365982365983,0.579898003988667,random,0.6146920406706228,0.235107421875,0.49022693014033714,0.29145426887500187,0.30686381902469434,0.45403794847891776
"(np.int64(2), np.int64(3), np.int64(6))",vit_sup_b16,convnext_s,0.6312620352620353,0.5041992862443652,seen,0.7684392848395536,0.27978515625,0.4726715479942509,0.3230899925305834,0.33552747762600843,0.46278689204033424
"(np.int64(2), np.int64(3), np.int64(6))",vit_sup_b16,convnext_s,0.6312620352620353,0.5041992862443652,seen_heldout,0.720639250672453,0.28154296874999996,0.42687788102309565,0.3216178432359416,0.3315037976100923,0.4436073836815287
"(np.int64(2), np.int64(3), np.int64(6))",vit_sup_b16,convnext_s,0.6312620352620353,0.5041992862443652,random,0.7373318198280857,0.29052734375,0.42791057103634983,0.32459683180176735,0.3351977844851912,0.45486896528116916
"(np.int64(2), np.int64(3), np.int64(6))",vit_sup_b16,mae_b16,0.35672331272331276,0.3078800639866737,seen,0.36758257355366747,0.08427734375000001,0.42261597686735897,0.2685224792617061,0.27939880362044794,0.3194437556063104
"(np.int64(2), np.int64(3), np.int64(6))",vit_sup_b16,mae_b16,0.35672331272331276,0.3078800639866737,seen_heldout,0.28750321601370915,0.0717529296875,0.37621251437408565,0.26175258472960355,0.27055514543635384,0.29813080864288727
"(np.int64(2), np.int64(3), np.int64(6))",vit_sup_b16,mae_b16,0.35672331272331276,0.3078800639866737,random,0.322817977737951,0.07634277343750001,0.3787919589027956,0.2635673457430692,0.27292878606002174,0.30421566246328385
"(np.int64(2), np.int64(3), np.int64(6))",vit_sup_b16,deit_b16,0.7243871803871805,0.5193891581543508,seen,0.40745646683419146,0.24396972656250002,0.44144101924197376,0.3270878555437804,0.3393785301956177,0.46106382512862976
"(np.int64(2), np.int64(3), np.int64(6))",vit_sup_b16,deit_b16,0.7243871803871805,0.5193891581543508,seen_heldout,0.37632698805874787,0.2462158203125,0.3999621203276458,0.3229575687279338,0.33306882241269986,0.44309284773885144
"(np.int64(2), np.int64(3), np.int64(6))",vit_sup_b16,deit_b16,0.7243871803871805,0.5193891581543508,random,0.37470906650889774,0.25385742187500004,0.3959264614438507,0.3251053624711537,0.3357428261821861,0.450930197554404
"(np.int64(2), np.int64(3), np.int64(6))",vit_sup_b16,swin_b,0.44632956232956245,0.05614413690490409,seen,0.15310990923648884,0.11547851562500001,0.26184499092252617,0.315384378064042,0.32605183490177697,0.41036649506206335
"(np.int64(2), np.int64(3), np.int64(6))",vit_sup_b16,swin_b,0.44632956232956245,0.05614413690490409,seen_heldout,0.12662716902593998,0.112939453125,0.24944500837987338,0.3136422434073242,0.3225437818068905,0.3987359166382976
"(np.int64(2), np.int64(3), np.int64(6))",vit_sup_b16,swin_b,0.44632956232956245,0.05614413690490409,random,0.13417069334796627,0.12006835937500002,0.2398526399594197,0.31581413723487944,0.32525184838972393,0.4066240636493356
"(np.int64(2), np.int64(3), np.int64(6))",vit_sup_b16,resnet50,0.5705416025416026,0.4087638556404284,seen,0.7043639761665264,0.19357910156250002,-0.0028727392136714824,0.35696171561922235,0.3629307420825313,0.38687690139046804
"(np.int64(2), np.int64(3), np.int64(6))",vit_sup_b16,resnet50,0.5705416025416026,0.4087638556404284,seen_heldout,0.6291386996490774,0.193603515625,-0.09686408830599941,0.35324732857638175,0.35922720991006024,0.382077403819768
"(np.int64(2), np.int64(3), np.int64(6))",vit_sup_b16,resnet50,0.5705416025416026,0.4087638556404284,random,0.6663880093036161,0.2010498046875,-0.08717341355293967,0.3557325407477435,0.36186540726063937,0.3869314479615215
"(np.int64(2), np.int64(3), np.int64(6))",vit_sup_b16,mixer_b16,0.4458259338259339,0.2029181607686845,seen,0.37277636276304066,0.1583740234375,0.2783317019086642,0.2755373436737474,0.281875471202896,0.3625749242345503
"(np.int64(2), np.int64(3), np.int64(6))",vit_sup_b16,mixer_b16,0.4458259338259339,0.2029181607686845,seen_heldout,0.2971471681057525,0.1541748046875,0.24438480436673576,0.2730894650003744,0.278342145415159,0.35426420216089816
"(np.int64(2), np.int64(3), np.int64(6))",vit_sup_b16,mixer_b16,0.4458259338259339,0.2029181607686845,random,0.3254913661076646,0.16311035156250003,0.24413202387114163,0.2743935792151134,0.27991024732348363,0.35919197223962673
"(np.int64(2), np.int64(3), np.int64(6))",vit_sup_b16,siglip_b16,0.3186608346608346,0.5196577857397539,seen,0.7022634583230432,0.21286621093750002,0.4470553580279692,0.28781139642048564,0.29864022272864493,0.42419161453569965
"(np.int64(2), np.int64(3), np.int64(6))",vit_sup_b16,siglip_b16,0.3186608346608346,0.5196577857397539,seen_heldout,0.6065395044946881,0.21442871093750002,0.4163823435264054,0.28585185108513184,0.2956014039121737,0.41633616526775047
"(np.int64(2), np.int64(3), np.int64(6))",vit_sup_b16,siglip_b16,0.3186608346608346,0.5196577857397539,random,0.6457777505103711,0.22431640625,0.41226352666106797,0.2878831656548852,0.2978258887363276,0.4231123932343098
"(np.int64(2), np.int64(3), np.int64(6))",convnext_s,mae_b16,0.22422976422976423,0.12396641688515742,seen,0.309932695017178,0.07175292968750001,0.36300944530948476,0.25949259902252264,0.26894906337050706,0.2911163419004396
"(np.int64(2), np.int64(3), np.int64(6))",convnext_s,mae_b16,0.22422976422976423,0.12396641688515742,seen_heldout,0.2500272716322181,0.06337890625,0.31589614504298386,0.25341239271934757,0.260774574380976,0.270099471307684
"(np.int64(2), np.int64(3), np.int64(6))",convnext_s,mae_b16,0.22422976422976423,0.12396641688515742,random,0.27580691907544197,0.06416015624999999,0.3183899601822176,0.2543309694307842,0.2622919011636618,0.27648920415024975
"(np.int64(2), np.int64(3), np.int64(6))",convnext_s,deit_b16,0.6303889383889385,0.5012768574752063,seen,0.4297987698094578,0.2144775390625,0.3865585223495751,0.3149026894257926,0.3268615047005504,0.42939095521946924
"(np.int64(2), np.int64(3), np.int64(6))",convnext_s,deit_b16,0.6303889383889385,0.5012768574752063,seen_heldout,0.4204949090282771,0.21228027343750003,0.3408530701687903,0.31181992397027297,0.32144661299808674,0.4091775784098749
"(np.int64(2), np.int64(3), np.int64(6))",convnext_s,deit_b16,0.6303889383889385,0.5012768574752063,random,0.4160169196416944,0.21823730468750002,0.33561555045746744,0.3140652168248683,0.3243168503891467,0.41871688579779837
"(np.int64(2), np.int64(3), np.int64(6))",convnext_s,swin_b,0.5430411750411751,0.33110631234514576,seen,0.1697210151392017,0.11181640625,0.267216239989083,0.3252090557027598,0.33697986988988576,0.41490212623327927
"(np.int64(2), np.int64(3), np.int64(6))",convnext_s,swin_b,0.5430411750411751,0.33110631234514576,seen_heldout,0.1501662713902101,0.1084228515625,0.23417475789317427,0.3274546792608889,0.33738680961566164,0.4068582313610811
"(np.int64(2), np.int64(3), np.int64(6))",convnext_s,swin_b,0.5430411750411751,0.33110631234514576,random,0.15237068046209604,0.1154296875,0.22011811921756208,0.3288092559821413,0.3393685455455245,0.41347623932510635
"(np.int64(2), np.int64(3), np.int64(6))",convnext_s,resnet50,0.5932210492210492,0.34595043577227064,seen,0.6311016190052356,0.19692382812500003,-0.02408349037956753,0.3653612694188529,0.37305411978179304,0.39530351098098554
"(np.int64(2), np.int64(3), np.int64(6))",convnext_s,resnet50,0.5932210492210492,0.34595043577227064,seen_heldout,0.5615805221432714,0.192529296875,-0.12684807901421397,0.3613357156765567,0.36863631751047304,0.3889132338773875
"(np.int64(2), np.int64(3), np.int64(6))",convnext_s,resnet50,0.5932210492210492,0.34595043577227064,random,0.5906014788494828,0.19555664062500003,-0.10511197882758733,0.3628417211139961,0.3703651446575806,0.3931948900387704
"(np.int64(2), np.int64(3), np.int64(6))",convnext_s,mixer_b16,0.5147672987672988,0.31139523237724803,seen,0.3393152801677751,0.14760742187500003,0.24785435167244463,0.27985339204188103,0.28652532460627317,0.3546252985422033
"(np.int64(2), np.int64(3), np.int64(6))",convnext_s,mixer_b16,0.5147672987672988,0.31139523237724803,seen_heldout,0.28002280540492,0.1385498046875,0.20512088698960124,0.2765236893937958,0.2819750150871622,0.3433414454892186
"(np.int64(2), np.int64(3), np.int64(6))",convnext_s,mixer_b16,0.5147672987672988,0.31139523237724803,random,0.3041284069110851,0.14426269531250002,0.20311176534113629,0.27852495669535676,0.2842842979326548,0.3495370667341617
"(np.int64(2), np.int64(3), np.int64(6))",convnext_s,siglip_b16,0.2970859290859291,0.32609627623291954,seen,0.612964141009578,0.18688964843750003,0.3877706307916953,0.27814782542119515,0.2882416987428655,0.3859205665898094
"(np.int64(2), np.int64(3), np.int64(6))",convnext_s,siglip_b16,0.2970859290859291,0.32609627623291954,seen_heldout,0.507940742255478,0.18745117187500002,0.35122450199467736,0.27648088933640874,0.28545192969122585,0.3772022533005788
"(np.int64(2), np.int64(3), np.int64(6))",convnext_s,siglip_b16,0.2970859290859291,0.32609627623291954,random,0.5512117563284578,0.1923828125,0.34818256315354074,0.27728317151126797,0.2865881726987101,0.38366244768119784
"(np.int64(2), np.int64(3), np.int64(6))",mae_b16,deit_b16,0.30149227349227353,0.18081022720113635,seen,0.2893754497576681,0.10126953125,0.4436803246777389,0.2793366730769753,0.292812943855331,0.3458299593642261
"(np.int64(2), np.int64(3), np.int64(6))",mae_b16,deit_b16,0.30149227349227353,0.18081022720113635,seen_heldout,0.2156809448194256,0.089111328125,0.40881506601344564,0.2730338728627269,0.28471368390689145,0.324467819618831
"(np.int64(2), np.int64(3), np.int64(6))",mae_b16,deit_b16,0.30149227349227353,0.18081022720113635,random,0.23482013423234938,0.09309082031250002,0.4064840481243136,0.27407890999915874,0.2863774637904485,0.3307335427166689
"(np.int64(2), np.int64(3), np.int64(6))",mae_b16,swin_b,0.035914055914055915,-0.10511026767891862,seen,0.10719031074344705,0.0625,0.3265138142309401,0.2723517173618534,0.27849573120669885,0.3087267642456822
"(np.int64(2), np.int64(3), np.int64(6))",mae_b16,swin_b,0.035914055914055915,-0.10511026767891862,seen_heldout,0.11644678566831189,0.056079101562500004,0.30474433090953235,0.26803526885966183,0.2726804142298495,0.2953650085512055
"(np.int64(2), np.int64(3), np.int64(6))",mae_b16,swin_b,0.035914055914055915,-0.10511026767891862,random,0.1118565883287596,0.056982421875,0.30180101300021445,0.269140173498769,0.27429429145243295,0.30002543197185116
"(np.int64(2), np.int64(3), np.int64(6))",mae_b16,resnet50,0.34991480591480595,0.4041324577924953,seen,0.40944878132950047,0.10825195312500001,0.1272707475464519,0.3456041915974774,0.34123301378055615,0.31632035297672934
"(np.int64(2), np.int64(3), np.int64(6))",mae_b16,resnet50,0.34991480591480595,0.4041324577924953,seen_heldout,0.37196608604392006,0.10422363281250002,0.0848435106295708,0.3440242293816517,0.33963846334983694,0.3108106488665374
"(np.int64(2), np.int64(3), np.int64(6))",mae_b16,resnet50,0.34991480591480595,0.4041324577924953,random,0.38663815872448365,0.10527343750000001,0.07874160583202677,0.3433875642871674,0.33927015212054396,0.31236598801559534
"(np.int64(2), np.int64(3), np.int64(6))",mae_b16,mixer_b16,0.22637003837003838,0.21719863613318177,seen,0.31286374596147437,0.10026855468750001,0.3327973115568424,0.2562687424500419,0.2629994051380398,0.30371184423946734
"(np.int64(2), np.int64(3), np.int64(6))",mae_b16,mixer_b16,0.22637003837003838,0.21719863613318177,seen_heldout,0.24575026637355432,0.09130859375,0.32206827709753094,0.25321667845641865,0.25889515522241474,0.29269524471911973
"(np.int64(2), np.int64(3), np.int64(6))",mae_b16,mixer_b16,0.22637003837003838,0.21719863613318177,random,0.26681792528577947,0.09372558593750002,0.3123943435551325,0.2534295133673096,0.259366948421907,0.29532633462379326
"(np.int64(2), np.int64(3), np.int64(6))",mae_b16,siglip_b16,0.3787512667512668,0.40499315477701714,seen,0.388197250855771,0.09433593750000001,0.4826473106695531,0.2633228943749229,0.2753153239957555,0.34963236517637103
"(np.int64(2), np.int64(3), np.int64(6))",mae_b16,siglip_b16,0.3787512667512668,0.40499315477701714,seen_heldout,0.3070949486186237,0.088037109375,0.46340559005855486,0.26223104307320655,0.2734746905045212,0.3439395450148158
"(np.int64(2), np.int64(3), np.int64(6))",mae_b16,siglip_b16,0.3787512667512668,0.40499315477701714,random,0.34241421699246727,0.0882080078125,0.4626866676346807,0.2617756353765103,0.2731086454760719,0.3443522183436827
"(np.int64(2), np.int64(3), np.int64(6))",deit_b16,swin_b,0.5030522390522392,0.2809289121032124,seen,0.24630202590106023,0.1140380859375,0.2297980589115124,0.3132553004250895,0.32392633929613923,0.40020343586714746
"(np.int64(2), np.int64(3), np.int64(6))",deit_b16,swin_b,0.5030522390522392,0.2809289121032124,seen_heldout,0.26841122660812694,0.113671875,0.21973433734661946,0.31269015106087084,0.32185218578493324,0.3906603969124194
"(np.int64(2), np.int64(3), np.int64(6))",deit_b16,swin_b,0.5030522390522392,0.2809289121032124,random,0.2559865205012873,0.117822265625,0.19896320925212413,0.31359585202569973,0.323238464854068,0.396037938173
"(np.int64(2), np.int64(3), np.int64(6))",deit_b16,resnet50,0.6637120957120958,0.38145562016173545,seen,0.426226777201317,0.21291503906250003,-0.04852914102335815,0.3652425454767912,0.3739590630320937,0.4170368046248404
"(np.int64(2), np.int64(3), np.int64(6))",deit_b16,resnet50,0.6637120957120958,0.38145562016173545,seen_heldout,0.39483027852767005,0.21030273437500002,-0.12938883647006394,0.3617656579607717,0.37002392148482055,0.4091727455652235
"(np.int64(2), np.int64(3), np.int64(6))",deit_b16,resnet50,0.6637120957120958,0.38145562016173545,random,0.3929243102686195,0.215283203125,-0.1414692219629729,0.3630265704849878,0.37143055081256393,0.41259075345721336
"(np.int64(2), np.int64(3), np.int64(6))",deit_b16,mixer_b16,0.5487257847257848,0.3142126042458449,seen,0.36182244338811503,0.199267578125,0.3280250006416077,0.30128973423609245,0.30992587982959985,0.4151635741159549
"(np.int64(2), np.int64(3), np.int64(6))",deit_b16,mixer_b16,0.5487257847257848,0.3142126042458449,seen_heldout,0.3545000519910527,0.19191894531250003,0.3001628683051601,0.30175157018157694,0.30923523317981677,0.4052720164124192
"(np.int64(2), np.int64(3), np.int64(6))",deit_b16,mixer_b16,0.5487257847257848,0.3142126042458449,random,0.34743566535718273,0.19545898437500003,0.2871842085633796,0.30169643431207704,0.30937159886519305,0.4084702489256549
"(np.int64(2), np.int64(3), np.int64(6))",deit_b16,siglip_b16,0.22876356076356077,0.2963882529320281,seen,0.3391481254462064,0.172802734375,0.3664353184294996,0.28103520391604814,0.29108924017985743,0.39134865979135913
"(np.int64(2), np.int64(3), np.int64(6))",deit_b16,siglip_b16,0.22876356076356077,0.2963882529320281,seen_heldout,0.2839817605228351,0.17751464843750003,0.3422605888793651,0.27939673253527597,0.2886722055287999,0.38328970825183234
"(np.int64(2), np.int64(3), np.int64(6))",deit_b16,siglip_b16,0.22876356076356077,0.2963882529320281,random,0.2951671310951551,0.1805908203125,0.3221346354819295,0.2798275113599455,0.2892114075578704,0.38710138566357727
"(np.int64(2), np.int64(3), np.int64(6))",swin_b,resnet50,0.38508496908496914,0.11699739299971032,seen,0.18166659067685154,0.10009765625,-0.3861203318684947,0.3955146367448946,0.3975110399011404,0.3702798251012269
"(np.int64(2), np.int64(3), np.int64(6))",swin_b,resnet50,0.38508496908496914,0.11699739299971032,seen_heldout,0.16094524246194358,0.0979248046875,-0.4421129245353459,0.3921113562045273,0.3950131198536668,0.3710889340170232
"(np.int64(2), np.int64(3), np.int64(6))",swin_b,resnet50,0.38508496908496914,0.11699739299971032,random,0.16450301824878447,0.0982666015625,-0.4587342244956484,0.39394112671881704,0.3967757658789979,0.3732539274605208
"(np.int64(2), np.int64(3), np.int64(6))",swin_b,mixer_b16,0.4561385401385402,0.3935422161713574,seen,0.17013539591594154,0.0938232421875,0.11694400370296376,0.2884140134090455,0.294710318760252,0.3449529626450116
"(np.int64(2), np.int64(3), np.int64(6))",swin_b,mixer_b16,0.4561385401385402,0.3935422161713574,seen_heldout,0.18432042418811123,0.0916259765625,0.11195723634965193,0.2872701673163163,0.29280088077184946,0.34213769992046955
"(np.int64(2), np.int64(3), np.int64(6))",swin_b,mixer_b16,0.4561385401385402,0.3935422161713574,random,0.1828463741173474,0.0963134765625,0.09289156753624705,0.28839520311025485,0.2941565072920966,0.34502905205884216
"(np.int64(2), np.int64(3), np.int64(6))",swin_b,siglip_b16,0.09576297576297578,-0.059038804782089414,seen,0.15789842885037816,0.094091796875,0.2226476516221102,0.28268100909691574,0.291051101260362,0.35978789501576297
"(np.int64(2), np.int64(3), np.int64(6))",swin_b,siglip_b16,0.09576297576297578,-0.059038804782089414,seen_heldout,0.1289247514155271,0.0927978515625,0.2102806788445673,0.28163913556935954,0.2893791737015749,0.3578279624893185
"(np.int64(2), np.int64(3), np.int64(6))",swin_b,siglip_b16,0.09576297576297578,-0.059038804782089414,random,0.14217026903011634,0.09658203125,0.19547271448127895,0.2817337920266899,0.2896947482412504,0.3623701818645578
"(np.int64(2), np.int64(3), np.int64(6))",resnet50,mixer_b16,0.6239448479448481,0.4398584244287137,seen,0.40408606947689524,0.18823242187500003,-0.20403022478513716,0.3596666094021536,0.3655906906289013,0.3979864155694112
"(np.int64(2), np.int64(3), np.int64(6))",resnet50,mixer_b16,0.6239448479448481,0.4398584244287137,seen_heldout,0.34384737494665985,0.1811767578125,-0.26682695856712824,0.35768703082317166,0.3638815521716652,0.39697972455049746
"(np.int64(2), np.int64(3), np.int64(6))",resnet50,mixer_b16,0.6239448479448481,0.4398584244287137,random,0.3610188142332274,0.1882080078125,-0.27542387398488294,0.3579413969957908,0.3640597469147362,0.3981039862378421
"(np.int64(2), np.int64(3), np.int64(6))",resnet50,siglip_b16,0.28602203802203807,0.45402301133589007,seen,0.6578560438760914,0.17646484375,-0.02026044563004631,0.3469823228358895,0.35132719307995375,0.36943614319993384
"(np.int64(2), np.int64(3), np.int64(6))",resnet50,siglip_b16,0.28602203802203807,0.45402301133589007,seen_heldout,0.558879079718141,0.184326171875,-0.06060325009310302,0.34878097958784354,0.3538279252593282,0.3739193252104649
"(np.int64(2), np.int64(3), np.int64(6))",resnet50,siglip_b16,0.28602203802203807,0.45402301133589007,random,0.6047101194502988,0.1853515625,-0.06586597937578054,0.34719197311236305,0.35227183405301477,0.373929365996835
"(np.int64(2), np.int64(3), np.int64(6))",mixer_b16,siglip_b16,0.18530947730947733,0.2025689309521034,seen,0.3423675187241175,0.1289306640625,0.24835253658541645,0.2558929226578725,0.26188350753962647,0.33151681485819073
"(np.int64(2), np.int64(3), np.int64(6))",mixer_b16,siglip_b16,0.18530947730947733,0.2025689309521034,seen_heldout,0.266377535949529,0.1290771484375,0.22940978332197676,0.2550342548500239,0.26066894074943336,0.3301588052345585
"(np.int64(2), np.int64(3), np.int64(6))",mixer_b16,siglip_b16,0.18530947730947733,0.2025689309521034,random,0.29758802899293235,0.132470703125,0.2179186166985067,0.2543862231169515,0.2600881435252944,0.331733616108214
