encoder,accuracy,au_vs_human,au_vs_human_ceiling_norm,mi_vs_human
dinov2_b,0.9779,0.3583515238737517,0.5128032238910496,0.36325829935820303
clip_b16,0.9467,0.4000190588128378,0.5724297214077283,0.39582499333177334
vit_sup_b16,0.9746,0.34114489950509647,0.4881804391093745,0.34547223852099057
convnext_s,0.9633,0.3321432706672039,0.4752990531494582,0.3367740888037895
mae_b16,0.8441,0.3327990795499071,0.47623751967436984,0.3183127153511346
deit_b16,0.9395,0.33347708359194544,0.4772077476081316,0.3384553842510581
swin_b,0.9427,0.33982444429358527,0.4862908596200872,0.34780189931746375
resnet50,0.8994,0.3471502557019251,0.49677414058176655,0.3410297826774772
mixer_b16,0.8733,0.28629580608499655,0.40969105073094597,0.2859604170847082
siglip_b16,0.9441,0.4364720397819443,0.6245941602786025,0.43178679672439146
