a,b,R_au,R_mi,R_width,R_eu_gauss,function_agreement,function_tv,cka,mknn,predictivity,cca_type,smoother_001,smoother_1
dinov2_b,clip_b16,0.6037257781452579,0.6059478793418617,0.6057117305131173,0.3131323419233234,0.946,0.9287329912185669,0.6486038347875187,0.19273681640625,0.5294779250830555,0.20890097649494763,0.22178313968589172,0.37235378746243275
dinov2_b,vit_sup_b16,0.6545408360433356,0.656645931673194,0.6551715512757155,0.6063825470198255,0.9713,0.9604954123497009,0.83601384839812,0.29140625000000003,0.5727888116685234,0.2543535516957708,0.2652965896432463,0.4444560180392089
dinov2_b,convnext_s,0.5632514226525143,0.5748843705148553,0.5696868773728688,0.6697410456614105,0.9597,0.9484448432922363,0.6968500957508578,0.18320312500000002,0.47588028848372477,0.2237303920998545,0.23237149561144596,0.3570191002315346
dinov2_b,mae_b16,0.4336066844213677,0.44539489246876557,0.44129693547296933,0.17471404140714042,0.845,0.7959849834442139,0.3206083985039865,0.07315673828125001,0.4696696758048391,0.18226956522388996,0.19570892938531506,0.28603298542499483
dinov2_b,deit_b16,0.5702290885137122,0.580488119515393,0.5769123605491236,0.6223707386957075,0.939,0.9197843074798584,0.3479261015613631,0.18544921875000003,0.4367110485275293,0.22029407302578305,0.22846954999819788,0.3549232911212321
dinov2_b,swin_b,0.4969064403085552,0.5161577738628939,0.5088503937485039,0.46244952436049525,0.94,0.9222355484962463,0.1303328324576715,0.08527832031250002,0.33732431471945845,0.20579595084584143,0.21309153921067875,0.319978523535266
dinov2_b,resnet50,0.4649000490290005,0.4830475844044891,0.4753283598132836,0.4731541886795419,0.9006,0.8783077001571655,0.6428820393493198,0.14942626953125002,0.30850445009047395,0.21910758119971072,0.22495262916711334,0.30094041124784243
dinov2_b,mixer_b16,0.436047105496471,0.4520020256801387,0.444764403811644,0.46638437703184377,0.8743,0.8423148393630981,0.2906708474095157,0.11899414062500001,0.30801327116657135,0.17883873854878612,0.18322800998628308,0.2768100708303968
dinov2_b,siglip_b16,0.5469490688254907,0.5643723198749031,0.5571437749834377,0.18817591781775916,0.9429,0.9261034727096558,0.6470115386304839,0.18203125,0.5017037240387945,0.2051798852763151,0.2150317779296784,0.3792402071788703
clip_b16,vit_sup_b16,0.5825907941614036,0.5851422267545975,0.5835432684274328,0.36950452540704526,0.9432,0.9255958795547485,0.6308168350069205,0.18670654296875003,0.5243425748677524,0.21170230981066746,0.2240961751534695,0.3706065111049129
clip_b16,convnext_s,0.5313693983736939,0.535610051213835,0.5330919568109196,0.3078208918502089,0.9373,0.919684648513794,0.5250298668212856,0.1416748046875,0.45954584498281414,0.196434054377242,0.2075531874529095,0.32315134389597067
clip_b16,mae_b16,0.5334855143664556,0.5210733732310935,0.5216886149968862,0.3032434113684341,0.8403,0.7986001372337341,0.43062678751687417,0.07922363281250001,0.5257519300058334,0.17559176642577703,0.19211246512930263,0.2859514938723
clip_b16,deit_b16,0.5860851793883683,0.5854098422793655,0.5862243557222436,0.3393873898418739,0.9232,0.9016804099082947,0.3168746485210927,0.15469970703125002,0.4540459372529777,0.2044714717392415,0.21596764483825756,0.3313078908972514
clip_b16,swin_b,0.508582636541352,0.5208064574731738,0.5161399328293993,0.17229518685095185,0.9228,0.9014328122138977,0.11082791529690693,0.07354736328125,0.35540937213329604,0.18703136907997744,0.19622602578434856,0.29621853694285466
clip_b16,resnet50,0.5460195187441952,0.5428840067563949,0.543119205559192,0.33768502482485024,0.8915,0.869491457939148,0.5492918991735153,0.1365966796875,0.3550392123550042,0.21328967484794636,0.22117270114465232,0.29149267597878814
clip_b16,mixer_b16,0.49927359441673597,0.4978426599491739,0.4958452934064529,0.2366104692861047,0.8666,0.834952712059021,0.2663315525771312,0.10635986328125002,0.3586942881786689,0.17166798579875353,0.17878266719440242,0.26915372020940626
clip_b16,siglip_b16,0.6929806676098067,0.6884768432611615,0.691323695245237,0.5188353729043537,0.9354,0.9179415702819824,0.625488363537705,0.20318603515625003,0.5759337602373295,0.21884563092153012,0.23480367799931604,0.4281946500394128
vit_sup_b16,convnext_s,0.659790340741862,0.6700646513229084,0.6652473243284732,0.6063710946517109,0.9591,0.948494017124176,0.7304629190420883,0.25029296874999996,0.530226146768672,0.25563535592575926,0.26560374056158037,0.41999531774343235
vit_sup_b16,mae_b16,0.4535255872413376,0.4527848211098923,0.45073426368734265,0.246039099132391,0.8438,0.7959816455841064,0.32118363985322995,0.068017578125,0.477297157229275,0.18509763769968146,0.1987397765090713,0.27597225997841673
vit_sup_b16,deit_b16,0.6677645596576588,0.6690062681167317,0.6666047580540475,0.6890662566506626,0.9409,0.9232967495918274,0.3690262170583308,0.22644042968750003,0.502565120322508,0.25779518412386815,0.2678839676818878,0.4164169935015371
vit_sup_b16,swin_b,0.5843899848051594,0.6001692155007439,0.5933568307015683,0.3826020116860201,0.9437,0.9254940748214722,0.1328884072775066,0.09952392578125001,0.38962718535199703,0.22957870469124583,0.23849835177294162,0.3639376157714674
vit_sup_b16,resnet50,0.5209769708088956,0.5259934872157537,0.5232782172247822,0.5300192251401923,0.9021,0.8800883889198303,0.6603286806595065,0.16734619140625,0.3470761665558975,0.228111040212254,0.23630290233908152,0.32994733275431276
vit_sup_b16,mixer_b16,0.530651903651703,0.5365651713860273,0.5306374335263743,0.39124443060044434,0.8765,0.8458532094955444,0.3187993783834481,0.14310302734375002,0.37067172772766327,0.197473670651874,0.20281929892114492,0.3165602231720106
vit_sup_b16,siglip_b16,0.5710854154402806,0.5811599976712735,0.5772074198880742,0.24062781413427814,0.9418,0.924746572971344,0.6417282026078552,0.19093017578125002,0.5096625292620096,0.21367597950209422,0.22340292246497329,0.3886278135648302
convnext_s,mae_b16,0.4538878861842405,0.45541843889703076,0.45335077952150776,0.15072773103127732,0.8416,0.7943294644355774,0.26804613531773336,0.05570068359375,0.4241496012213499,0.1742703808119533,0.18663696579577566,0.2478762822894956
convnext_s,deit_b16,0.6219744841694766,0.6272430679749288,0.6237368750013688,0.6484465650044656,0.9351,0.9182891249656677,0.4185640426490696,0.19552001953125003,0.4586132077625551,0.2443063105479975,0.25405718608720995,0.38381667419666227
convnext_s,swin_b,0.6116081115159159,0.620836245653471,0.6166278720822786,0.5530722863387229,0.9414,0.9246387481689453,0.15336909769861434,0.09713134765625,0.37611663157142095,0.2417616096635338,0.2515595412838553,0.3712243157296696
convnext_s,resnet50,0.5565010432650104,0.5619526780175882,0.5591648229836483,0.5747203539592035,0.8995,0.8799501657485962,0.584293022869073,0.16710205078125,0.33770093032052007,0.23861571887093447,0.2479442536137228,0.3393617264850787
convnext_s,mixer_b16,0.5301318312813184,0.5332539400647694,0.5292237236642373,0.5566727075987271,0.8736,0.8457172513008118,0.29608552256954535,0.12801513671875,0.3432665005598461,0.19998122245407404,0.20553623980929867,0.3063301174035605
convnext_s,siglip_b16,0.5334380309343804,0.5462271118878732,0.5412225557282255,0.2028853565288536,0.9352,0.91803377866745,0.5467117076105694,0.16024169921875,0.45816390559727715,0.20229418192889304,0.2114646885266113,0.34951364798365797
mae_b16,deit_b16,0.5430085468609724,0.5486640747510655,0.5428340303203403,0.21219100739791008,0.8389,0.8018767833709717,0.22708271082955056,0.08310546875,0.4986549751360772,0.19875641898836643,0.21518472710735137,0.3049534330156033
mae_b16,swin_b,0.47043660621318867,0.4705749349026866,0.4676879275288793,-0.07534310342143104,0.8363,0.7961357235908508,0.10865759729045364,0.04799804687499999,0.42984945316884354,0.1759468879191687,0.18671764804854293,0.2696733267958178
mae_b16,resnet50,0.5850505223362604,0.5784895524478473,0.5762765255907653,0.32882426008824256,0.829,0.7988588809967041,0.37794777880473607,0.08765869140625002,0.42123249627991677,0.2112159704676919,0.2182773913676931,0.27439992937743535
mae_b16,mixer_b16,0.5441133991867663,0.543320339679512,0.5376236836682369,0.19008229793282297,0.8109,0.7817367315292358,0.2580319354122259,0.08177490234375,0.41999854801355585,0.17323755777296676,0.18355763280670756,0.2653155978568766
mae_b16,siglip_b16,0.556312811642797,0.5453673132486341,0.5460724712527247,0.39606645092466447,0.8413,0.8020922541618347,0.33933066575363724,0.07769775390625,0.5472615026827565,0.18260396568482126,0.19859791019599404,0.32263529383001427
deit_b16,swin_b,0.5825323371285662,0.5873932033274409,0.5850464719384648,0.48224935868249363,0.9234,0.9038044214248657,0.24469238380609798,0.09880371093750001,0.3535493476997147,0.2267340898848289,0.235986859890335,0.35336823977250315
deit_b16,resnet50,0.6421420020052729,0.6481788463094454,0.6441453460774534,0.5755711695677117,0.8971,0.8794072866439819,0.3900062189194355,0.19088134765625,0.3405854762071463,0.2406593291573974,0.25085261126298836,0.35952650810287234
deit_b16,mixer_b16,0.6564455802463944,0.6599394009317777,0.6556319410003194,0.5083024271470243,0.8788,0.8545019030570984,0.34403818807305603,0.181689453125,0.41305911334470974,0.23047015122865963,0.2378519975425452,0.3698245325358387
deit_b16,siglip_b16,0.5719826583232585,0.5830403285652191,0.5767317255073172,0.1676182322361823,0.9194,0.899353563785553,0.2911092720820714,0.15693359375,0.4434833128198911,0.20565545183198053,0.21498212758972537,0.35361867349002435
swin_b,resnet50,0.5332244711278444,0.5394903686053768,0.5366335833503358,0.350583501721835,0.8922,0.8710861206054688,0.16255135380700597,0.08260498046875,0.1843435461737174,0.2390743169006947,0.24582944527873204,0.3090733827024902
swin_b,mixer_b16,0.5181716962732714,0.518145885387834,0.5152005359800053,0.4752130170961301,0.8699,0.8413597345352173,0.18168839334186837,0.08256835937500001,0.28067589818942174,0.1936761225228927,0.19922200344964272,0.29504742611530965
swin_b,siglip_b16,0.5259310969548888,0.5464819665738424,0.5384222849002228,0.026914487417144875,0.9202,0.9020628333091736,0.1406483322628939,0.08035888671875,0.3517604484550336,0.19110625572585233,0.19924485078452198,0.32262897467903345
resnet50,mixer_b16,0.6274974252349742,0.6289338409210582,0.6246424162864243,0.5816362197803623,0.8651,0.8422484397888184,0.3538682256207093,0.16220703125,0.2616022414470064,0.23065847557591593,0.23838151903583865,0.33669035934659347
resnet50,siglip_b16,0.556561900653619,0.5574106224757414,0.5551949482999494,0.2933177869251779,0.8911,0.8714394569396973,0.6025020774932436,0.15723876953125002,0.35638754068992856,0.21734369506176865,0.2253789818388175,0.3237087743905628
mixer_b16,siglip_b16,0.5213667209816673,0.5252318522495877,0.520416294488163,0.1983726201997262,0.8657,0.8355952501296997,0.2910123480307226,0.11817626953125002,0.35413338408547246,0.17517217829385354,0.18097380060351104,0.2932607209789889
