a,b,R_eu,cka_class,mknn_class,predictivity_class,cca_type_class,cka_resid,mknn_resid,predictivity_resid,cca_type_resid
dinov2_b,clip_b16,0.304528660132165,0.7232940196758959,0.04464111328125,0.7812584596396691,0.687286202320592,0.35300391311795265,0.18431396484375,0.2942433134346154,0.20069144866962296
dinov2_b,vit_sup_b16,0.5952533208133302,0.8863615193301452,0.06846923828125001,0.8869249606632008,0.7812332552230788,0.4989926138176861,0.27701416015625,0.357976325199875,0.24621281481196178
dinov2_b,convnext_s,0.6737365714341429,0.7842203011531821,0.04161376953125,0.827279646341111,0.7292920301929156,0.3351045619248061,0.16900634765625,0.2509246340331755,0.21538308913086657
dinov2_b,mae_b16,0.18168447492111875,0.340549846394306,0.0222412109375,0.42672891491016457,0.32803654931271753,0.15342789361802664,0.06773681640625,0.25662445242245074,0.17506829040441893
dinov2_b,deit_b16,0.6199499434874858,0.3790508619728362,0.03873291015625,0.6717650663431175,0.6567739344506485,0.30725681861039833,0.189697265625,0.24646437156294798,0.21227538642247215
dinov2_b,swin_b,0.4867632226908057,0.13846112109958444,0.02606201171875,0.5032806687048037,0.6059960512254867,0.13406692101311424,0.08096923828125,0.15466283321459512,0.19869416808852788
dinov2_b,resnet50,0.4744225291056323,0.7345966739950978,0.03966064453125,0.7253681477612447,0.6154320212074175,0.3114722434026556,0.13565673828125002,0.07561925686726434,0.21441136026884244
dinov2_b,mixer_b16,0.46691178872794714,0.3663369470958426,0.02935791015625,0.5684392920573282,0.5467322158599611,0.1669980756153119,0.11556396484375,0.1290582801634001,0.17109312167081095
dinov2_b,siglip_b16,0.21280705420176355,0.7465158580491617,0.046923828125,0.7786321836372013,0.6832396484384683,0.3380448327779806,0.16904296875000002,0.2872052588627207,0.19702037046478682
clip_b16,vit_sup_b16,0.370632244158061,0.7006948634235004,0.03857421875,0.7665081146036427,0.6753408140387228,0.3237863935006831,0.18272705078125,0.2741304990821918,0.2035371575309366
clip_b16,convnext_s,0.3112037233009308,0.6164613923966124,0.02977294921875,0.7091371983288899,0.6308403797926486,0.22794860106706769,0.1380859375,0.2163927977388665,0.1881646985122783
clip_b16,mae_b16,0.3022168340542085,0.46052528901969536,0.02659912109375,0.529538022716252,0.3627979951276158,0.19501541368438036,0.070068359375,0.28530106226823726,0.16830459301747794
clip_b16,deit_b16,0.35203195450798863,0.36873069700018296,0.03499755859374999,0.612948001730473,0.6001477652702135,0.2408846129327727,0.16107177734375,0.2432113665355889,0.19645264250141972
clip_b16,swin_b,0.20433177458294366,0.12651835823375848,0.021386718750000002,0.4634219478958211,0.5440071017525495,0.10180562055222142,0.06992187500000001,0.14845479849899457,0.17996602049610724
clip_b16,resnet50,0.33847412011853,0.6449852247200365,0.0336181640625,0.7017109391583969,0.5879199295879726,0.27056551833423975,0.12857666015625,0.1000251427328464,0.2086122663255536
clip_b16,mixer_b16,0.2447547536886884,0.33870680550063365,0.02701416015625,0.546837279598868,0.5170106274153992,0.1669678836262275,0.10494384765625,0.15221276133452433,0.16397326617827598
clip_b16,siglip_b16,0.49917752129438026,0.7186964011695293,0.051953125,0.7945876680790452,0.6900675370984922,0.39103470709203236,0.19627685546875,0.35877961950177645,0.21081806774324618
vit_sup_b16,convnext_s,0.587482499870625,0.8025865662313815,0.04459228515625,0.8417922854640846,0.7445461097129069,0.40502295606517746,0.2462890625,0.31294715921031346,0.24755259580666608
vit_sup_b16,mae_b16,0.24400527700131924,0.3398995424822356,0.017919921875,0.4166250659671215,0.3177443835391446,0.14996347115092085,0.06300048828125,0.24960237885335412,0.1779424369197964
vit_sup_b16,deit_b16,0.68169272042318,0.40673848423238873,0.04017333984375,0.6869230923213472,0.6765126149847451,0.3406163520308976,0.24385986328125,0.3138582940941307,0.2500381347456099
vit_sup_b16,swin_b,0.38886465421616356,0.1466398454612032,0.0240234375,0.49601984328857585,0.6104154382105393,0.13848534553347375,0.09855957031250001,0.20228318846787213,0.22261892036317155
vit_sup_b16,resnet50,0.5002077170519292,0.7405403433290512,0.03651123046875,0.7249021452745559,0.6169089039065507,0.34484382421396415,0.1595703125,0.1060475557211557,0.2234058123113104
vit_sup_b16,mixer_b16,0.3660698970174743,0.3889039708475518,0.03175048828125,0.5803842733217907,0.5639948224779031,0.21796709493799837,0.14405517578125004,0.1806881213905131,0.18979003102334113
vit_sup_b16,siglip_b16,0.24910268477567116,0.7446636083070655,0.040966796875,0.768506729429205,0.68136209604125,0.3130324836582859,0.18316650390625,0.2853911137732976,0.20558869799605137
convnext_s,mae_b16,0.14889702572425642,0.29983444731937225,0.0168701171875,0.3965273736760367,0.30842337562832184,0.11388610638969457,0.0490234375,0.2062526231352642,0.1670741214214397
convnext_s,deit_b16,0.6491793752948438,0.44918283579687013,0.037817382812499994,0.710281952491819,0.6819179816542745,0.3483052165689595,0.2079345703125,0.279264913852364,0.23645495065362937
convnext_s,swin_b,0.5808520722130182,0.16436485778858137,0.02430419921875,0.5215007734998129,0.6254105480953763,0.14502571352077934,0.09613037109375,0.20718303742412653,0.23483589484384854
convnext_s,resnet50,0.5835100698775174,0.67499211259356,0.0353759765625,0.717926790303386,0.6212668967964916,0.3093670791583967,0.1600830078125,0.12348759619606742,0.2339864641546239
convnext_s,mixer_b16,0.5491211137802784,0.3794909060067679,0.02626953125,0.5590710931291503,0.5452271442804564,0.1739588608103683,0.1279052734375,0.1697648908174325,0.19235393673584159
convnext_s,siglip_b16,0.21719774429943609,0.659016459511389,0.03167724609375,0.7124444692329066,0.63643174067438,0.24936126215649287,0.15191650390625,0.24256703321527012,0.19412757514456686
mae_b16,deit_b16,0.1985937631484408,0.2452871561230423,0.02061767578125,0.4088988403330501,0.33538548521857825,0.16246960917687275,0.078515625,0.3047129704042117,0.1916893860393427
mae_b16,swin_b,-0.026799225699806424,0.10720309337918012,0.015771484375,0.3338417270714092,0.330984312090259,0.12705696351472334,0.04473876953125,0.2296618607388392,0.1697694346660779
mae_b16,resnet50,0.3098636574659144,0.4042077606699814,0.025500488281249997,0.5308091185465551,0.3927853177016129,0.22259966930610228,0.07620849609375001,0.1875153070980945,0.20685939537113135
mae_b16,mixer_b16,0.23445662861415711,0.26544516181307926,0.02193603515625,0.4788169416234384,0.34986872929649626,0.21696153063573623,0.07237548828125,0.22160855402088564,0.1662284003208851
mae_b16,siglip_b16,0.41715048678762173,0.36754226223537306,0.022631835937500004,0.49354252178584457,0.3593291707512409,0.1909126805284153,0.0697265625,0.32762531124463823,0.1753030369049338
deit_b16,swin_b,0.4779797949949487,0.256050645647849,0.026416015625,0.4935156923689006,0.5847829998131918,0.21651844727730574,0.10113525390625,0.20108643462027925,0.21999996411650918
deit_b16,resnet50,0.5663560835890208,0.4030119728909491,0.04261474609375,0.6747204924428492,0.6189956438892775,0.3853000710736048,0.19876708984375002,0.1597330487512688,0.23610635928592608
deit_b16,mixer_b16,0.5001089615272404,0.4057150808486941,0.039575195312500006,0.5807981675056326,0.58767701790022,0.29569616057319104,0.19190673828125002,0.26311850530762804,0.2230507585133081
deit_b16,siglip_b16,0.19538361384590344,0.3245304147481618,0.03271484375,0.5956832084176706,0.5933125671126256,0.24857299153016815,0.16304931640625,0.2584758042904987,0.19775727258907716
swin_b,resnet50,0.3855024483756121,0.1597159851955588,0.0238037109375,0.49771700132501545,0.5583049593131295,0.173926739328505,0.0802001953125,0.010634926030166247,0.23508169204852064
swin_b,mixer_b16,0.48974073843518456,0.19011464271505665,0.023876953125,0.4437243587832167,0.5047336439458984,0.1828329806622796,0.07902832031250001,0.12654879967550448,0.1871546215141981
swin_b,siglip_b16,0.0832129348032337,0.147142074411898,0.02265625,0.4666207931860276,0.5508317589541335,0.1387980995349842,0.07470703125000001,0.17306405804609648,0.18412801183482355
resnet50,mixer_b16,0.6099964299991075,0.4351565700633171,0.04071044921875,0.638259327666869,0.6032533520179434,0.2667543344493543,0.16153564453125002,0.09350634826184384,0.22612502401315968
resnet50,siglip_b16,0.32225297656324414,0.7172402720729227,0.0376708984375,0.7138242271592875,0.6017558550772124,0.3239351457190846,0.146533203125,0.13331814754122812,0.21265059759119884
mixer_b16,siglip_b16,0.25630241507560375,0.38562847799612743,0.027185058593750002,0.5522569499807443,0.5231213120793663,0.16550889482820108,0.11701660156250002,0.1702613623341559,0.16749231182248375
