encoder,share,d,k_cka,k_eu
dinov2_b,0.5,768,2,379
dinov2_b,0.9,768,10,685
dinov2_b,0.99,768,82,757
clip_b16,0.5,768,1,379
clip_b16,0.9,768,6,688
clip_b16,0.99,768,35,760
vit_sup_b16,0.5,768,2,383
vit_sup_b16,0.9,768,9,690
vit_sup_b16,0.99,768,71,761
convnext_s,0.5,768,3,382
convnext_s,0.9,768,11,690
convnext_s,0.99,768,94,761
mae_b16,0.5,768,1,367
mae_b16,0.9,768,4,676
mae_b16,0.99,768,12,757
deit_b16,0.5,768,1,382
deit_b16,0.9,768,3,690
deit_b16,0.99,768,59,761
swin_b,0.5,1024,1,509
swin_b,0.9,1024,1,919
swin_b,0.99,1024,6,1014
resnet50,0.5,2048,2,1000
resnet50,0.9,2048,12,1815
resnet50,0.99,2048,88,2014
mixer_b16,0.5,768,1,383
mixer_b16,0.9,768,3,691
mixer_b16,0.99,768,57,761
siglip_b16,0.5,768,2,382
siglip_b16,0.9,768,7,690
siglip_b16,0.99,768,38,761
