encoder,share_W,R_full_vs_W,R_full_vs_B
dinov2_b,0.998570307704547,0.9989385652346413,0.09222170755542689
clip_b16,0.9971145886561414,0.998316836079209,0.10623750255937563
vit_sup_b16,0.9994558459775014,0.9996994329248581,-0.02831431307857827
convnext_s,0.9995898621616296,0.9998017509504377,-0.048715152178788045
mae_b16,0.9434168245475061,0.968265276566319,0.22538881434720354
deit_b16,0.9984298269961224,0.9993283193320799,-0.06344411486102872
swin_b,0.999346164618576,0.9996831519207879,-0.07191895497973874
resnet50,0.9995599128247805,0.9996687744171936,0.12994978448744612
mixer_b16,0.999341875421035,0.9996853944213485,-0.2678729484682371
siglip_b16,0.9991384382224011,0.9995947913986979,0.18095758373939594
