seed,view,prior,fraction,mean_eu,mean_au,eu_au_rank,mean_eu_id,mean_eu_heldout,max_increase,monotonic_pass,noise_condition,head
0,clip_b16|2,0.1,0.1,0.03574032156528786,0.517,0.4671609064576697,0.035347551539674955,0.039555801814098866,0.0,True,heteroscedastic,rbf
0,convnext_s|2,0.1,0.1,0.037654079896347975,0.517,0.2089864354965741,0.03769700046935985,0.03723713718708972,0.0,True,heteroscedastic,rbf
0,dinov2_b|2,0.1,0.1,0.03673380504852692,0.517,0.17977078791191917,0.03658029247340496,0.03822507006399726,0.0,True,heteroscedastic,rbf
0,mae_b16|2,0.1,0.1,0.031044279859282032,0.517,0.23474792131263383,0.030872690339667285,0.03271114947839669,0.0,True,heteroscedastic,rbf
0,vit_sup_b16|2,0.1,0.1,0.0377823946976485,0.517,0.2863480809172358,0.037062127587296545,0.04477927519821023,0.0,True,heteroscedastic,rbf
0,clip_b16|2,0.1,0.25,0.029822796921225542,0.517,0.4948134975995525,0.029580736123099298,0.03217424467445194,-0.00219907375649403,True,heteroscedastic,rbf
0,convnext_s|2,0.1,0.25,0.032558891489173236,0.517,0.2514205233688702,0.03247883555870152,0.03333657767089849,-0.0015589601699072253,True,heteroscedastic,rbf
0,dinov2_b|2,0.1,0.25,0.03131756333186487,0.517,0.25618688066966927,0.03122604623554151,0.0322065865532918,-0.0019870335555969565,True,heteroscedastic,rbf
0,mae_b16|2,0.1,0.25,0.02448805884522893,0.517,0.29277397962641016,0.0244171899824628,0.02517649922638559,-0.0031214184025753627,True,heteroscedastic,rbf
0,vit_sup_b16|2,0.1,0.25,0.032432965367657045,0.517,0.33306610126231484,0.031687384621726766,0.03967574975669401,-0.001986163852772657,True,heteroscedastic,rbf
0,clip_b16|2,0.1,1.0,0.022027464661795962,0.517,0.4709045231230747,0.02172936973194489,0.024923243980349265,-0.00387174958488562,True,heteroscedastic,rbf
0,convnext_s|2,0.1,1.0,0.025313223926751657,0.517,0.20794439786805935,0.025043837936384917,0.0279301164046,-0.0034671446131005063,True,heteroscedastic,rbf
0,dinov2_b|2,0.1,1.0,0.02372285743384897,0.517,0.2358864439067518,0.02353899626761915,0.025508937334367227,-0.003749585725221549,True,heteroscedastic,rbf
0,mae_b16|2,0.1,1.0,0.017229270407616407,0.517,0.32988209739740854,0.017181756127198047,0.017690837703109093,-0.003985066026507639,True,heteroscedastic,rbf
0,vit_sup_b16|2,0.1,1.0,0.025099186439289507,0.517,0.30358029577397083,0.024291949897252266,0.032940912847651244,-0.0037565330014490694,True,heteroscedastic,rbf
0,clip_b16|2,1.0,0.1,0.2604231448139847,0.517,0.26869133221184655,0.2546534438881513,0.3164716680935086,0.0,True,heteroscedastic,rbf
0,convnext_s|2,1.0,0.1,0.294820998636953,0.517,0.040369309608387166,0.2923130473864267,0.3191839536420655,0.0,True,heteroscedastic,rbf
0,dinov2_b|2,1.0,0.1,0.28062249851212995,0.517,-0.0808929951617395,0.2765075427605923,0.32059635438421025,0.0,True,heteroscedastic,rbf
0,mae_b16|2,1.0,0.1,0.20758230996091412,0.517,0.2579236100505272,0.2060889894982651,0.22208885159807648,0.0,True,heteroscedastic,rbf
0,vit_sup_b16|2,1.0,0.1,0.2925213612805631,0.517,0.09627269867889272,0.28241108692405037,0.39073545502954404,0.0,True,heteroscedastic,rbf
0,clip_b16|2,1.0,0.25,0.20472740130627903,0.517,0.30906064182023374,0.20128784927893292,0.23814019242906945,-0.016154169631457327,True,heteroscedastic,rbf
0,convnext_s|2,1.0,0.25,0.24153446859813962,0.517,0.05399298675156181,0.23814063136594452,0.27450317313946415,-0.015886086263646848,True,heteroscedastic,rbf
0,dinov2_b|2,1.0,0.25,0.2243434359525502,0.517,0.006831135564707962,0.2214960537410706,0.2520037202926379,-0.011525450121107506,True,heteroscedastic,rbf
0,mae_b16|2,1.0,0.25,0.15746854514244857,0.517,0.29919987833558465,0.15686511867459713,0.1633304022587195,-0.015133461442768836,True,heteroscedastic,rbf
0,vit_sup_b16|2,1.0,0.25,0.2373440425946029,0.517,0.14293282804460983,0.22792010458324466,0.3288908689906545,-0.014585007228732128,True,heteroscedastic,rbf
0,clip_b16|2,1.0,1.0,0.1353763877001767,0.517,0.33897098115723184,0.132245263097306,0.1657930266994925,-0.035009196464141024,True,heteroscedastic,rbf
0,convnext_s|2,1.0,1.0,0.16494748301190942,0.517,0.038555392255046644,0.1619160280797776,0.19439590235261872,-0.03264415129103071,True,heteroscedastic,rbf
0,dinov2_b|2,1.0,1.0,0.14992022772792202,0.517,0.03268910634637087,0.147398821329396,0.17441388988503195,-0.03278966350597945,True,heteroscedastic,rbf
0,mae_b16|2,1.0,1.0,0.10161379244201547,0.517,0.2967298632161422,0.10111635914426206,0.10644600162019154,-0.02414279996106794,True,heteroscedastic,rbf
0,vit_sup_b16|2,1.0,1.0,0.16437911849946718,0.517,0.14719746352427215,0.1565946210793231,0.23999995058086673,-0.03246636726089691,True,heteroscedastic,rbf
0,clip_b16|2,10.0,0.1,2.149246355763584,0.517,-0.004496199397110043,2.089647940439123,2.728202390344065,0.0,True,heteroscedastic,rbf
0,convnext_s|2,10.0,0.1,2.523800961356948,0.517,-0.18173908121022486,2.4892490057217667,2.8594485303844244,0.0,True,heteroscedastic,rbf
0,dinov2_b|2,10.0,0.1,2.3634198658658754,0.517,-0.33846925933609506,2.3163323252799826,2.820841688700266,0.0,True,heteroscedastic,rbf
0,mae_b16|2,10.0,0.1,1.6337070897360122,0.517,0.15296726446734468,1.6180653302361614,1.7856556105917032,0.0,True,heteroscedastic,rbf
0,vit_sup_b16|2,10.0,0.1,2.500335169802287,0.517,-0.13561926765188578,2.3950657643816657,3.522952251031176,0.0,True,heteroscedastic,rbf
0,clip_b16|2,10.0,0.25,1.5964136962828446,0.517,0.0805842432718092,1.5638735605211636,1.9125178722534606,-0.14782329094952473,True,heteroscedastic,rbf
0,convnext_s|2,10.0,0.25,1.9621474472688964,0.517,-0.14777637331789148,1.9273768842180417,2.2999186311914905,-0.14922671451433622,True,heteroscedastic,rbf
0,dinov2_b|2,10.0,0.25,1.7824951647600042,0.517,-0.25962174544514394,1.754196614130959,2.0573953708707298,-0.13393784801850295,True,heteroscedastic,rbf
0,mae_b16|2,10.0,0.25,1.1779258818125882,0.517,0.1743097388587769,1.1698669462841678,1.2562126840886711,-0.12482600635019558,True,heteroscedastic,rbf
0,vit_sup_b16|2,10.0,0.25,1.9315966624328587,0.517,-0.08091229215486014,1.8393933714929123,2.827285774420911,-0.1489850873852685,True,heteroscedastic,rbf
0,clip_b16|2,10.0,1.0,0.9458831443648571,0.517,0.1383980346612585,0.9185743241098099,1.211168826842458,-0.31321360367199347,True,heteroscedastic,rbf
0,convnext_s|2,10.0,1.0,1.1933997711710305,0.517,-0.1568845540708354,1.171576926246308,1.4053931218683342,-0.28197001497739294,True,heteroscedastic,rbf
0,dinov2_b|2,10.0,1.0,1.066375467364996,0.517,-0.20302366462229515,1.0462863602976706,1.2615267931618708,-0.309758350151629,True,heteroscedastic,rbf
0,mae_b16|2,10.0,1.0,0.6888663606581428,0.517,0.1703924492552862,0.6833245321729136,0.7427012659432263,-0.19330131500890957,True,heteroscedastic,rbf
0,vit_sup_b16|2,10.0,1.0,1.1928717191235922,0.517,-0.06869729550949251,1.1270874624326201,1.831918784121606,-0.3059049696560461,True,heteroscedastic,rbf
0,clip_b16|2,0.1,0.1,0.02980318750399847,0.1,,0.02925421399573098,0.03513607301288265,0.0,True,homoscedastic,rbf
0,convnext_s|2,0.1,0.1,0.032804203254210185,0.1,,0.03271508810966625,0.03366989322977979,0.0,True,homoscedastic,rbf
0,dinov2_b|2,0.1,0.1,0.031333414309472674,0.1,,0.031079852028743832,0.033796590750838504,0.0,True,homoscedastic,rbf
0,mae_b16|2,0.1,0.1,0.025848527526424605,0.1,,0.02562401056294891,0.028029549457331365,0.0,True,homoscedastic,rbf
0,vit_sup_b16|2,0.1,0.1,0.032425997453879904,0.1,,0.031535870144695735,0.04107294845738323,0.0,True,homoscedastic,rbf
0,clip_b16|2,0.1,0.25,0.024435620899065497,0.1,,0.02403651167631036,0.02831268192011541,-0.002243978656477852,True,homoscedastic,rbf
0,convnext_s|2,0.1,0.25,0.02786352025592515,0.1,,0.027646083659213123,0.029975761481127714,-0.0018703616046368693,True,homoscedastic,rbf
0,dinov2_b|2,0.1,0.25,0.026241483951415394,0.1,,0.026035687504491832,0.028240649435815758,-0.0017558364817563121,True,homoscedastic,rbf
0,mae_b16|2,0.1,0.25,0.020254802543688354,0.1,,0.02013369490704118,0.02143127672826087,-0.0025025390641097434,True,homoscedastic,rbf
0,vit_sup_b16|2,0.1,0.25,0.02736212112535553,0.1,,0.026458844553727646,0.03613680782116931,-0.0020703867170387413,True,homoscedastic,rbf
0,clip_b16|2,0.1,1.0,0.017430485649739737,0.1,,0.017044460700846833,0.021180442296127946,-0.003763864203882361,True,homoscedastic,rbf
0,convnext_s|2,0.1,1.0,0.020611382608342877,0.1,,0.020301979706641125,0.02361701079630277,-0.003675947012761499,True,homoscedastic,rbf
0,dinov2_b|2,0.1,1.0,0.019092957690654132,0.1,,0.01883105316200621,0.02163717311180536,-0.003738884447591212,True,homoscedastic,rbf
0,mae_b16|2,0.1,1.0,0.013847369683070982,0.1,,0.01375513492306481,0.0147433644945595,-0.003501873311819101,True,homoscedastic,rbf
0,vit_sup_b16|2,0.1,1.0,0.02040146706606598,0.1,,0.019551798518286718,0.028655390101635998,-0.003878011952187982,True,homoscedastic,rbf
0,clip_b16|2,1.0,0.1,0.22437046117327938,0.1,,0.21843914260323505,0.28198898442513876,0.0,True,homoscedastic,rbf
0,convnext_s|2,1.0,0.1,0.26063684546016846,0.1,,0.2575460635601684,0.2906615839173118,0.0,True,homoscedastic,rbf
0,dinov2_b|2,1.0,0.1,0.24462040056362636,0.1,,0.24030084130439922,0.2865818333675473,0.0,True,homoscedastic,rbf
0,mae_b16|2,1.0,0.1,0.17522288484731027,0.1,,0.17350288104726064,0.19193149319064937,0.0,True,homoscedastic,rbf
0,vit_sup_b16|2,1.0,0.1,0.2581813158064307,0.1,,0.24792079414729754,0.3578549547808678,0.0,True,homoscedastic,rbf
0,clip_b16|2,1.0,0.25,0.17147363436399674,0.1,,0.168047261839697,0.20475839602862253,-0.013675712053474287,True,homoscedastic,rbf
0,convnext_s|2,1.0,0.25,0.20691679140357472,0.1,,0.2036502970443774,0.23864845089292025,-0.014597183834725524,True,homoscedastic,rbf
0,dinov2_b|2,1.0,0.25,0.1891573234820289,0.1,,0.18650632641956288,0.21490986637455572,-0.011955893355785396,True,homoscedastic,rbf
0,mae_b16|2,1.0,0.25,0.12988964683993606,0.1,,0.12896629140361576,0.13885938536419037,-0.016180803658067178,True,homoscedastic,rbf
0,vit_sup_b16|2,1.0,0.25,0.20393667634374255,0.1,,0.19467847857282497,0.2938734546897989,-0.013994905970393767,True,homoscedastic,rbf
0,clip_b16|2,1.0,1.0,0.10712489953554713,0.1,,0.10417788030050536,0.13575308639023853,-0.03139931818749919,True,homoscedastic,rbf
0,convnext_s|2,1.0,1.0,0.13202631359874994,0.1,,0.1298034439280227,0.1536199046858147,-0.029962810852632082,True,homoscedastic,rbf
0,dinov2_b|2,1.0,1.0,0.11912073068848002,0.1,,0.11709008771182018,0.13884697674746121,-0.029732693870052618,True,homoscedastic,rbf
0,mae_b16|2,1.0,1.0,0.08062785103466431,0.1,,0.07993851326184075,0.08732427511352192,-0.02213098317243023,True,homoscedastic,rbf
0,vit_sup_b16|2,1.0,1.0,0.1322256656460377,0.1,,0.12535538779971436,0.19896550758174986,-0.03216359472643571,True,homoscedastic,rbf
0,clip_b16|2,10.0,0.1,2.038045268372204,0.1,,1.9808291193435645,2.5938592875075557,0.0,True,homoscedastic,rbf
0,convnext_s|2,10.0,0.1,2.4167272761421077,0.1,,2.381574223517704,2.7582140730648845,0.0,True,homoscedastic,rbf
0,dinov2_b|2,10.0,0.1,2.248134006905109,0.1,,2.2031756494842947,2.684872336135872,0.0,True,homoscedastic,rbf
0,mae_b16|2,10.0,0.1,1.5157389880699064,0.1,,1.499652085604998,1.6720117548718698,0.0,True,homoscedastic,rbf
0,vit_sup_b16|2,10.0,0.1,2.3996688100738828,0.1,,2.2966261677283186,3.4006544785736463,0.0,True,homoscedastic,rbf
0,clip_b16|2,10.0,0.25,1.474027821488189,0.1,,1.4433873267813349,1.7716783414976285,-0.12242174801016326,True,homoscedastic,rbf
0,convnext_s|2,10.0,0.25,1.8322599344774582,0.1,,1.8007078058869088,2.138766326499937,-0.15224048028789383,True,homoscedastic,rbf
0,dinov2_b|2,10.0,0.25,1.6480555421473067,0.1,,1.6236448179842962,1.8851882911594087,-0.12085470914331964,True,homoscedastic,rbf
0,mae_b16|2,10.0,0.25,1.0626288608194114,0.1,,1.053828766518312,1.1481154911729494,-0.11214660624976958,True,homoscedastic,rbf
0,vit_sup_b16|2,10.0,0.25,1.8139858290679747,0.1,,1.7252929418075118,2.6755738767410397,-0.10844150011776499,True,homoscedastic,rbf
0,clip_b16|2,10.0,1.0,0.8312444716678079,0.1,,0.8055483871719884,1.0808635781986247,-0.25671651553184915,True,homoscedastic,rbf
0,convnext_s|2,10.0,1.0,1.058025315435879,0.1,,1.0400999527727985,1.2321574098772303,-0.2609725294104539,True,homoscedastic,rbf
0,dinov2_b|2,10.0,1.0,0.9337956329731175,0.1,,0.9179642749062041,1.0875859684802769,-0.24096925819185167,True,homoscedastic,rbf
0,mae_b16|2,10.0,1.0,0.5923884309311489,0.1,,0.5866266462048114,0.648360053986999,-0.1730937349884769,True,homoscedastic,rbf
0,vit_sup_b16|2,10.0,1.0,1.0615230899727062,0.1,,1.0013083034397652,1.6464667305784186,-0.2620005067381932,True,homoscedastic,rbf
1,clip_b16|2,0.1,0.1,0.035095192086024324,0.517,0.459615782147498,0.03494348700081215,0.036568898628085364,0.0,True,heteroscedastic,rbf
1,convnext_s|2,0.1,0.1,0.037362956098502625,0.517,0.2290746053351645,0.037433169129303,0.036680886656441855,0.0,True,heteroscedastic,rbf
1,dinov2_b|2,0.1,0.1,0.0367246987996055,0.517,0.22357496229578094,0.0367660383061985,0.036323115021273514,0.0,True,heteroscedastic,rbf
1,mae_b16|2,0.1,0.1,0.029806340740633576,0.517,0.19912567201192508,0.029661122356400303,0.031217033616042594,0.0,True,heteroscedastic,rbf
1,vit_sup_b16|2,0.1,0.1,0.037809704733534906,0.517,0.31936523614665757,0.03727854983452235,0.04296949518108541,0.0,True,heteroscedastic,rbf
1,clip_b16|2,0.1,0.25,0.02934483419830445,0.517,0.49251715541819585,0.029163783125298687,0.03110361605036043,-0.0019333154784928336,True,heteroscedastic,rbf
1,convnext_s|2,0.1,0.25,0.03250882195381058,0.517,0.2633846591036694,0.03248472327859613,0.03274292337017954,-0.0023253369330583085,True,heteroscedastic,rbf
1,dinov2_b|2,0.1,0.25,0.03145264402703088,0.517,0.2899566186307962,0.03145385723641504,0.03144085856444188,-0.002371769668352869,True,heteroscedastic,rbf
1,mae_b16|2,0.1,0.25,0.0232610899126475,0.517,0.26413724183537457,0.023163871496838975,0.024205497380501765,-0.0032241101550372353,True,heteroscedastic,rbf
1,vit_sup_b16|2,0.1,0.25,0.03267591912893903,0.517,0.33470634567756957,0.03202800514726974,0.038969940665154926,-0.0022685149297328733,True,heteroscedastic,rbf
1,clip_b16|2,0.1,1.0,0.021683435931339385,0.517,0.4379645558661354,0.021412333769388316,0.02431699979029261,-0.0037770275106612933,True,heteroscedastic,rbf
1,convnext_s|2,0.1,1.0,0.02526691719346675,0.517,0.18687208138031614,0.025018198098481808,0.027683045544749034,-0.003305329080116076,True,heteroscedastic,rbf
1,dinov2_b|2,0.1,1.0,0.023902178779393726,0.517,0.20431656316137828,0.023727400753130744,0.025600022463091256,-0.0033482752720718767,True,heteroscedastic,rbf
1,mae_b16|2,0.1,1.0,0.01638761535147402,0.517,0.3224141610597193,0.016338288481712815,0.01686679065772575,-0.0030720177904709767,True,heteroscedastic,rbf
1,vit_sup_b16|2,0.1,1.0,0.025351033088059312,0.517,0.2751558249072623,0.024543456453540592,0.033196063251955434,-0.0034210587059551947,True,heteroscedastic,rbf
1,clip_b16|2,1.0,0.1,0.25329484378826395,0.517,0.30477670934745077,0.2504523143616087,0.2809079867900573,0.0,True,heteroscedastic,rbf
1,convnext_s|2,1.0,0.1,0.2917083114741273,0.517,0.08376824713671545,0.289373601323915,0.31438835293333345,0.0,True,heteroscedastic,rbf
1,dinov2_b|2,1.0,0.1,0.27934922457932726,0.517,-0.018583004375180137,0.2774641429256035,0.297661446358357,0.0,True,heteroscedastic,rbf
1,mae_b16|2,1.0,0.1,0.19871055412969893,0.517,0.2293447632388535,0.197451222924374,0.21094405726714088,0.0,True,heteroscedastic,rbf
1,vit_sup_b16|2,1.0,0.1,0.2912769247635985,0.517,0.13963304222097972,0.2834384751503296,0.3674218638639241,0.0,True,heteroscedastic,rbf
1,clip_b16|2,1.0,0.25,0.20031655341336654,0.517,0.31610404430926875,0.19710979513849652,0.23146791951210374,-0.016341896956319157,True,heteroscedastic,rbf
1,convnext_s|2,1.0,0.25,0.24056776864934515,0.517,0.06572555856891334,0.23777445072011433,0.26770285710473024,-0.015778548102590717,True,heteroscedastic,rbf
1,dinov2_b|2,1.0,0.25,0.22525376825618054,0.517,0.02994893332323943,0.2234630424886696,0.24264938999771507,-0.014269131348483732,True,heteroscedastic,rbf
1,mae_b16|2,1.0,0.25,0.148986560617013,0.517,0.27872576863458143,0.14828645034440077,0.15578763183667474,-0.019430115072990528,True,heteroscedastic,rbf
1,vit_sup_b16|2,1.0,0.25,0.2396528236011494,0.517,0.13561926765188578,0.23145932625281257,0.31924679784213617,-0.018130182759380498,True,heteroscedastic,rbf
1,clip_b16|2,1.0,1.0,0.13285783346294675,0.517,0.29815784070706985,0.12994463150306762,0.16115750964462958,-0.03400850188047555,True,heteroscedastic,rbf
1,convnext_s|2,1.0,1.0,0.16460171929673667,0.517,0.008722240890531072,0.1615442701322024,0.1943026540379267,-0.03235934933166673,True,heteroscedastic,rbf
1,dinov2_b|2,1.0,1.0,0.15190239426771313,0.517,0.006213631784847355,0.1494001532733768,0.17620987821269493,-0.03246890115398693,True,heteroscedastic,rbf
1,mae_b16|2,1.0,1.0,0.0953828618836938,0.517,0.29142319010796514,0.09494331152609288,0.09965277964324548,-0.02683651434360601,True,heteroscedastic,rbf
1,vit_sup_b16|2,1.0,1.0,0.1669898586631819,0.517,0.11809759789834105,0.15916005260765367,0.2430508317740274,-0.03340458314296402,True,heteroscedastic,rbf
1,clip_b16|2,10.0,0.1,2.0610813046694734,0.517,0.041835881085556116,2.0257354964794194,2.4044405842299974,0.0,True,heteroscedastic,rbf
1,convnext_s|2,10.0,0.1,2.491552949279623,0.517,-0.15825464058240116,2.4556378526119733,2.840442459765363,0.0,True,heteroscedastic,rbf
1,dinov2_b|2,10.0,0.1,2.3480936007118856,0.517,-0.2890110659678847,2.3215500804219924,2.6059449406708453,0.0,True,heteroscedastic,rbf
1,mae_b16|2,10.0,0.1,1.5426858616396608,0.517,0.13094939531668992,1.5306993118301946,1.6591266312173332,0.0,True,heteroscedastic,rbf
1,vit_sup_b16|2,10.0,0.1,2.4752661550996398,0.517,-0.11497148501279673,2.39091672658718,3.2946606035063906,0.0,True,heteroscedastic,rbf
1,clip_b16|2,10.0,0.25,1.5529820541680524,0.517,0.08347879223990577,1.5187502839518137,1.8855192505543716,-0.20844544292758016,True,heteroscedastic,rbf
1,convnext_s|2,10.0,0.25,1.9484962884532555,0.517,-0.15356547125408465,1.9171249213061277,2.25324671216821,-0.15504990689975529,True,heteroscedastic,rbf
1,dinov2_b|2,10.0,0.25,1.799380894828646,0.517,-0.2360987108310789,1.7773373189920374,2.013518488669986,-0.17074080302756123,True,heteroscedastic,rbf
1,mae_b16|2,10.0,0.25,1.0992494758207916,0.517,0.16674531755548447,1.0917989432162196,1.171626078265208,-0.14008285668491993,True,heteroscedastic,rbf
1,vit_sup_b16|2,10.0,0.25,1.9536083435223963,0.517,-0.09964967247500542,1.8723576908714292,2.742900397846079,-0.18258647613040146,True,heteroscedastic,rbf
1,clip_b16|2,10.0,1.0,0.9217200541724431,0.517,0.09714106336932171,0.8961950777898674,1.1696769676031795,-0.3045327124349875,True,heteroscedastic,rbf
1,convnext_s|2,10.0,1.0,1.1873455541631295,0.517,-0.1929120402270777,1.1633968755683808,1.4199898605121162,-0.3021873279808265,True,heteroscedastic,rbf
1,dinov2_b|2,10.0,1.0,1.0808755756059236,0.517,-0.23029031590176502,1.0598734246023076,1.2848964710696211,-0.31844867631019014,True,heteroscedastic,rbf
1,mae_b16|2,10.0,1.0,0.6312508405732153,0.517,0.15943175716276042,0.6264005748079666,0.6783677080070589,-0.21355795973676983,True,heteroscedastic,rbf
1,vit_sup_b16|2,10.0,1.0,1.2130852360886528,0.517,-0.1033739921472897,1.1459655376919922,1.8651051633704985,-0.3381950233278985,True,heteroscedastic,rbf
1,clip_b16|2,0.1,0.1,0.029276196344033042,0.1,,0.028944986196253217,0.03249366635103701,0.0,True,homoscedastic,rbf
1,convnext_s|2,0.1,0.1,0.032639186394911486,0.1,,0.032558603254031676,0.03342199404917242,0.0,True,homoscedastic,rbf
1,dinov2_b|2,0.1,0.1,0.03134812293549485,0.1,,0.03126523116804488,0.03215335724786598,0.0,True,homoscedastic,rbf
1,mae_b16|2,0.1,0.1,0.024798940172286968,0.1,,0.02462214141452551,0.026516413819112555,0.0,True,homoscedastic,rbf
1,vit_sup_b16|2,0.1,0.1,0.032472655074746525,0.1,,0.031759607174765524,0.03939940610313332,0.0,True,homoscedastic,rbf
1,clip_b16|2,0.1,0.25,0.023961395424710215,0.1,,0.023588791670071312,0.02758097475548812,-0.0019341333626034796,True,homoscedastic,rbf
1,convnext_s|2,0.1,0.25,0.027775538506446682,0.1,,0.027578364912144493,0.029690939136810778,-0.0013853359245683816,True,homoscedastic,rbf
1,dinov2_b|2,0.1,0.25,0.02634459244776349,0.1,,0.026196691937265437,0.02778134026403034,-0.0013262306738998642,True,homoscedastic,rbf
1,mae_b16|2,0.1,0.25,0.019338214390480033,0.1,,0.019203457255503667,0.020647283701678985,-0.0025730282794559356,True,homoscedastic,rbf
1,vit_sup_b16|2,0.1,0.25,0.027572816164184815,0.1,,0.02676206150680862,0.035448718550125005,-0.001277279638332629,True,homoscedastic,rbf
1,clip_b16|2,0.1,1.0,0.017089028770014014,0.1,,0.016724096221225563,0.02063408781538754,-0.003632581239140245,True,homoscedastic,rbf
1,convnext_s|2,0.1,1.0,0.02051491076690667,0.1,,0.020179946240430797,0.023768851881243717,-0.003656768367226962,True,homoscedastic,rbf
1,dinov2_b|2,0.1,1.0,0.019246387248683317,0.1,,0.01897943500045654,0.02183963766002914,-0.0034707574796168233,True,homoscedastic,rbf
1,mae_b16|2,0.1,1.0,0.012980255787690208,0.1,,0.01289994521250477,0.013760415660920162,-0.003168100946323804,True,homoscedastic,rbf
1,vit_sup_b16|2,0.1,1.0,0.02058928396274868,0.1,,0.019728321482191072,0.028952919488165457,-0.003288691198082991,True,homoscedastic,rbf
1,clip_b16|2,1.0,0.1,0.21648347158966416,0.1,,0.21279279341288823,0.2523357738783446,0.0,True,homoscedastic,rbf
1,convnext_s|2,1.0,0.1,0.25754573381902085,0.1,,0.2542728616191021,0.2893393494753746,0.0,True,homoscedastic,rbf
1,dinov2_b|2,1.0,0.1,0.24331179038517747,0.1,,0.24091464435869156,0.26659835178532637,0.0,True,homoscedastic,rbf
1,mae_b16|2,1.0,0.1,0.16577859825644475,0.1,,0.16452580960773205,0.17794854512965383,0.0,True,homoscedastic,rbf
1,vit_sup_b16|2,1.0,0.1,0.2559104577327597,0.1,,0.24758952146800314,0.3367424100189664,0.0,True,homoscedastic,rbf
1,clip_b16|2,1.0,0.25,0.16732813098065796,0.1,,0.16368696561944748,0.20269945163241726,-0.019689947169417077,True,homoscedastic,rbf
1,convnext_s|2,1.0,0.25,0.20566698452672094,0.1,,0.20263197030028712,0.2351499798692209,-0.017102277472186067,True,homoscedastic,rbf
1,dinov2_b|2,1.0,0.25,0.1907803642804514,0.1,,0.18864206832009725,0.2115523821810345,-0.016164917111562205,True,homoscedastic,rbf
1,mae_b16|2,1.0,0.25,0.1221346404974964,0.1,,0.12122817201227966,0.13094033435388736,-0.016102612783068793,True,homoscedastic,rbf
1,vit_sup_b16|2,1.0,0.25,0.2059225907584659,0.1,,0.19773280554597322,0.28548050425125165,-0.01673455703273352,True,homoscedastic,rbf
1,clip_b16|2,1.0,1.0,0.10451673302200912,0.1,,0.1017028834525299,0.13185127169694993,-0.030158459682482874,True,homoscedastic,rbf
1,convnext_s|2,1.0,1.0,0.13112965911820512,0.1,,0.1286097452422684,0.15560882248444777,-0.029988722164929538,True,homoscedastic,rbf
1,dinov2_b|2,1.0,1.0,0.12018666074000779,0.1,,0.11805809769788679,0.1408641302920404,-0.03137255770452263,True,homoscedastic,rbf
1,mae_b16|2,1.0,1.0,0.07415210520268478,0.1,,0.07355670108927313,0.07993603087582664,-0.023620617780907516,True,homoscedastic,rbf
1,vit_sup_b16|2,1.0,1.0,0.13375910874143696,0.1,,0.1267437169463274,0.20190862903678658,-0.032591015969588244,True,homoscedastic,rbf
1,clip_b16|2,10.0,0.1,1.9484291973853873,0.1,,1.9122339135565574,2.3000405260083028,0.0,True,homoscedastic,rbf
1,convnext_s|2,10.0,0.1,2.380911486974145,0.1,,2.344464877613248,2.7349642636228575,0.0,True,homoscedastic,rbf
1,dinov2_b|2,10.0,0.1,2.234814260323686,0.1,,2.2087158192845076,2.488341973275704,0.0,True,homoscedastic,rbf
1,mae_b16|2,10.0,0.1,1.4170810848322148,0.1,,1.4056398126883987,1.5282248713721442,0.0,True,homoscedastic,rbf
1,vit_sup_b16|2,10.0,0.1,2.3683839305560395,0.1,,2.285227218420788,3.1761919912984857,0.0,True,homoscedastic,rbf
1,clip_b16|2,10.0,0.25,1.4347988940250522,0.1,,1.4013575346110958,1.7596578140463417,-0.1895575521862689,True,homoscedastic,rbf
1,convnext_s|2,10.0,0.25,1.819252505761255,0.1,,1.7900229130346683,2.103197120819522,-0.16659951449144472,True,homoscedastic,rbf
1,dinov2_b|2,10.0,0.25,1.6698914130847549,0.1,,1.6493893447923202,1.8690543622112656,-0.1409695894907852,True,homoscedastic,rbf
1,mae_b16|2,10.0,0.25,0.9834362586939694,0.1,,0.9752536368656552,1.0629245850261635,-0.13806556868928155,True,homoscedastic,rbf
1,vit_sup_b16|2,10.0,0.25,1.8358500761300467,0.1,,1.7572475529424756,2.5994174442378823,-0.18049065317731205,True,homoscedastic,rbf
1,clip_b16|2,10.0,1.0,0.8049081124214119,0.1,,0.7808075632513463,1.0390277329306201,-0.23000270488632601,True,homoscedastic,rbf
1,convnext_s|2,10.0,1.0,1.0467499542567884,0.1,,1.0267575472270642,1.2409619082598227,-0.23235863521130895,True,homoscedastic,rbf
1,dinov2_b|2,10.0,1.0,0.9413468285290094,0.1,,0.9245174554659075,1.1048321668562864,-0.208730768563683,True,homoscedastic,rbf
1,mae_b16|2,10.0,1.0,0.5322216562420388,0.1,,0.5272052020043501,0.5809529259795863,-0.13514093914523428,True,homoscedastic,rbf
1,vit_sup_b16|2,10.0,1.0,1.0751252360030203,0.1,,1.0135073558874927,1.6736989285538602,-0.23477959878163546,True,homoscedastic,rbf
2,clip_b16|2,0.1,0.1,0.0351850096485376,0.517,0.508610847680813,0.035097405475058054,0.03603602161948192,0.0,True,heteroscedastic,rbf
2,convnext_s|2,0.1,0.1,0.03748101713543915,0.517,0.16388936257362915,0.037637241753700534,0.03596340655804285,0.0,True,heteroscedastic,rbf
2,dinov2_b|2,0.1,0.1,0.03687953952426763,0.517,0.1301389216056229,0.03697941528904622,0.035909317809275566,0.0,True,heteroscedastic,rbf
2,mae_b16|2,0.1,0.1,0.029779550940942118,0.517,0.23036750387424762,0.029623840920263902,0.03129216257038769,0.0,True,heteroscedastic,rbf
2,vit_sup_b16|2,0.1,0.1,0.03670841890180198,0.517,0.2769697422606028,0.036253646296379095,0.04112620992591005,0.0,True,heteroscedastic,rbf
2,clip_b16|2,0.1,0.25,0.029091979413548786,0.517,0.4875578281861904,0.028908535032754135,0.03087401054126823,-0.0020205903468004105,True,heteroscedastic,rbf
2,convnext_s|2,0.1,0.25,0.032023358909750166,0.517,0.2345163573951861,0.03198893543838975,0.0323577583458227,-0.0024043838860082906,True,heteroscedastic,rbf
2,dinov2_b|2,0.1,0.25,0.03135406194806579,0.517,0.20817596178550707,0.03127869184402814,0.03208622867300298,-0.0020427891542781906,True,heteroscedastic,rbf
2,mae_b16|2,0.1,0.25,0.022975283177871907,0.517,0.27361206545761074,0.022902284774642616,0.02368441052352787,-0.0032398752955989096,True,heteroscedastic,rbf
2,vit_sup_b16|2,0.1,0.25,0.03137440286083337,0.517,0.30688008159760094,0.03072078074153274,0.03772387487689665,-0.0020318042174237577,True,heteroscedastic,rbf
2,clip_b16|2,0.1,1.0,0.021486634209294225,0.517,0.46141040250771787,0.021236565638724305,0.02391587175197348,-0.00376712988404429,True,heteroscedastic,rbf
2,convnext_s|2,0.1,1.0,0.025041602136477912,0.517,0.2011711532827133,0.02481188013103347,0.0272731873322239,-0.0038974012994887133,True,heteroscedastic,rbf
2,dinov2_b|2,0.1,1.0,0.023902362341919232,0.517,0.2241731690825209,0.02369542520001254,0.025912608863298495,-0.003531922035444904,True,heteroscedastic,rbf
2,mae_b16|2,0.1,1.0,0.015871277854601164,0.517,0.32501925513100627,0.015839291942415304,0.016181998144406656,-0.003088479855389098,True,heteroscedastic,rbf
2,vit_sup_b16|2,0.1,1.0,0.024324516620371616,0.517,0.29717369405791705,0.02355386124756439,0.031810883099070396,-0.0029859399514052254,True,heteroscedastic,rbf
2,clip_b16|2,1.0,0.1,0.252046194700209,0.517,0.2687685201843291,0.24889168153965896,0.2826900368312665,0.0,True,heteroscedastic,rbf
2,convnext_s|2,1.0,0.1,0.29033520223223436,0.517,-0.05659808082284874,0.2889450777453635,0.30383926867612315,0.0,True,heteroscedastic,rbf
2,dinov2_b|2,1.0,0.1,0.28135028491112396,0.517,-0.13268612469754787,0.2799269273951944,0.29517718649443897,0.0,True,heteroscedastic,rbf
2,mae_b16|2,1.0,0.1,0.19471103658720967,0.517,0.23910904175789932,0.19361021066631245,0.2054047741044975,0.0,True,heteroscedastic,rbf
2,vit_sup_b16|2,1.0,0.1,0.2791571484034417,0.517,0.04623559551706293,0.2720297082313557,0.34839513864656296,0.0,True,heteroscedastic,rbf
2,clip_b16|2,1.0,0.25,0.19777836245321942,0.517,0.2737278474163346,0.19433197739336433,0.23125753160609705,-0.014655911923662446,True,heteroscedastic,rbf
2,convnext_s|2,1.0,0.25,0.23755070600520828,0.517,0.00866434991116914,0.23505842076958847,0.26176147686551465,-0.017789415329740432,True,heteroscedastic,rbf
2,dinov2_b|2,1.0,0.25,0.22635841036404622,0.517,-0.039327271979872395,0.22339421048807936,0.25515349487343875,-0.015824670113422146,True,heteroscedastic,rbf
2,mae_b16|2,1.0,0.25,0.1445805824464183,0.517,0.2723770578978896,0.14408618377978777,0.14938331235082947,-0.01602362538360591,True,heteroscedastic,rbf
2,vit_sup_b16|2,1.0,0.25,0.2300533626856214,0.517,0.0915642323574556,0.22192121699001555,0.30905134944293555,-0.017452859137883192,True,heteroscedastic,rbf
2,clip_b16|2,1.0,1.0,0.1308869688655447,0.517,0.32569464989022884,0.1280970581556455,0.15798895861885115,-0.035639442130124044,True,heteroscedastic,rbf
2,convnext_s|2,1.0,1.0,0.16237304560836965,0.517,0.02039692172852067,0.15963549678459485,0.1889663770393246,-0.03113636362552652,True,heteroscedastic,rbf
2,dinov2_b|2,1.0,1.0,0.1515565480863426,0.517,0.019760120955539417,0.148693511638803,0.17936890214815618,-0.032797154075522306,True,heteroscedastic,rbf
2,mae_b16|2,1.0,1.0,0.0917433606290581,0.517,0.2980806527345873,0.0914040197749338,0.09503981464055111,-0.022470024145063494,True,heteroscedastic,rbf
2,vit_sup_b16|2,1.0,1.0,0.1582448973294753,0.517,0.13710513612217537,0.15084850383565865,0.23009557698369454,-0.03147536764839598,True,heteroscedastic,rbf
2,clip_b16|2,10.0,0.1,2.047673773319236,0.517,-0.04191306905803869,2.007051235476781,2.442292712360229,0.0,True,heteroscedastic,rbf
2,convnext_s|2,10.0,0.1,2.493736415053889,0.517,-0.25655352353896144,2.47194489647751,2.705425452652995,0.0,True,heteroscedastic,rbf
2,dinov2_b|2,10.0,0.1,2.3770175963973323,0.517,-0.35494889146112507,2.3555711303755196,2.5853546948949426,0.0,True,heteroscedastic,rbf
2,mae_b16|2,10.0,0.1,1.4899113114359674,0.517,0.11643805648996568,1.480531969099011,1.581024922709258,0.0,True,heteroscedastic,rbf
2,vit_sup_b16|2,10.0,0.1,2.3734219350508106,0.517,-0.19912567201192508,2.298047207295521,3.1056335761021914,0.0,True,heteroscedastic,rbf
2,clip_b16|2,10.0,0.25,1.5331367588039788,0.517,0.021207395439587717,1.4964654329787843,1.88937249539158,-0.17019028660234703,True,heteroscedastic,rbf
2,convnext_s|2,10.0,0.25,1.9385182512415728,0.517,-0.18287760380434284,1.9123957422545041,2.192279767115956,-0.16914112933181968,True,heteroscedastic,rbf
2,dinov2_b|2,10.0,0.25,1.817906464981343,0.517,-0.26622131709240415,1.7873317324501254,2.114918152427456,-0.07032234378418245,True,heteroscedastic,rbf
2,mae_b16|2,10.0,0.25,1.058444397440745,0.517,0.13953655725537648,1.0518149382182027,1.1228448584597277,-0.12038834154641087,True,heteroscedastic,rbf
2,vit_sup_b16|2,10.0,0.25,1.8706726943899101,0.517,-0.13006173363314033,1.7936931774344886,2.6184737162425784,-0.1338681101382342,True,heteroscedastic,rbf
2,clip_b16|2,10.0,1.0,0.9072853641459524,0.517,0.11628368054500052,0.8820136597007658,1.1527819216134791,-0.25711749903570436,True,heteroscedastic,rbf
2,convnext_s|2,10.0,1.0,1.1686901011748583,0.517,-0.18397753241221956,1.1466547080845924,1.3827482054803006,-0.24406128175640163,True,heteroscedastic,rbf
2,dinov2_b|2,10.0,1.0,1.0777333915110874,0.517,-0.22195401487364685,1.0540959487476664,1.3073542640700349,-0.194887706438152,True,heteroscedastic,rbf
2,mae_b16|2,10.0,1.0,0.605581332735576,0.517,0.16931181764053013,0.6013449528131214,0.646734737696565,-0.18376760658498625,True,heteroscedastic,rbf
2,vit_sup_b16|2,10.0,1.0,1.1337134197025254,0.517,-0.08614177729055467,1.070898648354011,1.743914055659521,-0.30783182749032,True,heteroscedastic,rbf
2,clip_b16|2,0.1,0.1,0.028875475476027077,0.1,,0.02854800997316442,0.03205656893240715,0.0,True,homoscedastic,rbf
2,convnext_s|2,0.1,0.1,0.03240732992276982,0.1,,0.032419192754212046,0.03229209098875972,0.0,True,homoscedastic,rbf
2,dinov2_b|2,0.1,0.1,0.031513938043427496,0.1,,0.03146814743926183,0.031958761055322485,0.0,True,homoscedastic,rbf
2,mae_b16|2,0.1,0.1,0.024134802805481928,0.1,,0.023993787620989943,0.02550466459768978,0.0,True,homoscedastic,rbf
2,vit_sup_b16|2,0.1,0.1,0.031286444670123315,0.1,,0.03067647402617548,0.037211873782759364,0.0,True,homoscedastic,rbf
2,clip_b16|2,0.1,0.25,0.02367052653302113,0.1,,0.0232682667773509,0.027578192730960523,-0.0019042286531258529,True,homoscedastic,rbf
2,convnext_s|2,0.1,0.25,0.02747636094291149,0.1,,0.02728107124331977,0.029373460881802475,-0.00207362419774737,True,homoscedastic,rbf
2,dinov2_b|2,0.1,0.25,0.026405196918253562,0.1,,0.026166524285583612,0.02872373106419022,-0.0019850750762035185,True,homoscedastic,rbf
2,mae_b16|2,0.1,0.25,0.018823031588197658,0.1,,0.01870556488545044,0.019964136700599194,-0.002189178602153591,True,homoscedastic,rbf
2,vit_sup_b16|2,0.1,0.25,0.026515042842625132,0.1,,0.025742917844073704,0.034015685685696115,-0.0020906116823354165,True,homoscedastic,rbf
2,clip_b16|2,0.1,1.0,0.016959474530659924,0.1,,0.016599632397549465,0.020455083823732966,-0.0036070692458748804,True,homoscedastic,rbf
2,convnext_s|2,0.1,1.0,0.020357691007649344,0.1,,0.020038034444199944,0.023462926195443524,-0.00359602656577776,True,homoscedastic,rbf
2,dinov2_b|2,0.1,1.0,0.019235002347738357,0.1,,0.018934215470381363,0.022156932013492,-0.0029481302566939926,True,homoscedastic,rbf
2,mae_b16|2,0.1,1.0,0.012646904200228187,0.1,,0.01257470797986462,0.013348238912331419,-0.0031032363074212366,True,homoscedastic,rbf
2,vit_sup_b16|2,0.1,1.0,0.019675090061235582,0.1,,0.018865252292459164,0.027542085529349367,-0.003443085057290629,True,homoscedastic,rbf
2,clip_b16|2,1.0,0.1,0.2138943292118202,0.1,,0.2097550618372678,0.25410435513604346,0.0,True,homoscedastic,rbf
2,convnext_s|2,1.0,0.1,0.2575097583866716,0.1,,0.25566241975764836,0.27545533364003977,0.0,True,homoscedastic,rbf
2,dinov2_b|2,1.0,0.1,0.24619413679159105,0.1,,0.24425820354982886,0.2650003454258519,0.0,True,homoscedastic,rbf
2,mae_b16|2,1.0,0.1,0.1600691042828913,0.1,,0.15911072515341443,0.16937907296923818,0.0,True,homoscedastic,rbf
2,vit_sup_b16|2,1.0,0.1,0.24573414823198136,0.1,,0.23844273981451125,0.316564972858834,0.0,True,homoscedastic,rbf
2,clip_b16|2,1.0,0.25,0.16504527391051524,0.1,,0.16117135310986636,0.20267764740253305,-0.015955014689861602,True,homoscedastic,rbf
2,convnext_s|2,1.0,0.25,0.2047760459990613,0.1,,0.20211404399437985,0.2306354940445383,-0.016178639057050304,True,homoscedastic,rbf
2,dinov2_b|2,1.0,0.25,0.19247937919929645,0.1,,0.18952546033469125,0.2211745910268897,-0.006776320925142465,True,homoscedastic,rbf
2,mae_b16|2,1.0,0.25,0.1181147309076532,0.1,,0.11730602059575053,0.1259707739375649,-0.011372119448791018,True,homoscedastic,rbf
2,vit_sup_b16|2,1.0,0.25,0.1975439826127488,0.1,,0.18989360105901418,0.2718619748490279,-0.012597728349596937,True,homoscedastic,rbf
2,clip_b16|2,1.0,1.0,0.10325891017614741,0.1,,0.10048233217436019,0.13023138219350905,-0.02459815938215626,True,homoscedastic,rbf
2,convnext_s|2,1.0,1.0,0.1297622771029547,0.1,,0.12735232966104398,0.15317319511008765,-0.02337913120518409,True,homoscedastic,rbf
2,dinov2_b|2,1.0,1.0,0.12011459779513295,0.1,,0.11770148526285826,0.14355626239437294,-0.018548625954710296,True,homoscedastic,rbf
2,mae_b16|2,1.0,1.0,0.0718556940000782,0.1,,0.07131846091746319,0.0770745296597669,-0.02042317730970855,True,homoscedastic,rbf
2,vit_sup_b16|2,1.0,1.0,0.12610977686864383,0.1,,0.11954400593091284,0.18989155169231622,-0.029752468633375218,True,homoscedastic,rbf
2,clip_b16|2,10.0,0.1,1.9302822444155732,0.1,,1.8892018665438812,2.32934877231201,0.0,True,homoscedastic,rbf
2,convnext_s|2,10.0,0.1,2.3849366646087953,0.1,,2.3631681394476978,2.5964023376023158,0.0,True,homoscedastic,rbf
2,dinov2_b|2,10.0,0.1,2.2537243109391207,0.1,,2.234309934400225,2.4423211116026797,0.0,True,homoscedastic,rbf
2,mae_b16|2,10.0,0.1,1.3596640307492418,0.1,,1.3508189329418965,1.4455878380205964,0.0,True,homoscedastic,rbf
2,vit_sup_b16|2,10.0,0.1,2.2693310913670035,0.1,,2.19595846035133,2.982093792662124,0.0,True,homoscedastic,rbf
2,clip_b16|2,10.0,0.25,1.4121209497637979,0.1,,1.3764023537234233,1.75910159701315,-0.12976253187228082,True,homoscedastic,rbf
2,convnext_s|2,10.0,0.25,1.8066462974537194,0.1,,1.78169322963175,2.0490475277242775,-0.12987663027299767,True,homoscedastic,rbf
2,dinov2_b|2,10.0,0.25,1.6793200553165173,0.1,,1.6530169748740897,1.934835693900098,-0.06614332597020756,True,homoscedastic,rbf
2,mae_b16|2,10.0,0.25,0.946042389907523,0.1,,0.9386340732756284,1.0180088943316432,-0.096590616255682,True,homoscedastic,rbf
2,vit_sup_b16|2,10.0,0.25,1.7483581040284302,0.1,,1.6755028873276288,2.456094494836216,-0.11269292716301571,True,homoscedastic,rbf
2,clip_b16|2,10.0,1.0,0.7942997044701688,0.1,,0.7703438796812477,1.0270134309911165,-0.23980065547493368,True,homoscedastic,rbf
2,convnext_s|2,10.0,1.0,1.032650675673061,0.1,,1.013303616125477,1.2205935398495906,-0.23667852634543607,True,homoscedastic,rbf
2,dinov2_b|2,10.0,1.0,0.9404116746378001,0.1,,0.9215618126051159,1.1235246200981601,-0.135498798193888,True,homoscedastic,rbf
2,mae_b16|2,10.0,1.0,0.5125662184303692,0.1,,0.5079166227056716,0.5577337197560025,-0.15410758794908297,True,homoscedastic,rbf
2,vit_sup_b16|2,10.0,1.0,1.0001396529499114,0.1,,0.9424838871267066,1.5602242352324711,-0.2659810559937483,True,homoscedastic,rbf
3,clip_b16|2,0.1,0.1,0.0338172242436058,0.517,0.48715259133065686,0.03381919996797063,0.03379803149263324,0.0,True,heteroscedastic,rbf
3,convnext_s|2,0.1,0.1,0.03671579444042307,0.517,0.18528972794442333,0.03690825601957384,0.03484616767152985,0.0,True,heteroscedastic,rbf
3,dinov2_b|2,0.1,0.1,0.036233906351866525,0.517,0.19449439366297047,0.03638832099156827,0.03473387842333536,0.0,True,heteroscedastic,rbf
3,mae_b16|2,0.1,0.1,0.030058022578504654,0.517,0.16572257692009035,0.029960370946558033,0.03100663843170046,0.0,True,heteroscedastic,rbf
3,vit_sup_b16|2,0.1,0.1,0.03670681390163002,0.517,0.31430942394904887,0.03620763052208472,0.04155602387435576,0.0,True,heteroscedastic,rbf
3,clip_b16|2,0.1,0.25,0.028755897980979328,0.517,0.4758059593757182,0.028576836000615655,0.030495357218797866,-0.001683037647582597,True,heteroscedastic,rbf
3,convnext_s|2,0.1,0.25,0.032139708986460735,0.517,0.23584784992051053,0.03213338581437794,0.032201134086693596,-0.0018112744002483916,True,heteroscedastic,rbf
3,dinov2_b|2,0.1,0.25,0.03154240171275172,0.517,0.24740674879977625,0.031488588052745216,0.03206516298138631,-0.00164861153103181,True,heteroscedastic,rbf
3,mae_b16|2,0.1,0.25,0.024213363537353698,0.517,0.23252876710375978,0.024096196723813527,0.025351555440315345,-0.002481386679209649,True,heteroscedastic,rbf
3,vit_sup_b16|2,0.1,0.25,0.032268137668129825,0.517,0.3302101462804595,0.031590367823049845,0.03885218759176396,-0.0017212863295633513,True,heteroscedastic,rbf
3,clip_b16|2,0.1,1.0,0.021097977563510433,0.517,0.4839299934795093,0.020824996173810187,0.02374979677774142,-0.0038626577691121267,True,heteroscedastic,rbf
3,convnext_s|2,0.1,1.0,0.024838144014082447,0.517,0.2285149925346658,0.024615095074483215,0.02700490514161787,-0.0038494135393337264,True,heteroscedastic,rbf
3,dinov2_b|2,0.1,1.0,0.023797846280864624,0.517,0.23627238376916468,0.023612929146602187,0.025594184156556874,-0.003962472771365827,True,heteroscedastic,rbf
3,mae_b16|2,0.1,1.0,0.016722775324189143,0.517,0.33183109370259356,0.016675091494203605,0.01718598967262011,-0.0036873051438525706,True,heteroscedastic,rbf
3,vit_sup_b16|2,0.1,1.0,0.024987746986452838,0.517,0.30199794233807803,0.024200827084049623,0.032632111752655485,-0.0036619198786958934,True,heteroscedastic,rbf
3,clip_b16|2,1.0,0.1,0.242756475189944,0.517,0.3220089242041858,0.24106224386739714,0.259214722323256,0.0,True,heteroscedastic,rbf
3,convnext_s|2,1.0,0.1,0.28781355680012655,0.517,-0.014434150854241684,0.286735120037637,0.2982897996357389,0.0,True,heteroscedastic,rbf
3,dinov2_b|2,1.0,0.1,0.2766377538700905,0.517,0.0013507895184450775,0.2763182707323303,0.2797413043511892,0.0,True,heteroscedastic,rbf
3,mae_b16|2,1.0,0.1,0.19995987643812602,0.517,0.19538205534652014,0.1991520728877108,0.20780711092787388,0.0,True,heteroscedastic,rbf
3,vit_sup_b16|2,1.0,0.1,0.28191105065492883,0.517,0.13158619608967118,0.2744776087696498,0.35412162896906835,0.0,True,heteroscedastic,rbf
3,clip_b16|2,1.0,0.25,0.19466291637779243,0.517,0.2888759870160401,0.1917279265063256,0.2231742465577557,-0.015290637826936626,True,heteroscedastic,rbf
3,convnext_s|2,1.0,0.25,0.23541792158504368,0.517,0.021554741315759306,0.2331252091041319,0.2576899856853291,-0.01775279020220022,True,heteroscedastic,rbf
3,dinov2_b|2,1.0,0.25,0.22651668571249825,0.517,-0.01466571477168941,0.22407545158663716,0.2502315315065776,-0.015816367489435046,True,heteroscedastic,rbf
3,mae_b16|2,1.0,0.25,0.15501720698057908,0.517,0.239996703441449,0.15404071346588438,0.1645031439804707,-0.01675877737878384,True,heteroscedastic,rbf
3,vit_sup_b16|2,1.0,0.25,0.2345112077224184,0.517,0.13370886533294202,0.2261065297194069,0.3161566511802449,-0.015011281741364235,True,heteroscedastic,rbf
3,clip_b16|2,1.0,1.0,0.12791094311872833,0.517,0.3475002521165565,0.12495434800852354,0.1566321527607179,-0.026021783051571434,True,heteroscedastic,rbf
3,convnext_s|2,1.0,1.0,0.16014148984353493,0.517,0.0391535990417866,0.15754299376170133,0.18538402320991834,-0.0349171363260502,True,heteroscedastic,rbf
3,dinov2_b|2,1.0,1.0,0.1505300339749816,0.517,0.021844196212568966,0.14792732456510566,0.17581349681377637,-0.03062858796979251,True,heteroscedastic,rbf
3,mae_b16|2,1.0,1.0,0.09825631147640003,0.517,0.30101379568892517,0.0978005955158992,0.10268326652126517,-0.027411707114320505,True,heteroscedastic,rbf
3,vit_sup_b16|2,1.0,1.0,0.1625691021220103,0.517,0.1492815387813017,0.1549872954845611,0.2362209380286597,-0.031242529199589475,True,heteroscedastic,rbf
3,clip_b16|2,10.0,0.1,1.9702458645399985,0.517,0.03892203512433888,1.9440616435423934,2.2246068685167377,0.0,True,heteroscedastic,rbf
3,convnext_s|2,10.0,0.1,2.4674073718329086,0.517,-0.247638312717224,2.443678293503548,2.697918418460982,0.0,True,heteroscedastic,rbf
3,dinov2_b|2,10.0,0.1,2.3316505781017454,0.517,-0.2819097724994877,2.315749519685063,2.4861180027209437,0.0,True,heteroscedastic,rbf
3,mae_b16|2,10.0,0.1,1.5756005615194206,0.517,0.10814034944808876,1.5664125764252739,1.6648552738625604,0.0,True,heteroscedastic,rbf
3,vit_sup_b16|2,10.0,0.1,2.402605100587898,0.517,-0.1341912901609581,2.3197212492435137,3.207762513647634,0.0,True,heteroscedastic,rbf
3,clip_b16|2,10.0,0.25,1.492489534159521,0.517,0.04110259534697164,1.4647787508956376,1.7616800001515327,-0.18862777619668591,True,heteroscedastic,rbf
3,convnext_s|2,10.0,0.25,1.89170739440713,0.517,-0.2040849992439306,1.872050655931859,2.082658568166909,-0.16406380221338424,True,heteroscedastic,rbf
3,dinov2_b|2,10.0,0.25,1.8005499795235247,0.517,-0.2888759870160401,1.7725932005209963,2.072130118405231,-0.16243781992488593,True,heteroscedastic,rbf
3,mae_b16|2,10.0,0.25,1.1504704074407943,0.517,0.12394458681389617,1.1405889810882788,1.246461406293802,-0.15857786243072525,True,heteroscedastic,rbf
3,vit_sup_b16|2,10.0,0.25,1.895040422679895,0.517,-0.11452765417102193,1.8145036501050928,2.677397641977972,-0.1430328097784539,True,heteroscedastic,rbf
3,clip_b16|2,10.0,1.0,0.8782341043143833,0.517,0.14241180923035243,0.852406335074138,1.1291324340767666,-0.21919269736921976,True,heteroscedastic,rbf
3,convnext_s|2,10.0,1.0,1.14883197687231,0.517,-0.16828907700513598,1.1307398004675682,1.3245845476612275,-0.24622426580158496,True,heteroscedastic,rbf
3,dinov2_b|2,10.0,1.0,1.0698829259515934,0.517,-0.21566319511631693,1.0478154005192652,1.2842531730084983,-0.2095361063157153,True,heteroscedastic,rbf
3,mae_b16|2,10.0,1.0,0.6584713633985636,0.517,0.17436762983813883,0.6531435868988454,0.7102269065386816,-0.2272856079045802,True,heteroscedastic,rbf
3,vit_sup_b16|2,10.0,1.0,1.173540537964532,0.517,-0.06862010753700994,1.1089251430818838,1.8012329453959712,-0.2832860099605323,True,heteroscedastic,rbf
3,clip_b16|2,0.1,0.1,0.028331781812848823,0.1,,0.028098026712229968,0.030602545647431978,0.0,True,homoscedastic,rbf
3,convnext_s|2,0.1,0.1,0.03211811498694214,0.1,,0.03210604186558128,0.03223539673730471,0.0,True,homoscedastic,rbf
3,dinov2_b|2,0.1,0.1,0.031410202258011756,0.1,,0.0314135137422768,0.031378033553722776,0.0,True,homoscedastic,rbf
3,mae_b16|2,0.1,0.1,0.025403742182537686,0.1,,0.025209908273070836,0.027286700160215668,0.0,True,homoscedastic,rbf
3,vit_sup_b16|2,0.1,0.1,0.031751599455786296,0.1,,0.03105301323203212,0.038537865629398226,0.0,True,homoscedastic,rbf
3,clip_b16|2,0.1,0.25,0.023252661187024213,0.1,,0.02292578198563131,0.02642805914341242,-0.0020831912266375124,True,homoscedastic,rbf
3,convnext_s|2,0.1,0.25,0.027127244124851988,0.1,,0.02700856997533568,0.028280078720153225,-0.002092464748067596,True,homoscedastic,rbf
3,dinov2_b|2,0.1,0.25,0.02628013986268268,0.1,,0.026090620847070842,0.028121181728626234,-0.0018736500247923116,True,homoscedastic,rbf
3,mae_b16|2,0.1,0.25,0.01992994774637582,0.1,,0.019777540413558753,0.021410476122313053,-0.002423914230062482,True,homoscedastic,rbf
3,vit_sup_b16|2,0.1,0.25,0.026904413033090224,0.1,,0.026106374798964764,0.034656784450308946,-0.001920147902773242,True,homoscedastic,rbf
3,clip_b16|2,0.1,1.0,0.016539574534818382,0.1,,0.016167003595285275,0.020158835090282858,-0.003369162076218679,True,homoscedastic,rbf
3,convnext_s|2,0.1,1.0,0.020054667478051708,0.1,,0.019787288814044693,0.022652060214119855,-0.0035909823038131478,True,homoscedastic,rbf
3,dinov2_b|2,0.1,1.0,0.01911116680426523,0.1,,0.018821621657297505,0.021923891089094556,-0.003754452223857341,True,homoscedastic,rbf
3,mae_b16|2,0.1,1.0,0.013412051331889632,0.1,,0.013315290206322302,0.014352016551686565,-0.003319920655821873,True,homoscedastic,rbf
3,vit_sup_b16|2,0.1,1.0,0.02020441226047536,0.1,,0.019367207863015098,0.028337254978660763,-0.0035273636368921557,True,homoscedastic,rbf
3,clip_b16|2,1.0,0.1,0.20770473890328245,0.1,,0.2048683693158497,0.23525804346691484,0.0,True,homoscedastic,rbf
3,convnext_s|2,1.0,0.1,0.25493466031416073,0.1,,0.2527402013974586,0.27625226121926644,0.0,True,homoscedastic,rbf
3,dinov2_b|2,1.0,0.1,0.24255493280087256,0.1,,0.2409745196691407,0.2579075175091247,0.0,True,homoscedastic,rbf
3,mae_b16|2,1.0,0.1,0.17074056598479354,0.1,,0.16948847692967337,0.18290371680596082,0.0,True,homoscedastic,rbf
3,vit_sup_b16|2,1.0,0.1,0.24903186895368506,0.1,,0.24074647477649566,0.3295185552463819,0.0,True,homoscedastic,rbf
3,clip_b16|2,1.0,0.25,0.1605512558174817,0.1,,0.15770606355732325,0.1881902663447351,-0.018103713637296348,True,homoscedastic,rbf
3,convnext_s|2,1.0,0.25,0.1990557634771213,0.1,,0.19730750940372288,0.21603880304727724,-0.01612231641162254,True,homoscedastic,rbf
3,dinov2_b|2,1.0,0.25,0.1900246980591016,0.1,,0.18731361250825285,0.2163609576959183,-0.015489367181609093,True,homoscedastic,rbf
3,mae_b16|2,1.0,0.25,0.1271622082583359,0.1,,0.12599936498312436,0.13845840007467655,-0.017299459438362974,True,homoscedastic,rbf
3,vit_sup_b16|2,1.0,0.25,0.19921416196305086,0.1,,0.19120292195818403,0.27703763629604294,-0.017337648723288912,True,homoscedastic,rbf
3,clip_b16|2,1.0,1.0,0.100052857915291,0.1,,0.09723588045718223,0.12741778179406202,-0.02549373892021012,True,homoscedastic,rbf
3,convnext_s|2,1.0,1.0,0.12732297360199182,0.1,,0.1255021169406899,0.1450112954546389,-0.02344818171864471,True,homoscedastic,rbf
3,dinov2_b|2,1.0,1.0,0.11932720324684448,0.1,,0.1170242712244382,0.1416985428930771,-0.020276231442733383,True,homoscedastic,rbf
3,mae_b16|2,1.0,1.0,0.07745342413271336,0.1,,0.07674936394747361,0.08429286593218512,-0.024459611342095955,True,homoscedastic,rbf
3,vit_sup_b16|2,1.0,1.0,0.13025186517976922,0.1,,0.12345092829411557,0.19631810921183318,-0.030877759152369344,True,homoscedastic,rbf
3,clip_b16|2,10.0,0.1,1.8643264559025434,0.1,,1.8368196058211457,2.1315358566932647,0.0,True,homoscedastic,rbf
3,convnext_s|2,10.0,0.1,2.3618289727981674,0.1,,2.3370805735053857,2.6022419944994746,0.0,True,homoscedastic,rbf
3,dinov2_b|2,10.0,0.1,2.2232228100587896,0.1,,2.205238746878382,2.3979251380970363,0.0,True,homoscedastic,rbf
3,mae_b16|2,10.0,0.1,1.4698987290248218,0.1,,1.459571789636714,1.5702175687950117,0.0,True,homoscedastic,rbf
3,vit_sup_b16|2,10.0,0.1,2.3048459792205587,0.1,,2.2219803266733225,3.1098266039651405,0.0,True,homoscedastic,rbf
3,clip_b16|2,10.0,0.25,1.3681281557112261,0.1,,1.342812525214616,1.6140514233925845,-0.14144274388152667,True,homoscedastic,rbf
3,convnext_s|2,10.0,0.25,1.7559339716455225,0.1,,1.7395428523279841,1.9151619878730413,-0.11443558176373259,True,homoscedastic,rbf
3,dinov2_b|2,10.0,0.25,1.6600519709820292,0.1,,1.634624391454977,1.9070627435305332,-0.15969868178182622,True,homoscedastic,rbf
3,mae_b16|2,10.0,0.25,1.0344624140206033,0.1,,1.0241483090521388,1.1346565765714012,-0.1707902006982458,True,homoscedastic,rbf
3,vit_sup_b16|2,10.0,0.25,1.7718098376733822,0.1,,1.6949845139387454,2.51811298252414,-0.1534358554775359,True,homoscedastic,rbf
3,clip_b16|2,10.0,1.0,0.7630273539869641,0.1,,0.7388197131055838,0.9981872939775156,-0.2229475781160115,True,homoscedastic,rbf
3,convnext_s|2,10.0,1.0,1.0125994176069635,0.1,,0.9981799125421806,1.1526746096648535,-0.2046117732824868,True,homoscedastic,rbf
3,dinov2_b|2,10.0,1.0,0.9341025409839906,0.1,,0.9158134064255854,1.1117684195513546,-0.15276371554769774,True,homoscedastic,rbf
3,mae_b16|2,10.0,1.0,0.561773664478841,0.1,,0.5557946412817365,0.6198556041078557,-0.21094884948329629,True,homoscedastic,rbf
3,vit_sup_b16|2,10.0,1.0,1.0423747718251593,0.1,,0.9825050955606308,1.6239659126805779,-0.2786666900262329,True,homoscedastic,rbf
4,clip_b16|2,0.1,0.1,0.03536675623434561,0.517,0.47514986160961636,0.035227043957008417,0.0367239612141927,0.0,True,heteroscedastic,rbf
4,convnext_s|2,0.1,0.1,0.03771072120030391,0.517,0.0967358265137882,0.03791156923457065,0.03575962601028415,0.0,True,heteroscedastic,rbf
4,dinov2_b|2,0.1,0.1,0.037444283135490315,0.517,0.11722923320791206,0.03754210282346475,0.036494034738024435,0.0,True,heteroscedastic,rbf
4,mae_b16|2,0.1,0.1,0.031613092296761236,0.517,0.15350758027472272,0.03127702594258781,0.0348777368801602,0.0,True,heteroscedastic,rbf
4,vit_sup_b16|2,0.1,0.1,0.037618998145794225,0.517,0.19258399134402673,0.037108507682408476,0.04257804836154146,0.0,True,heteroscedastic,rbf
4,clip_b16|2,0.1,0.25,0.028992004811365824,0.517,0.5423998826350606,0.028852577327132395,0.03034644322963342,-0.0032846428659266264,True,heteroscedastic,rbf
4,convnext_s|2,0.1,0.25,0.03206924689801524,0.517,0.27812756184784143,0.03202420695109559,0.032506777810949,-0.0023503307583543354,True,heteroscedastic,rbf
4,dinov2_b|2,0.1,0.25,0.03135617518503153,0.517,0.28515166734375585,0.03130924660028715,0.031812052865405525,-0.0022603364523858527,True,heteroscedastic,rbf
4,mae_b16|2,0.1,0.25,0.023625289132909653,0.517,0.2777030279991873,0.023528203007098493,0.0245684114979323,-0.003359809499893715,True,heteroscedastic,rbf
4,vit_sup_b16|2,0.1,0.25,0.031808791361437536,0.517,0.3558172561515541,0.031142248855485243,0.038283775704974196,-0.002308367038917916,True,heteroscedastic,rbf
4,clip_b16|2,0.1,1.0,0.021199617258379544,0.517,0.47157991788229714,0.02094555166876564,0.02366768298605747,-0.004029767137761653,True,heteroscedastic,rbf
4,convnext_s|2,0.1,1.0,0.024782656395073092,0.517,0.20532000680365176,0.024531521397936625,0.02722225351011303,-0.0036192244078322167,True,heteroscedastic,rbf
4,dinov2_b|2,0.1,1.0,0.023730900873332326,0.517,0.21905946590555028,0.023569571834118317,0.025298097254268386,-0.004087620893881455,True,heteroscedastic,rbf
4,mae_b16|2,0.1,1.0,0.016160165407207217,0.517,0.31303582240308636,0.016096992948157297,0.016773840723692143,-0.0038212703861257857,True,heteroscedastic,rbf
4,vit_sup_b16|2,0.1,1.0,0.024471654569540906,0.517,0.30130325058573487,0.02367362334681945,0.032223957875977906,-0.0033786623488814282,True,heteroscedastic,rbf
4,clip_b16|2,1.0,0.1,0.25285566237768675,0.517,0.253871241495192,0.2499003035040466,0.2815648628644773,0.0,True,heteroscedastic,rbf
4,convnext_s|2,1.0,0.1,0.2911121812635071,0.517,-0.07091644971836657,0.2895973397128856,0.3058277848981155,0.0,True,heteroscedastic,rbf
4,dinov2_b|2,1.0,0.1,0.2821998536262211,0.517,-0.1406364858632532,0.28099643865865387,0.29389017045401644,0.0,True,heteroscedastic,rbf
4,mae_b16|2,1.0,0.1,0.20554539248969203,0.517,0.17911469014581724,0.20316994308807476,0.228621186676831,0.0,True,heteroscedastic,rbf
4,vit_sup_b16|2,1.0,0.1,0.28552213027345574,0.517,0.007680203262016298,0.27770200781884935,0.3614890341182034,0.0,True,heteroscedastic,rbf
4,clip_b16|2,1.0,0.25,0.19755747225031914,0.517,0.37245126422154906,0.19459049788467708,0.22637950894512734,-0.022848750006826735,True,heteroscedastic,rbf
4,convnext_s|2,1.0,0.25,0.2365890174813944,0.517,0.0591259869216531,0.23309857488181135,0.2704961741630581,-0.023640367023318953,True,heteroscedastic,rbf
4,dinov2_b|2,1.0,0.25,0.22472085185315877,0.517,0.023445846641582415,0.22192163860641598,0.2519132091072317,-0.020169579186562148,True,heteroscedastic,rbf
4,mae_b16|2,1.0,0.25,0.1500038505156381,0.517,0.2960737654500403,0.1492363696518053,0.1574593789071566,-0.01014653607792615,True,heteroscedastic,rbf
4,vit_sup_b16|2,1.0,0.25,0.23203622890381723,0.517,0.16518226111271234,0.2233343139065456,0.31656911744874155,-0.012684780790087724,True,heteroscedastic,rbf
4,clip_b16|2,1.0,1.0,0.1289124125892109,0.517,0.33752370667318354,0.12620891103623233,0.15517499910385996,-0.03336394681778598,True,heteroscedastic,rbf
4,convnext_s|2,1.0,1.0,0.1609974503658603,0.517,0.026803523444574467,0.15806088499544976,0.18952408539270568,-0.03423249026850572,True,heteroscedastic,rbf
4,dinov2_b|2,1.0,1.0,0.15054972170980502,0.517,0.01723221485673506,0.14818911415685604,0.1734813379384521,-0.0365836423168171,True,heteroscedastic,rbf
4,mae_b16|2,1.0,1.0,0.093883326511739,0.517,0.28202555445821154,0.09337283060269502,0.09884242962816629,-0.024368290591094466,True,heteroscedastic,rbf
4,vit_sup_b16|2,1.0,1.0,0.15958313281468103,0.517,0.14383978672128012,0.15190876348641513,0.23413414914640726,-0.03291773923520114,True,heteroscedastic,rbf
4,clip_b16|2,10.0,0.1,2.038096944332428,0.517,-0.0564051108916423,1.9987438026989162,2.420384605915117,0.0,True,heteroscedastic,rbf
4,convnext_s|2,10.0,0.1,2.4612959637475424,0.517,-0.29381601725492495,2.4297288321411106,2.767948099352882,0.0,True,heteroscedastic,rbf
4,dinov2_b|2,10.0,0.1,2.3595878325253192,0.517,-0.4069928819075018,2.3376897939270758,2.5723116360511145,0.0,True,heteroscedastic,rbf
4,mae_b16|2,10.0,0.1,1.550416076102288,0.517,0.0851962246276431,1.531816500550299,1.7310976671787517,0.0,True,heteroscedastic,rbf
4,vit_sup_b16|2,10.0,0.1,2.4026972643063877,0.517,-0.2327217370349662,2.3181879031059514,3.223645344539196,0.0,True,heteroscedastic,rbf
4,clip_b16|2,10.0,0.25,1.5157476105155112,0.517,0.11342772556314522,1.4811398647617633,1.8519371406947744,-0.15629820045959875,True,heteroscedastic,rbf
4,convnext_s|2,10.0,0.25,1.901364488031088,0.517,-0.1771463968475116,1.8589035399883187,2.3138422690179916,-0.15730815115290753,True,heteroscedastic,rbf
4,dinov2_b|2,10.0,0.25,1.7829120837371624,0.517,-0.2570552453600982,1.7505869264137521,2.09692789773601,-0.11194642789706144,True,heteroscedastic,rbf
4,mae_b16|2,10.0,0.25,1.0940392542506,0.517,0.17697272390942578,1.0855015347867123,1.1769771004712244,-0.09516439393435938,True,heteroscedastic,rbf
4,vit_sup_b16|2,10.0,0.25,1.8697137719961032,0.517,-0.07489163030121922,1.7836178973116628,2.7060736975020947,-0.1305999902598689,True,heteroscedastic,rbf
4,clip_b16|2,10.0,1.0,0.8881686695843365,0.517,0.13056345545427706,0.8645897993394377,1.1172205519633531,-0.3146218029763457,True,heteroscedastic,rbf
4,convnext_s|2,10.0,1.0,1.1520796068968844,0.517,-0.16975564848230493,1.1302491840826447,1.3641465713780723,-0.27398163040354184,True,heteroscedastic,rbf
4,dinov2_b|2,10.0,1.0,1.068904241547232,0.517,-0.21315458601063322,1.0497614844082774,1.254862453754219,-0.31362009401725466,True,heteroscedastic,rbf
4,mae_b16|2,10.0,1.0,0.6223695346369958,0.517,0.15097967417591837,0.6170930566557438,0.6736267493120158,-0.18207399491937792,True,heteroscedastic,rbf
4,vit_sup_b16|2,10.0,1.0,1.142481640278637,0.517,-0.07695640856512813,1.0787645379314086,1.7614477773659993,-0.3188179956492476,True,heteroscedastic,rbf
4,clip_b16|2,0.1,0.1,0.028645245003575227,0.1,,0.02828233413987523,0.032170664822375176,0.0,True,homoscedastic,rbf
4,convnext_s|2,0.1,0.1,0.03245541884185827,0.1,,0.032451685083913384,0.032491689633322975,0.0,True,homoscedastic,rbf
4,dinov2_b|2,0.1,0.1,0.0314627132173915,0.1,,0.03141945530076298,0.031882932978925596,0.0,True,homoscedastic,rbf
4,mae_b16|2,0.1,0.1,0.024762178482030744,0.1,,0.024484425381272067,0.02746035146082933,0.0,True,homoscedastic,rbf
4,vit_sup_b16|2,0.1,0.1,0.03176774089543504,0.1,,0.031107726409604915,0.0381793101863563,0.0,True,homoscedastic,rbf
4,clip_b16|2,0.1,0.25,0.0233882211353445,0.1,,0.023024697011080147,0.026919598342483957,-0.0020462111127411975,True,homoscedastic,rbf
4,convnext_s|2,0.1,0.25,0.027171713677880273,0.1,,0.026924344507855344,0.02957472847240817,-0.0019051616785416767,True,homoscedastic,rbf
4,dinov2_b|2,0.1,0.25,0.026124532276360947,0.1,,0.025912801718448276,0.028181343410369757,-0.001785668332467072,True,homoscedastic,rbf
4,mae_b16|2,0.1,0.25,0.01915254501022572,0.1,,0.019014623415286338,0.020492354789636825,-0.002420936256022632,True,homoscedastic,rbf
4,vit_sup_b16|2,0.1,0.25,0.02654811176410504,0.1,,0.025731765359752603,0.034478333977814406,-0.0016822855885303967,True,homoscedastic,rbf
4,clip_b16|2,0.1,1.0,0.01664210970644635,0.1,,0.01630639121474807,0.019903375054372504,-0.0033782683065829155,True,homoscedastic,rbf
4,convnext_s|2,0.1,1.0,0.02006419952926386,0.1,,0.01976387330718103,0.022981654258068505,-0.003949521771716175,True,homoscedastic,rbf
4,dinov2_b|2,0.1,1.0,0.019062379570291967,0.1,,0.018817072196391844,0.021445365488178887,-0.003541123696392187,True,homoscedastic,rbf
4,mae_b16|2,0.1,1.0,0.012882839842424068,0.1,,0.012785544464747852,0.013827994939850164,-0.0033006644811517383,True,homoscedastic,rbf
4,vit_sup_b16|2,0.1,1.0,0.019741458561712208,0.1,,0.018917287845620277,0.027747688375176664,-0.0036846874498093624,True,homoscedastic,rbf
4,clip_b16|2,1.0,0.1,0.21217769907545314,0.1,,0.208073497055423,0.252047090127174,0.0,True,homoscedastic,rbf
4,convnext_s|2,1.0,0.1,0.25458203291855114,0.1,,0.2517966124713355,0.28164040297721743,0.0,True,homoscedastic,rbf
4,dinov2_b|2,1.0,0.1,0.2436401615856867,0.1,,0.24164866628045995,0.26298611597931787,0.0,True,homoscedastic,rbf
4,mae_b16|2,1.0,0.1,0.16483271195645458,0.1,,0.16291758074259247,0.18343684374825805,0.0,True,homoscedastic,rbf
4,vit_sup_b16|2,1.0,0.1,0.2481299659067398,0.1,,0.2400063559310645,0.3270450342418713,0.0,True,homoscedastic,rbf
4,clip_b16|2,1.0,0.25,0.16241933134822126,0.1,,0.15873793466065034,0.1981814705989102,-0.01412713941624022,True,homoscedastic,rbf
4,convnext_s|2,1.0,0.25,0.20034792286954103,0.1,,0.19623140133710476,0.24033698918463603,-0.013941508614689346,True,homoscedastic,rbf
4,dinov2_b|2,1.0,0.25,0.18828532632255618,0.1,,0.18516028115527264,0.21864290794759603,-0.009879392653258767,True,homoscedastic,rbf
4,mae_b16|2,1.0,0.25,0.12071485796244377,0.1,,0.11969966496579536,0.13057673278702836,-0.011402783509650183,True,homoscedastic,rbf
4,vit_sup_b16|2,1.0,0.25,0.196686930430323,0.1,,0.18811801540164078,0.27992781928037896,-0.012271855347204097,True,homoscedastic,rbf
4,clip_b16|2,1.0,1.0,0.10087776519569971,0.1,,0.09834864588598884,0.12544635277574817,-0.030124302147608528,True,homoscedastic,rbf
4,convnext_s|2,1.0,1.0,0.12751018823456928,0.1,,0.1252973602750196,0.14900623127019472,-0.028981595434074525,True,homoscedastic,rbf
4,dinov2_b|2,1.0,1.0,0.11896274151926015,0.1,,0.11703637302293375,0.13767603548357354,-0.03160843194587093,True,homoscedastic,rbf
4,mae_b16|2,1.0,1.0,0.07352381465570682,0.1,,0.07285213765840136,0.08004867691524566,-0.022124608041440452,True,homoscedastic,rbf
4,vit_sup_b16|2,1.0,1.0,0.12662228098503314,0.1,,0.12000469084371736,0.19090744235781523,-0.031768488295689234,True,homoscedastic,rbf
4,clip_b16|2,10.0,0.1,1.911489746673361,0.1,,1.8706780112540506,2.3079466050323796,0.0,True,homoscedastic,rbf
4,convnext_s|2,10.0,0.1,2.342052163336791,0.1,,2.3085884013111504,2.6671287087287303,0.0,True,homoscedastic,rbf
4,dinov2_b|2,10.0,0.1,2.235067264467645,0.1,,2.212607548253423,2.453247364834373,0.0,True,homoscedastic,rbf
4,mae_b16|2,10.0,0.1,1.4072339372030436,0.1,,1.3903126914932709,1.5716117526694064,0.0,True,homoscedastic,rbf
4,vit_sup_b16|2,10.0,0.1,2.2912832776901357,0.1,,2.2078213821854393,3.102055976878617,0.0,True,homoscedastic,rbf
4,clip_b16|2,10.0,0.25,1.3878743251445318,0.1,,1.3532888557317373,1.723847456583108,-0.15693575501039447,True,homoscedastic,rbf
4,convnext_s|2,10.0,0.25,1.765577050485017,0.1,,1.7240007337626437,2.16946127007379,-0.15813994677028553,True,homoscedastic,rbf
4,dinov2_b|2,10.0,0.25,1.6458852301973017,0.1,,1.6156842569515866,1.9392661131556774,-0.1027357152737629,True,homoscedastic,rbf
4,mae_b16|2,10.0,0.25,0.972136670508286,0.1,,0.9629723176719338,1.061161812347137,-0.10150253341238624,True,homoscedastic,rbf
4,vit_sup_b16|2,10.0,0.25,1.745452214996476,0.1,,1.662566598396368,2.55062677625467,-0.1164858528084789,True,homoscedastic,rbf
4,clip_b16|2,10.0,1.0,0.7715019047562367,0.1,,0.7495272300830721,0.9849701730098358,-0.3007039106753684,True,homoscedastic,rbf
4,convnext_s|2,10.0,1.0,1.0115812097291574,0.1,,0.9934905838740468,1.1873187180359486,-0.2501409940584338,True,homoscedastic,rbf
4,dinov2_b|2,10.0,1.0,0.9303265027371507,0.1,,0.9153476893585908,1.0758349755574474,-0.24704892620482077,True,homoscedastic,rbf
4,mae_b16|2,10.0,1.0,0.5262960353743484,0.1,,0.5208744870545159,0.5789625047670066,-0.17899809605619055,True,homoscedastic,rbf
4,vit_sup_b16|2,10.0,1.0,1.004804091994862,0.1,,0.9474322260715101,1.5621307895359955,-0.2966649632559015,True,homoscedastic,rbf
